/*--------------------------------*- C++ -*----------------------------------*\
  =========                 |
  \      /  F ield         | OpenFOAM: The Open Source CFD Toolbox
   \    /   O peration     | Website:  https://openfoam.org
    \  /    A nd           | Version:  9
     \/     M anipulation  |
\*---------------------------------------------------------------------------*/
FoamFile
{
    version     2.0;
    format      ascii;
    class       volScalarField;
    location    "0";
    object      p;
}
// * * * * * * * * * * * * * * * * * * * * * * * * * * * * * * * * * * * * * //

dimensions      [0 2 -2 0 0 0 0];

internalField   nonuniform List<scalar>
7180
(
-0.3486466498
-0.3492535455
-0.3500165416
-0.3507711419
-0.3515167492
-0.3522618384
-0.3530004645
-0.3537242831
-0.3544308975
-0.3551272632
-0.3558318983
-0.3565761167
-0.3574029285
-0.3583623037
-0.3595025234
-0.3608590064
-0.3624412576
-0.3642231896
-0.3661410929
-0.3680836652
-0.3698213227
-0.3709468208
-0.3713775702
-0.3552848737
-0.3559767109
-0.356849101
-0.3577169776
-0.3585827867
-0.3594603251
-0.3603480756
-0.3612427039
-0.3621483224
-0.3630773762
-0.3640524801
-0.3651043973
-0.3662671379
-0.3675692221
-0.3690204003
-0.3705913297
-0.3721769911
-0.3735610163
-0.3743698746
-0.3740202894
-0.3715477766
-0.365192218
-0.3528282256
-0.367416299
-0.3680224601
-0.3687929272
-0.369570262
-0.3703605152
-0.3711808249
-0.3720365565
-0.3729330312
-0.373882396
-0.3749067982
-0.3760357962
-0.3773024675
-0.3787344294
-0.3803432969
-0.3821054827
-0.3839561976
-0.385669997
-0.3868585002
-0.3868434321
-0.3845795535
-0.378612581
-0.3667042395
-0.3401920626
-0.3835047302
-0.3838942871
-0.3843979985
-0.384920795
-0.3854710824
-0.3860656383
-0.3867160076
-0.3874365463
-0.3882493598
-0.3891849444
-0.3902803236
-0.391575094
-0.3931035106
-0.3948740158
-0.3968354801
-0.398823277
-0.4005672845
-0.4015571289
-0.400828909
-0.3968108028
-0.3873107597
-0.3756157112
-0.3325828659
-0.4007917709
-0.4009194013
-0.4010933591
-0.4012879622
-0.4015103594
-0.4017724885
-0.4020881059
-0.4024765482
-0.4029652506
-0.4035900279
-0.4043926791
-0.4054146853
-0.4066852266
-0.4082015195
-0.4098999091
-0.4115970601
-0.4129299605
-0.4132245948
-0.41139971
-0.4058081748
-0.3938589397
-0.3786027963
-0.3323389259
-0.4168696727
-0.4167739082
-0.4166558517
-0.4165410763
-0.416430395
-0.4163259129
-0.4162366006
-0.4161787808
-0.4161771361
-0.4162653944
-0.4164844485
-0.4168757134
-0.4174674129
-0.4182494204
-0.4191287985
-0.4198860389
-0.4200696527
-0.4188913312
-0.4151200607
-0.4071229585
-0.3920214706
-0.3725869395
-0.3297173784
-0.431382102
-0.4311322335
-0.4307998625
-0.4304339639
-0.430023583
-0.4295566183
-0.4290302315
-0.4284495974
-0.4278287126
-0.427192352
-0.426575319
-0.4260144864
-0.4255349212
-0.4251217859
-0.4246724764
-0.4239057071
-0.4222813554
-0.4188922104
-0.4124243382
-0.4011752172
-0.3833919995
-0.3586476073
-0.3208206295
-0.4458198224
-0.4454466636
-0.4449309878
-0.4443333571
-0.4436294724
-0.4427917893
-0.4418035307
-0.4406563608
-0.4393508855
-0.4378995316
-0.43632619
-0.4346602104
-0.4329142219
-0.4310442928
-0.4288898417
-0.4260859657
-0.421975791
-0.4155620563
-0.4055988239
-0.3905888669
-0.3699785634
-0.3417420307
-0.3099211198
-0.4624386037
-0.4618855931
-0.4611183349
-0.4602229864
-0.4591617017
-0.4578914068
-0.4563829481
-0.4546162239
-0.4525795872
-0.4502710299
-0.4476961915
-0.4448562366
-0.441719486
-0.4381714652
-0.4339445772
-0.4285446231
-0.4212159601
-0.411004662
-0.3969179042
-0.378297239
-0.354837951
-0.3270598957
-0.2974345614
-0.4802645917
-0.4794725221
-0.4783847566
-0.4771359159
-0.4756780111
-0.4739545906
-0.4719277173
-0.469568474
-0.4668524446
-0.4637580368
-0.4602589616
-0.4563042531
-0.4517808873
-0.4464589713
-0.4399329852
-0.4315944691
-0.420686825
-0.4064637607
-0.3884422289
-0.3665077433
-0.3412173325
-0.3131347247
-0.283947658
-0.4988548704
-0.4977878074
-0.4963399108
-0.4947074545
-0.4928335302
-0.4906488938
-0.488107748
-0.4851717221
-0.4817996446
-0.4779403925
-0.4735179598
-0.4684028532
-0.462369599
-0.4550508892
-0.4459174066
-0.4343276299
-0.4196745722
-0.4015926468
-0.3801035343
-0.3556400243
-0.3288978169
-0.3005660806
-0.2719340855
-0.5171364247
-0.5157895271
-0.5139802405
-0.5119721191
-0.5096998678
-0.5070808421
-0.5040594352
-0.5005831337
-0.496585171
-0.4919707614
-0.4865947771
-0.48022788
-0.4725190758
-0.4629781783
-0.4510170125
-0.436079634
-0.4178349914
-0.3963299553
-0.3720071282
-0.3455553589
-0.3177622499
-0.2892282837
-0.2608446217
-0.5342703111
-0.5326621802
-0.5305192383
-0.528169931
-0.5255396523
-0.5225307188
-0.5190739506
-0.5150959369
-0.5104940312
-0.505116185
-0.4987335948
-0.4910083359
-0.4814738813
-0.4695618477
-0.4547093567
-0.4365413815
-0.4150484736
-0.390647123
-0.3640667213
-0.3361285121
-0.3075504649
-0.2788153053
-0.2506615099
-0.5496861582
-0.5478477262
-0.5454135749
-0.5427704863
-0.5398328105
-0.536485699
-0.5326419057
-0.5281999222
-0.5230117394
-0.5168579252
-0.5094194669
-0.5002550066
-0.4888101489
-0.4744945898
-0.4568431203
-0.4357138443
-0.4114140835
-0.384653128
-0.3563257807
-0.3272601678
-0.298091333
-0.2692314853
-0.2412431173
-0.5631066595
-0.5610729494
-0.5583944807
-0.5555079359
-0.5523141998
-0.5486789733
-0.5444926821
-0.5396196378
-0.5338598474
-0.5269219173
-0.5183988299
-0.5077616417
-0.4944033006
-0.4777629136
-0.4575209974
-0.4337844098
-0.4071384232
-0.3784961793
-0.3488228103
-0.3189133599
-0.2893199425
-0.2603838086
-0.2325762801
-0.5744899605
-0.5722938661
-0.5694149219
-0.5663297486
-0.562923342
-0.5590408275
-0.5545478328
-0.5492710002
-0.5429555935
-0.5352390505
-0.5256347788
-0.5135466374
-0.4983480621
-0.4795451658
-0.4569876846
-0.4310200722
-0.4024519963
-0.3723260249
-0.341623435
-0.311085245
-0.2811903686
-0.2522392629
-0.224612499
-0.5839028637
-0.5815744659
-0.5785336997
-0.5752927671
-0.5717178954
-0.5676316094
-0.5628723617
-0.5572268768
-0.5503853688
-0.5419181765
-0.5312703421
-0.5177986398
-0.5008836555
-0.4801222396
-0.4555391551
-0.4276919678
-0.3975633983
-0.3662716123
-0.3347830226
-0.3037821604
-0.2736878874
-0.2447679563
-0.2173339098
-0.5917107064
-0.5892706725
-0.5860992618
-0.5827322711
-0.5790155539
-0.5747498498
-0.5697463949
-0.5637521447
-0.5564044643
-0.5472127564
-0.5355656614
-0.5207910062
-0.5022971584
-0.4797855428
-0.4534509201
-0.4240338415
-0.3926446891
-0.3604390886
-0.3283530826
-0.2970171926
-0.2668008404
-0.2379515228
-0.2107017573
-0.5983609769
-0.5958440459
-0.5925767621
-0.5891115261
-0.5852787998
-0.5808564484
-0.575625639
-0.5692921242
-0.5614410679
-0.5515248994
-0.5388850612
-0.5228355515
-0.5028303579
-0.4786876626
-0.4507683812
-0.4199726272
-0.3875060325
-0.3545379752
-0.321967186
-0.2903743761
-0.2600887923
-0.231341353
-0.2042782665
-0.6042255865
-0.6016419991
-0.5982905488
-0.5947386036
-0.5908002205
-0.5862271429
-0.5807661551
-0.5740778011
-0.5656927038
-0.5550077322
-0.5413247695
-0.5239589069
-0.5024289186
-0.4766848231
-0.4472547279
-0.4151823387
-0.3817449029
-0.3481081766
-0.3151283042
-0.2833385862
-0.2530338538
-0.2244279584
-0.1975828514
-0.6092907236
-0.606651873
-0.6032317843
-0.5996056054
-0.5955689394
-0.5908453971
-0.5851444415
-0.5780785641
-0.5691228163
-0.5576215338
-0.5428462457
-0.5241286742
-0.5010701881
-0.4737643133
-0.4429037498
-0.4096587249
-0.3753566288
-0.3411452056
-0.30783405
-0.2759112514
-0.2456417968
-0.2172196334
-0.1906324438
-0.6133908071
-0.61071142
-0.6072397918
-0.6035547099
-0.5994309822
-0.5945610666
-0.5886138041
-0.5811513062
-0.5715933616
-0.5592366691
-0.5433332765
-0.5232473615
-0.4986785779
-0.4698713837
-0.4376763071
-0.4033716633
-0.3683154227
-0.3336257947
-0.3000637299
-0.2680750645
-0.2378990361
-0.209706035
-0.1834224289
-0.6163973942
-0.613690373
-0.6101831569
-0.606451411
-0.6022478762
-0.5972324503
-0.5910313399
-0.5831550691
-0.5729695855
-0.5597298058
-0.542679371
-0.5212293273
-0.4951899384
-0.4649597727
-0.4315376306
-0.3962918648
-0.3605942699
-0.3255246812
-0.2917946509
-0.2598108496
-0.2297900097
-0.2018749985
-0.1759451179
-0.6181346167
-0.6154177009
-0.6118937039
-0.6081351461
-0.6038700837
-0.5987218711
-0.5922707231
-0.5839742423
-0.5731465995
-0.5590076415
-0.5408040852
-0.5180076478
-0.4905498376
-0.4589845244
-0.424448299
-0.3883824304
-0.352157859
-0.3168089136
-0.2829976559
-0.2510937543
-0.2212922135
-0.193707101
-0.1681875112
-0.6187370039
-0.6160171042
-0.6124883835
-0.6087072724
-0.6043764056
-0.5990826646
-0.5923596277
-0.5836126685
-0.5721080704
-0.55703906
-0.5376684173
-0.5135429988
-0.4847251194
-0.4519220606
-0.4163939647
-0.3796357737
-0.3430032167
-0.3074796353
-0.2736783224
-0.241933138
-0.2124136179
-0.1852099619
-0.1601681931
-0.6177496683
-0.6150625728
-0.6115620043
-0.6077786574
-0.6033937262
-0.5979539564
-0.5909408709
-0.5817053155
-0.5694682877
-0.5534054397
-0.5328114295
-0.507327313
-0.4771606565
-0.4431740117
-0.4067392945
-0.3693878323
-0.332447537
-0.2968459894
-0.2631472549
-0.2316513704
-0.2024948589
-0.1757492431
-0.1513056664
-0.6141499527
-0.6115212541
-0.6080791423
-0.6043221655
-0.5999027884
-0.5943191638
-0.5869922492
-0.5772128536
-0.5641579722
-0.5469968828
-0.5250775348
-0.4981618596
-0.4666245364
-0.4314905501
-0.3942340017
-0.3564040302
-0.3192849602
-0.2837394478
-0.2502769142
-0.2191716101
-0.1905301172
-0.1643730905
-0.1407626757
-0.6068930272
-0.6043543503
-0.6010103401
-0.5973075469
-0.5928613047
-0.5871158881
-0.5794269305
-0.5690239596
-0.5550467907
-0.5366762166
-0.5133411188
-0.4849541708
-0.4520773905
-0.4158995083
-0.3779794577
-0.339858051
-0.3027556846
-0.2674634211
-0.2344327011
-0.2039143016
-0.1760482815
-0.1506467521
-0.1282329047
-0.5940365067
-0.5916364272
-0.5884470508
-0.5848448769
-0.5803993905
-0.5744943644
-0.5664158001
-0.5553340754
-0.5403647602
-0.5207253337
-0.4959586875
-0.4661584114
-0.4320880765
-0.3950911374
-0.3567829997
-0.318662463
-0.2818641417
-0.2471138455
-0.2148466403
-0.1851966611
-0.1585046809
-0.13429335
-0.1130816018
-0.5730012107
-0.5708026417
-0.5678423098
-0.5644017996
-0.5599974771
-0.55394969
-0.5454757456
-0.5336961724
-0.5177236039
-0.4968446141
-0.4707519102
-0.4397454324
-0.4047921807
-0.367365766
-0.3290971439
-0.2914131905
-0.2553605518
-0.2215768871
-0.1906300324
-0.1623326472
-0.137001081
-0.1144243481
-0.09485805026
-0.5402654936
-0.5383482891
-0.5357119513
-0.5325152287
-0.5282172028
-0.522077074
-0.5132516187
-0.5008299933
-0.4839526569
-0.462014138
-0.4348922334
-0.4031076441
-0.3678121641
-0.3305671407
-0.2929706456
-0.25636943
-0.2218053588
-0.1896793634
-0.1604262682
-0.134062922
-0.110653618
-0.09019628829
-0.07278464149
-0.4913317686
-0.4897921383
-0.4875961408
-0.4847492173
-0.480654819
-0.4745224553
-0.4654679065
-0.4525798088
-0.4350673203
-0.4124747797
-0.3848899351
-0.3530450115
-0.318245773
-0.282088517
-0.2461184688
-0.2115609315
-0.1792416421
-0.1495917783
-0.1228571447
-0.09911677975
-0.07836804629
-0.0606412569
-0.04589688147
-0.4207338706
-0.4196804165
-0.4180595711
-0.4156986981
-0.4119581556
-0.4060223373
-0.3969991302
-0.3840184941
-0.3664046699
-0.3438851293
-0.3167421005
-0.2858480668
-0.2527604959
-0.2189639716
-0.1858641845
-0.154531629
-0.1256355367
-0.09953527534
-0.07638950899
-0.05623956495
-0.03905516284
-0.02478670805
-0.01317536585
-0.3230232365
-0.3225719442
-0.3216762781
-0.3199613331
-0.3167678381
-0.3112959165
-0.3026906804
-0.2901556981
-0.2731989523
-0.2517452099
-0.2263045647
-0.1979486226
-0.1681143464
-0.1382620586
-0.1096186884
-0.08305078215
-0.05907184266
-0.03793631345
-0.01973155618
-0.004438952563
0.008058293293
0.0180209219
0.02600691252
-0.1924606685
-0.1926900579
-0.1926336693
-0.1917371772
-0.1893677551
-0.1847933147
-0.1772602764
-0.1661398893
-0.1511078143
-0.1323016851
-0.1103895054
-0.08648839648
-0.06193572164
-0.03800778489
-0.01571228482
0.004287412797
0.02162702234
0.03614984082
0.04783207415
0.0567666988
0.06324159841
0.06783031669
0.07118057004
-0.0411896782
-0.04215179422
-0.04302743903
-0.04309847044
-0.04180449234
-0.03853991095
-0.03270543305
-0.02385872685
-0.01187254142
0.002952767692
0.01987571001
0.03783097782
0.05564950853
0.07228813617
0.08697530727
0.09923988474
0.1088528016
0.1157462111
0.1199618507
0.1216804283
0.1213510751
0.1196742059
0.1167346161
0.1103515094
0.1086798786
0.1068847609
0.1058237578
0.1059542353
0.1077253601
0.1115628631
0.117724497
0.1261688212
0.1364866911
0.1479274704
0.1595294989
0.1703148308
0.1794672561
0.1864292843
0.1909023693
0.1927884621
0.1921249642
0.1890565512
0.183879122
0.1771016825
0.1692105502
0.159803114
0.2559367409
0.2536486821
0.2510275907
0.2490140621
0.2479403489
0.2480874538
0.2497078988
0.2528949855
0.2574805486
0.263002679
0.2687556411
0.2739158134
0.2777015695
0.279504756
0.2789501251
0.2758821175
0.2703149468
0.2623857835
0.2523420969
0.2405768472
0.2276347434
0.2139474919
0.1991811817
0.3855740713
0.3827549801
0.379408178
0.3765291771
0.3743239553
0.3729125422
0.3723900532
0.3727127535
0.373622583
0.37464241
0.3751372928
0.3744258351
0.37190441
0.367139544
0.3599015332
0.3501471429
0.3379804152
0.3236188933
0.3073831973
0.2897111027
0.2711369525
0.2520939848
0.2325003847
0.4907502238
0.4875199867
0.4835996616
0.4800135229
0.4768561786
0.4741117215
0.4717475964
0.4696165262
0.4674024175
0.4646341986
0.4607503149
0.4551931694
0.4475036556
0.4373843342
0.4247174331
0.409548079
0.3920546588
0.3725233601
0.3513340015
0.3289506838
0.3058814007
0.2825487754
0.2590860512
0.5646838965
0.5611701621
0.5568499426
0.552761662
0.5489179798
0.5452056378
0.5415032334
0.5375950467
0.5331314939
0.5276540179
0.5206589677
0.5116782327
0.5003522947
0.4864744467
0.4700001551
0.4510323614
0.4297991164
0.4066337642
0.3819580329
0.3562579767
0.3300345308
0.3037247211
0.2776361738
0.6024736689
0.5988180199
0.5942961809
0.5899523317
0.5857569768
0.5815475526
0.5771585417
0.5723414155
0.5667321087
0.5598807195
0.55131427
0.5406098612
0.5274570553
0.5116932783
0.4933095542
0.4724369877
0.4493274503
0.4243355692
0.3978998585
0.3705126709
0.3426707231
0.3148267044
0.2873932576
-0.37300645
-0.3760541448
-0.3798100445
-0.382271993
-0.3810429909
-0.3734318811
-0.3541017607
-0.323133342
-0.2835630246
-0.2415046268
-0.2049173272
-0.180988058
-0.1760709048
-0.1906098105
-0.2108305544
-0.2162121683
-0.1952837868
-0.1574588776
-0.1193641824
-0.0941754448
-0.08178457634
-0.07996895041
-0.0939329133
-0.1097609969
-0.1091787066
-0.09469747405
-0.08047277302
-0.07266696073
-0.06682724255
-0.06564296398
-0.06997925395
-0.0812164913
-0.08282234343
-0.0731701383
-0.05895917395
-0.06345099783
-0.07684633309
-0.08045952993
-0.06184342287
-0.06530521083
-0.07682373357
-0.08274455004
-0.08618334423
-0.0944527189
-0.05918668949
-0.04152971807
-0.02652454577
-0.01486941268
-0.009013058817
-0.004831588008
-0.00259808602
-0.0008354865833
-0.3399520676
-0.3277740469
-0.3166630649
-0.305760474
-0.2941977472
-0.2795613732
-0.2643161962
-0.2433413574
-0.2180099069
-0.1933515836
-0.1751856958
-0.1703636669
-0.1848301304
-0.2149297001
-0.2431331589
-0.2466963244
-0.2176861719
-0.1711750633
-0.1259678245
-0.09419109662
-0.07621846526
-0.0692620754
-0.07640604574
-0.08699943304
-0.0880395653
-0.08190978987
-0.07637891573
-0.07279769081
-0.07003083706
-0.07212685226
-0.0762519707
-0.08499207501
-0.08441295665
-0.07361546757
-0.05978844027
-0.06381903027
-0.07758534579
-0.08103413833
-0.05996661004
-0.06233144279
-0.07362173807
-0.08013870557
-0.09137595927
-0.1004211066
-0.05766458911
-0.03794226782
-0.02639302253
-0.01572510692
-0.009019654662
-0.00458473838
-0.002569092941
-0.0008655833385
-0.3160652025
-0.2893634421
-0.2639465857
-0.2393746899
-0.2163804217
-0.1950141807
-0.1756392041
-0.1585465569
-0.1443058754
-0.1350171083
-0.1349382161
-0.1493750524
-0.1815895153
-0.2247862592
-0.2599776269
-0.2638776899
-0.2307670911
-0.1788881122
-0.1292290566
-0.0934017054
-0.07107122975
-0.06027118583
-0.06144939553
-0.06697015149
-0.06838428885
-0.06919238644
-0.07131567552
-0.07233571883
-0.07353122789
-0.07907437603
-0.08245685687
-0.08807499554
-0.08541447163
-0.07363180192
-0.06035244075
-0.06377308973
-0.07794543221
-0.08098989983
-0.05810028407
-0.05906682259
-0.07019819366
-0.07677566247
-0.09587510658
-0.1049487691
-0.05613846213
-0.03415297252
-0.02605874958
-0.0164248528
-0.008989491869
-0.004336435328
-0.002532441779
-0.0008906971473
-0.3047562504
-0.2668203877
-0.2311588666
-0.1960120495
-0.163026602
-0.1337147041
-0.1091469127
-0.09208108403
-0.08256617398
-0.08279628841
-0.09535747089
-0.1232022343
-0.1672446913
-0.2191662398
-0.260051648
-0.2668876359
-0.2346534092
-0.1818666307
-0.1304048178
-0.09252845694
-0.06715228751
-0.05339918279
-0.050394389
-0.05207396398
-0.05263514345
-0.05786822598
-0.06572677747
-0.07077437093
-0.07644519688
-0.08566880465
-0.08806995173
-0.09030364328
-0.08571395218
-0.07324520574
-0.06070342856
-0.06321347503
-0.07789735978
-0.0802880506
-0.05634597507
-0.0556807637
-0.06664534489
-0.07282830608
-0.09949483647
-0.1078074025
-0.05475793295
-0.03033332754
-0.02552518438
-0.01693440538
-0.00892636915
-0.004097760886
-0.002488999658
-0.0009094231721
-0.2994569106
-0.2601672999
-0.2185505873
-0.177324363
-0.137972387
-0.1026242833
-0.07356067689
-0.05327893526
-0.04355285043
-0.0468045148
-0.06447507075
-0.09755034365
-0.1456910992
-0.2012285973
-0.2464524488
-0.2577298615
-0.2303513281
-0.1809644075
-0.1304219608
-0.09191281337
-0.06492850853
-0.04854674272
-0.04277275355
-0.04222672558
-0.04170387311
-0.04872896098
-0.0597705995
-0.06820328208
-0.078524413
-0.09108264757
-0.09257053784
-0.09159515634
-0.08523959389
-0.07216119564
-0.06089285637
-0.06220159057
-0.07747112532
-0.07898487001
-0.05485909482
-0.052357094
-0.06306529895
-0.06812672079
-0.1024333235
-0.1088542181
-0.0536004
-0.02662082915
-0.024805567
-0.01722696701
-0.008833841947
-0.00387839104
-0.002439765218
-0.0009206529747
-0.2982905459
-0.2625132871
-0.221777708
-0.1795797018
-0.1379209511
-0.09901789262
-0.06575631208
-0.04134477702
-0.02772833125
-0.02869965838
-0.04506496592
-0.07657389965
-0.1220090646
-0.1749507837
-0.2243365354
-0.2396308199
-0.219125779
-0.1760612683
-0.1291927296
-0.09137471791
-0.06406645375
-0.04568486918
-0.0376800772
-0.03569594094
-0.03513122638
-0.04088935407
-0.05418871797
-0.06332717479
-0.07816629979
-0.09480350805
-0.0960633598
-0.0920979917
-0.08415218856
-0.07016241141
-0.06048181154
-0.06099254493
-0.07666059034
-0.07685812742
-0.05348392644
-0.04917908695
-0.05959676126
-0.06240840028
-0.1046781867
-0.1081779123
-0.05265982366
-0.02304752582
-0.0238663345
-0.01728301601
-0.008710412566
-0.003681433238
-0.002384849471
-0.0009233043149
-0.2953092947
-0.2656798121
-0.2301191387
-0.1918779967
-0.152895084
-0.1148788256
-0.0803281722
-0.05275129416
-0.03337544974
-0.02755540526
-0.03769783474
-0.06307605956
-0.1016256011
-0.1471728857
-0.1746174748
-0.2085560855
-0.2006535674
-0.167268499
-0.1266237764
-0.09085022932
-0.06371042825
-0.04427447152
-0.03428330145
-0.03067126197
-0.03045088926
-0.03678074396
-0.05066494217
-0.05846248443
-0.07734040806
-0.09537276244
-0.09552851364
-0.09031906976
-0.08245438039
-0.06780137374
-0.05903599095
-0.05903582502
-0.0764703631
-0.07455663014
-0.05257177985
-0.04584260717
-0.05559960821
-0.05636373275
-0.1048078632
-0.1062334555
-0.05207074296
-0.01837491914
-0.02264741938
-0.01718196449
-0.008574802073
-0.00351597385
-0.002323603869
-0.000915324374
-0.2764210704
-0.252783017
-0.2229029672
-0.1896268072
-0.1549011234
-0.1201930725
-0.08748396862
-0.05785976704
-0.04057552338
-0.0330064252
-0.03957219956
-0.0607053973
-0.09442171155
-0.1376662933
-0.1862861759
-0.1924445546
-0.1833904886
-0.1545352942
-0.11865278
-0.08603589371
-0.06033466272
-0.04112315751
-0.03069124144
-0.02658564326
-0.02535450631
-0.02956541398
-0.04204520453
-0.0499540329
-0.07445513212
-0.0965594762
-0.09831093175
-0.09078893103
-0.08101832655
-0.06563589824
-0.05671084642
-0.05642313342
-0.07247025578
-0.07033903154
-0.05065393969
-0.04400397164
-0.05419262466
-0.05264798282
-0.1019382265
-0.1025522978
-0.05052766643
-0.01778912987
-0.0216023942
-0.01659490093
-0.008369186305
-0.00340730659
-0.002266607628
-0.0008994031654
-0.2442656499
-0.2255953757
-0.2024043021
-0.1758124013
-0.1476110305
-0.1192753364
-0.09216348098
-0.06916029117
-0.05308220861
-0.04616089664
-0.05102493283
-0.06800702894
-0.09498033443
-0.1284599606
-0.1593047383
-0.1671659207
-0.1574933622
-0.1333778493
-0.1041291194
-0.07669082583
-0.05413263363
-0.03720913845
-0.02732749059
-0.02260503427
-0.02100127037
-0.0264774409
-0.03865031267
-0.04574021214
-0.07262126521
-0.096000334
-0.09756857795
-0.08787748338
-0.0764100426
-0.06110029848
-0.05317011016
-0.05503515602
-0.07018260714
-0.06753153596
-0.04818432767
-0.04181900733
-0.05019893077
-0.04883998504
-0.09796384522
-0.1013765713
-0.04806405281
-0.01615489086
-0.0204226379
-0.01640079204
-0.008157566493
-0.003278287773
-0.002198330789
-0.0008795995079
-0.2173001271
-0.2026089944
-0.1845115675
-0.1636130244
-0.1411282981
-0.1182707975
-0.09637993026
-0.07760635279
-0.06409779376
-0.05782087189
-0.06052415683
-0.07237987155
-0.09153771834
-0.115009362
-0.1355254269
-0.1414958619
-0.1333636689
-0.1144310256
-0.09089639139
-0.06796356477
-0.04809664845
-0.03262582305
-0.02340264969
-0.01857912292
-0.01579673825
-0.02080493037
-0.03270915769
-0.04027105383
-0.06824711198
-0.09347442197
-0.09555996266
-0.08362614963
-0.07090154535
-0.0560818278
-0.04905137148
-0.05236686841
-0.06640501521
-0.06397050445
-0.04478835801
-0.03934041675
-0.04644198298
-0.04462613824
-0.09268907863
-0.09911977763
-0.04466883192
-0.01465028074
-0.01909428926
-0.01581924292
-0.007888529365
-0.003149319055
-0.002123569618
-0.0008545098514
-0.1918485236
-0.1807903417
-0.1668539677
-0.1506947984
-0.1332395905
-0.1154474985
-0.09840330365
-0.0834757869
-0.07223382775
-0.06617622693
-0.06655589415
-0.07358513328
-0.08597039475
-0.101062413
-0.1139227273
-0.1179615279
-0.1116034066
-0.09682212719
-0.07806448869
-0.05914507191
-0.04193741212
-0.02806553103
-0.01946108836
-0.01430802325
-0.00992505163
-0.01380816351
-0.02484635269
-0.03184590034
-0.06084714861
-0.08893970588
-0.09154405359
-0.07759113139
-0.06408776592
-0.04977652667
-0.04388164104
-0.0486072265
-0.06151489199
-0.0588344258
-0.04045454967
-0.03684039237
-0.04240530198
-0.03943838583
-0.08586569225
-0.09477302606
-0.04034709869
-0.01318614184
-0.0175428424
-0.01505117228
-0.007552876461
-0.003028000556
-0.002040835394
-0.0008216430077
-0.1681902762
-0.1602265295
-0.1500107802
-0.1380010691
-0.1248640681
-0.1113135525
-0.09816385743
-0.08636676789
-0.07704075498
-0.07126094985
-0.0699163144
-0.07316900222
-0.07995578275
-0.08884448841
-0.09619129916
-0.09819193555
-0.09300329316
-0.081567388
-0.0666825005
-0.05112251455
-0.03622549585
-0.0235164776
-0.01531845926
-0.009802113854
-0.003547331665
-0.005161762307
-0.01430694433
-0.0201301645
-0.05004176074
-0.08131010385
-0.08434982602
-0.06950471146
-0.05582664001
-0.04241258422
-0.03766173498
-0.04348563971
-0.0550093599
-0.05189104991
-0.03536285418
-0.03411585122
-0.03781554859
-0.03333539063
-0.07704361448
-0.08790677732
-0.03516591638
-0.01173554019
-0.01573724187
-0.01402413781
-0.007141403175
-0.002915393251
-0.00194818785
-0.0007794998001
-0.1463817668
-0.1409664299
-0.1337915302
-0.1251595092
-0.1155343504
-0.1054430071
-0.09547452779
-0.08629119294
-0.07866664015
-0.07333376089
-0.07089878171
-0.07149592398
-0.07461993901
-0.07876272688
-0.08210417994
-0.08228607984
-0.0777101535
-0.06856095843
-0.05652241322
-0.04357356138
-0.03073235427
-0.01918389062
-0.01119443104
-0.005166210036
0.003008381912
0.005141898809
0.0002435003699
-0.004308242774
-0.0349843719
-0.07003472383
-0.07389829652
-0.05948210013
-0.04629301533
-0.03395609127
-0.03026212643
-0.03671173784
-0.04645025395
-0.04313314567
-0.02940573571
-0.03100427561
-0.03265545474
-0.02627265062
-0.0658252713
-0.07824829641
-0.02902082903
-0.01026067062
-0.01362318948
-0.01270316143
-0.006649309432
-0.002814551661
-0.001843595877
-0.0007264815995
-0.1263799234
-0.1229542033
-0.1181711727
-0.1122144606
-0.1053932288
-0.09807529235
-0.0906734327
-0.08363953311
-0.07749532564
-0.07272475958
-0.06973157416
-0.0685935679
-0.06904640312
-0.07020953055
-0.0708422704
-0.06954642665
-0.06514520575
-0.05753521245
-0.04767647551
-0.03684806984
-0.02572847168
-0.01521834426
-0.007236637926
-0.0005300694767
0.009316205188
0.01609968422
0.01701453444
0.01406528722
-0.0170095837
-0.05501392699
-0.06016478957
-0.04791491568
-0.03585525567
-0.02475278018
-0.02172226911
-0.0281268243
-0.03583326596
-0.03254400308
-0.02261140457
-0.02738168792
-0.02691717742
-0.01842950451
-0.05192554255
-0.0654646941
-0.0218600608
-0.008689605802
-0.01114982586
-0.011056524
-0.006069322339
-0.002726593624
-0.001723712764
-0.0006603952591
-0.108143398
-0.1062045532
-0.1032399108
-0.09933986205
-0.09469437076
-0.08954739011
-0.0841817762
-0.07889475118
-0.07403012208
-0.06988907399
-0.0667419665
-0.06465297093
-0.06347290786
-0.06271103113
-0.0615672673
-0.05921657945
-0.05488632307
-0.04835953218
-0.04009762623
-0.03089410841
-0.02117545268
-0.01163796797
-0.003677992307
0.003692231109
0.01467911603
0.02537627775
0.03019583783
0.02855040438
0.0001488063294
-0.0364777586
-0.04387524191
-0.03559787495
-0.02519829389
-0.01531569993
-0.01226482344
-0.0178844343
-0.02357445816
-0.0206582978
-0.01544486811
-0.02308101491
-0.02065752102
-0.01011117672
-0.03547134471
-0.04951705741
-0.01394279459
-0.00690837194
-0.008288086786
-0.00908029675
-0.005401969329
-0.002646350661
-0.001583581149
-0.0005811588693
-0.09164478832
-0.09076431371
-0.08912326311
-0.08674806054
-0.0837466627
-0.08026293612
-0.07648186052
-0.07259341058
-0.06881744603
-0.06533333839
-0.06232054337
-0.05983115464
-0.05777652835
-0.05588778021
-0.05370024531
-0.05072807176
-0.04646820763
-0.04070898668
-0.03363072549
-0.02573860814
-0.01723251338
-0.008583317452
-0.0007592220726
0.006973046595
0.018098436
0.02925739394
0.03582678709
0.03504622065
0.01308826912
-0.01717909617
-0.02731216304
-0.02368320129
-0.01516993116
-0.006450086611
-0.002616532811
-0.006686745612
-0.01069537363
-0.00873720206
-0.008535312515
-0.01790196094
-0.01399317969
-0.001888002553
-0.01741916396
-0.03130509227
-0.00593148145
-0.004789947251
-0.005072256083
-0.006830216354
-0.004661563997
-0.002558070989
-0.001417000692
-0.000490547721
-0.07685306397
-0.07668334206
-0.07595893963
-0.07466791609
-0.07286290799
-0.07062194145
-0.06804999599
-0.06525924063
-0.06239448505
-0.0595700046
-0.05687757626
-0.05433838762
-0.05193074037
-0.04951373533
-0.0468251115
-0.04358022298
-0.03946146839
-0.03432697453
-0.0281921535
-0.02136771712
-0.01392508371
-0.006145911876
0.001312139647
0.008943628157
0.01917476232
0.02929134059
0.03527367429
0.03478690148
0.02036158643
-0.001657833882
-0.01291391223
-0.01312380455
-0.006395492378
0.001131263361
0.005923301787
0.003970855411
0.001097704689
0.0015790718
-0.002322448713
-0.01150181021
-0.007107741426
0.005503200326
0.0001132102107
-0.01303334666
0.001215812812
-0.002408101024
-0.001687190383
-0.004449806996
-0.003878784793
-0.002431066561
-0.001218378627
-0.0003919245746
-0.06371530349
-0.06398799295
-0.06386116072
-0.06330270714
-0.06233053533
-0.06098209573
-0.05931409997
-0.05738229362
-0.05527183745
-0.0530417124
-0.05074916377
-0.0484028553
-0.04599864893
-0.04346047518
-0.04064979027
-0.03741069809
-0.0335451225
-0.02897174312
-0.02363209203
-0.0177153712
-0.01125155881
-0.004386092798
0.002460025071
0.00952929465
0.01819805933
0.02646786727
0.03153241792
0.03121521863
0.02240990174
0.007987110423
-0.002218099636
-0.00447002963
0.0007219084287
0.007099234956
0.01222248116
0.01218856117
0.009888175059
0.008866894245
0.003080301685
-0.004342293042
-0.0002970835945
0.01152017619
0.01429694177
0.002496329425
0.006515327424
-6.706539791e-07
0.00148639427
-0.002183901003
-0.003097300853
-0.002217356471
-0.0009866910814
-0.0002914817604
-0.05215271773
-0.05267047633
-0.05290317488
-0.05281138725
-0.05239328842
-0.05166200565
-0.05064482297
-0.04936506492
-0.04786287087
-0.04615988592
-0.04429673386
-0.0422692227
-0.04007649475
-0.03767650422
-0.03500061862
-0.0319674461
-0.02845442727
-0.02442143191
-0.01980361815
-0.01470906482
-0.009154883817
-0.003225916716
0.002817546245
0.009032266084
0.01600449767
0.02248176078
0.02663362074
0.02663210298
0.0215515985
0.01277968954
0.004926439309
0.002126976062
0.005928549854
0.01116833625
0.01565239664
0.01565721198
0.01457708818
0.01300856744
0.007687018264
0.002716043712
0.005826453027
0.01564103271
0.02287277755
0.01286137863
0.009476020233
0.002494645229
0.00403714862
-0.0002779856136
-0.00234715546
-0.001870445043
-0.0007299253422
-0.0001964709495
-0.04206909648
-0.04269565951
-0.04312057172
-0.04330477172
-0.04323667333
-0.04291581462
-0.0423511895
-0.04154789001
-0.04052136109
-0.03927237617
-0.03782218163
-0.03616005847
-0.03428393085
-0.03216827592
-0.0297808475
-0.02707915938
-0.02399328124
-0.02050273119
-0.01656279408
-0.01223180633
-0.007528569917
-0.002516165536
0.002642216851
0.007876297743
0.01337189819
0.01838171777
0.02175799836
0.02218462383
0.01949407627
0.01466639366
0.009245844581
0.006736648164
0.009346905458
0.01349050836
0.0167759951
0.01694560143
0.01639071545
0.01502301796
0.01122048425
0.008412363118
0.01054436886
0.01782986247
0.02537501533
0.01784572403
0.01106932003
0.005052435796
0.005695552496
0.001106725737
-0.001593604982
-0.001386497332
-0.0004627508291
-0.0001114121358
-0.03335831438
-0.03400565071
-0.03451124213
-0.03484037049
-0.03497804798
-0.03491740942
-0.03465726259
-0.03419350642
-0.03352527601
-0.03264556355
-0.03156292696
-0.03026361281
-0.02873986163
-0.02697274565
-0.02494880948
-0.02264478493
-0.02002389234
-0.0170745154
-0.01377479084
-0.01015688054
-0.006244580029
-0.002094079872
0.002195543354
0.006486881642
0.0107707809
0.01463647305
0.01741505156
0.01825250649
0.0171205307
0.0151785354
0.01147520694
0.009638234388
0.01131532044
0.01445235778
0.01664093997
0.01689799607
0.0167460181
0.01583984623
0.01342030016
0.01199915404
0.01362545454
0.01859165076
0.02425012573
0.01953400972
0.01228908371
0.007341138994
0.006542124148
0.002108860799
-0.000756544625
-0.0007932259526
-0.0002059535687
-3.364956452e-05
-0.02590800202
-0.02652342003
-0.02703970949
-0.02742815273
-0.02767386855
-0.02776797489
-0.02770414574
-0.0274741221
-0.02706863486
-0.02647971194
-0.0257059451
-0.0247337306
-0.02355104196
-0.02214157904
-0.02049912586
-0.01860963497
-0.01645654977
-0.01403028113
-0.01132692806
-0.00836674011
-0.005174318175
-0.001800777472
0.001682453439
0.00515630031
0.008525990669
0.01157819324
0.01382719136
0.01486748691
0.01448770191
0.01277169114
0.0119518833
0.01114305971
0.01224406458
0.01455371475
0.01601412823
0.01630858191
0.01641790676
0.01598716123
0.01455022844
0.01393657078
0.01528286612
0.01852628192
0.02193140168
0.01946571549
0.01327233527
0.008995375704
0.006756876516
0.00291563645
0.0001678232327
-0.0001770984765
4.658583149e-05
4.332040224e-05
-0.01960348427
-0.02015915322
-0.02064595254
-0.02104126349
-0.02133196707
-0.02150940308
-0.02156537294
-0.02149082632
-0.02127418102
-0.02090534724
-0.02037855375
-0.01968193728
-0.0188023138
-0.0177244691
-0.01644336649
-0.01494939757
-0.01323679857
-0.01129672312
-0.009133879242
-0.006760987546
-0.004207011804
-0.001506120468
0.00127805929
0.004059625777
0.00673712632
0.009141481899
0.01106394127
0.01220429143
0.01252253716
0.01214897858
0.01191684257
0.01174897106
0.0125146849
0.01419692288
0.01525333594
0.01557058094
0.01582060566
0.01576423062
0.01501750774
0.01483703515
0.01590464238
0.01797314049
0.01958741383
0.01840161657
0.01372159331
0.009976409327
0.007122243189
0.003648850141
0.001068692372
0.0003962268059
0.0002923614514
0.0001231992946
-0.01433595141
-0.0148213737
-0.0152592403
-0.01563244461
-0.01593027045
-0.01614521171
-0.01626906878
-0.01629329354
-0.01620673966
-0.01599859414
-0.01566076537
-0.01518437828
-0.01455735387
-0.01376546316
-0.01280284939
-0.01166141067
-0.01034021429
-0.008831122941
-0.007141283342
-0.005277350289
-0.003269236696
-0.001138190207
0.001062598777
0.003274586526
0.005413095621
0.007366111596
0.00902408162
0.01021078278
0.01093785837
0.01122513716
0.01147888349
0.01175810407
0.01238844336
0.01362269855
0.01449165223
0.01485684528
0.01517392607
0.01535211282
0.01506734523
0.01509118773
0.01588378285
0.01713077883
0.01771569926
0.01694393018
0.01360801274
0.01043839831
0.007504467821
0.004328743755
0.001872445419
0.0009145252336
0.0005326130857
0.0002015970713
-0.009995097954
-0.0104088879
-0.01079055573
-0.01112743692
-0.0114110858
-0.011635271
-0.01179284662
-0.01187618875
-0.01187599439
-0.01178199465
-0.01158581405
-0.01127899897
-0.01085210803
-0.0102931644
-0.009595686549
-0.008751872754
-0.00776166763
-0.006618463425
-0.005327983672
-0.003891373789
-0.002335146878
-0.0006743307126
0.001051463806
0.002803362305
0.004522618012
0.006134563185
0.00758289238
0.008749569872
0.009662744544
0.0102980252
0.01084931283
0.01140537111
0.01203219889
0.01298085092
0.01376182186
0.01418685214
0.0145435177
0.01484885586
0.01485041442
0.01496098754
0.01550385278
0.01617338211
0.01622766672
0.01552123502
0.01314490168
0.01055314575
0.00783759045
0.004941191751
0.002582649671
0.001383648922
0.0007594151787
0.0002741137308
-0.006500040607
-0.006849683232
-0.007177124813
-0.007473430122
-0.007732523958
-0.007949568386
-0.00811891503
-0.00823414891
-0.00828777083
-0.008271806219
-0.008172451366
-0.007988010864
-0.007711084321
-0.007331672683
-0.006842887649
-0.006237324608
-0.00551371984
-0.004666789199
-0.0037004499
-0.002612382273
-0.001419770274
-0.0001350663281
0.001214690027
0.002602203615
0.003992848622
0.005332278475
0.006593814119
0.007699949467
0.008666424278
0.009471104827
0.01018457914
0.01088598466
0.01155874392
0.01235684981
0.01308407745
0.01356755499
0.0139606695
0.01432391925
0.01448557557
0.01462892203
0.01496913474
0.01525388059
0.01506350626
0.01432978969
0.01255471947
0.01042488249
0.008064177889
0.00546203012
0.003211447733
0.001812434135
0.0009667639975
0.0003362937976
-0.003739223728
-0.004032923691
-0.004312893065
-0.004572454396
-0.004806718118
-0.005011551241
-0.005182206836
-0.005313255686
-0.005398086222
-0.005429207605
-0.005401085849
-0.005306800436
-0.005140845923
-0.004895523214
-0.00456448132
-0.004140721797
-0.003621764607
-0.00300276002
-0.002285912855
-0.001470481268
-0.0005649091831
0.0004248840679
0.001482185968
0.002586556348
0.003717573264
0.004839435662
0.005935985102
0.006960484491
0.007912023387
0.008777341336
0.009567601698
0.01033199297
0.01104773455
0.01177804123
0.01246930366
0.01300165804
0.01342611737
0.01381357259
0.01405270835
0.01420327516
0.01439885518
0.01445620046
0.01414952002
0.01341523802
0.01199797235
0.01022910584
0.008184430016
0.005876351395
0.003753436587
0.00220726283
0.001160167743
0.0003893706761
-0.001689441973
-0.001936249624
-0.002173324591
-0.002396206329
-0.002601543032
-0.002786234578
-0.002946683661
-0.003078670799
-0.003177413699
-0.003237794384
-0.003254167654
-0.003220805654
-0.003132000953
-0.00298101567
-0.002762329423
-0.002470387912
-0.002101894658
-0.001652135715
-0.001120425546
-0.0005035865782
0.0001955582438
0.0009716381155
0.00181383963
0.002708844165
0.003644017612
0.00459725984
0.005554904044
0.00648995075
0.007392196658
0.008253170214
0.009066749369
0.009851175719
0.01059247867
0.01130015225
0.01196433317
0.01252314077
0.01297153276
0.0133626835
0.01362709094
0.0137764522
0.01387161884
0.0138057094
0.01343780949
0.01272666328
0.01153192376
0.01000571579
0.00821490354
0.006163830684
0.004168595647
0.002546894944
0.001330403161
0.0004279628179
-0.0003005002133
-0.0005280652023
-0.0007467935392
-0.0009536753566
-0.001147072296
-0.001325040227
-0.001484561585
-0.001621566579
-0.001731200985
-0.001808144167
-0.001847630218
-0.001845324339
-0.001798905621
-0.001704204185
-0.001555900187
-0.00134750035
-0.001074361031
-0.000732181773
-0.0003192021122
0.0001668217406
0.0007250209954
0.001353606643
0.002047451189
0.002798577272
0.00359800626
0.004432381899
0.005289897621
0.006153904222
0.007011073977
0.007851651379
0.008664278408
0.009449307518
0.01020053057
0.01090889401
0.0115710408
0.01215472281
0.01263169511
0.01303769078
0.0133401033
0.01348119272
0.01353094116
0.01337399327
0.01297975723
0.01229388595
0.01122448378
0.009851929761
0.008232080511
0.006374172872
0.004482663955
0.002823214542
0.001480871465
0.0004591171679
0.0005436637509
0.0003520926557
0.0001631123894
-2.128549138e-05
-0.0001978333828
-0.0003630587247
-0.00051367334
-0.000646525125
-0.0007583770536
-0.0008457736099
-0.0009044392058
-0.000929235986
-0.0009146688521
-0.00085590477
-0.000748568183
-0.000588055784
-0.0003703728424
-9.149568057e-05
0.0002515019787
0.0006610222056
0.001137415332
0.001680097902
0.002286080967
0.00295079714
0.003666813022
0.004425283989
0.005215099985
0.006024887009
0.006841681403
0.007654128968
0.008452245397
0.009224639739
0.009967011833
0.0106639496
0.01130867389
0.011888823
0.01236999994
0.01276631439
0.01304840974
0.01319143862
0.01320443691
0.01305994035
0.01267342796
0.01201440089
0.01100986153
0.009720157545
0.008200245839
0.006457960199
0.004646426523
0.00299537403
0.001599659718
0.0004919439114
-0.1852845238
-0.1913576633
-0.1980900016
-0.205497416
-0.2136168923
-0.2224289579
-0.2320305171
-0.2422794459
-0.2534554732
-0.2652477918
-0.2782538901
-0.1627047048
-0.1680947275
-0.1741057105
-0.1807233847
-0.1880868401
-0.1960337667
-0.2048855564
-0.2141850824
-0.2245482758
-0.2353225312
-0.247143124
-0.1422257876
-0.1469229772
-0.1522106467
-0.1580473752
-0.1646353452
-0.1717484117
-0.1797879417
-0.1882679578
-0.1977225872
-0.2076845474
-0.2182627751
-0.1235367694
-0.1276023472
-0.1322014587
-0.1373094679
-0.1430970885
-0.1494250878
-0.1565656536
-0.1642850712
-0.1727807454
-0.1820130369
-0.1916544517
-0.1067164392
-0.1101954894
-0.1141350899
-0.1185540361
-0.1235477309
-0.129110379
-0.1353361482
-0.1422536363
-0.1498026
-0.1582148253
-0.1670360385
-0.09162642086
-0.09457533839
-0.09791638741
-0.1016986264
-0.1059617208
-0.1107846089
-0.1161587694
-0.1222462393
-0.1288977797
-0.1364306881
-0.144447827
-0.07814897861
-0.08062902331
-0.08344241798
-0.0866474783
-0.09026093119
-0.0943891321
-0.09899444375
-0.1042731142
-0.1100800543
-0.1167365602
-0.1239308577
-0.06617418168
-0.06824482936
-0.07059832637
-0.07329050704
-0.07633233385
-0.07982876241
-0.08374325859
-0.0882665995
-0.09327873118
-0.09908515174
-0.1054392228
-0.05557839353
-0.05729653761
-0.05925327333
-0.06149811276
-0.06404075194
-0.06697603708
-0.07027374352
-0.07410876322
-0.07838213697
-0.0833787812
-0.08889752873
-0.04624123586
-0.04765884354
-0.04927607834
-0.05113552047
-0.05324602101
-0.0556904609
-0.05844396232
-0.06166253635
-0.06526281325
-0.06950438971
-0.07421888725
-0.03804600705
-0.03920938855
-0.04053841993
-0.04206895492
-0.04380890485
-0.04582892281
-0.04810846392
-0.05078305297
-0.0537818432
-0.05733438288
-0.06129771298
-0.03088271988
-0.03183238438
-0.03291838567
-0.03417032246
-0.03559518314
-0.0372517076
-0.03912315633
-0.0413239247
-0.04379416605
-0.04673038488
-0.05001074736
-0.02464908956
-0.02542008141
-0.02630236861
-0.02731990344
-0.02847882613
-0.02982672704
-0.0313503358
-0.03314336918
-0.03515608706
-0.03755124209
-0.04022576911
-0.01925235052
-0.01987471437
-0.02058717668
-0.02140874572
-0.02234479408
-0.023432871
-0.02466285956
-0.02610921318
-0.02773161131
-0.0296604192
-0.03181001351
-0.01460943157
-0.01510888583
-0.01568066665
-0.01633956788
-0.01709026712
-0.01796159522
-0.01894623603
-0.02010147175
-0.02139566359
-0.02292962286
-0.02463406814
-0.01064679821
-0.01104526238
-0.01150130232
-0.01202622447
-0.01262407403
-0.01331636362
-0.01409817342
-0.01501207566
-0.01603420943
-0.01723955327
-0.01857384658
-0.007301218694
-0.007617326393
-0.007978902859
-0.008394439422
-0.008867406868
-0.009413381716
-0.01002939803
-0.01074591627
-0.01154580382
-0.0124824937
-0.01351532593
-0.004511033562
-0.004761012835
-0.005046717694
-0.005374391223
-0.005746961898
-0.006175340555
-0.006658066336
-0.007215976331
-0.007837438258
-0.008558434316
-0.009349664391
-0.002242124121
-0.002438959778
-0.002663676493
-0.002920874044
-0.00321305283
-0.00354762877
-0.003924264257
-0.004356555709
-0.004837320114
-0.0053894544
-0.005993413624
-0.000414792047
-0.0005720697655
-0.000751373085
-0.0009559433091
-0.001187808978
-0.001451783421
-0.001748220656
-0.002085342835
-0.002459087547
-0.002882498874
-0.003343131661
0.0009234701983
0.000798270331
0.0006556985637
0.0004932869449
0.000309222376
0.0001003695591
-0.0001341649279
-0.0003990382706
-0.0006924735458
-0.001020784789
-0.00137644905
0.001911694751
0.001804711042
0.001683133796
0.001545055868
0.001388895256
0.001212513021
0.001014691885
0.0007926137826
0.0005462527221
0.0002720670977
-2.7285446e-05
0.002440349567
0.002347800674
0.002242088556
0.002120951852
0.001983453443
0.001828658007
0.001655508855
0.001462716024
0.001249872408
0.001016958487
0.0007669404081
-0.147369908
-0.1541921735
-0.1608013688
-0.1672110654
-0.1734275589
-0.1794556378
-0.1293820081
-0.1353139654
-0.1410888387
-0.1467138868
-0.1521938615
-0.1575293268
-0.1135743848
-0.1186266243
-0.1235619323
-0.1283885521
-0.1331109706
-0.1377279085
-0.09908292685
-0.1033504441
-0.1075377166
-0.1116500913
-0.1156906093
-0.1196577128
-0.08598619231
-0.08957889728
-0.09311487493
-0.09659748297
-0.1000284319
-0.1034071741
-0.0742038765
-0.07720614731
-0.08016739811
-0.0830909814
-0.08597822325
-0.08882973256
-0.06359507993
-0.0660895177
-0.06855527995
-0.07099521099
-0.07341022227
-0.07580130452
-0.05408083777
-0.05614380554
-0.0581872723
-0.06021331767
-0.06222244238
-0.06421565169
-0.04557702084
-0.04727678651
-0.04896306542
-0.05063755401
-0.05230070409
-0.05395352656
-0.03800530666
-0.03940073492
-0.04078687386
-0.04216508036
-0.04353578839
-0.04489997193
-0.03129121863
-0.03243256379
-0.03356776948
-0.0346978468
-0.03582301447
-0.03694411383
-0.02536346391
-0.02629440075
-0.02722111217
-0.02814435404
-0.02906429427
-0.02998170911
-0.02015695035
-0.02091390591
-0.02166783514
-0.0224192771
-0.02316837547
-0.02391586344
-0.01561109299
-0.01622451577
-0.01683566342
-0.01744489738
-0.01805232006
-0.0186586212
-0.01167004693
-0.01216543527
-0.01265916707
-0.01315119719
-0.01364161165
-0.01413111928
-0.0082846565
-0.008683344333
-0.009080224884
-0.009475742739
-0.009869951415
-0.01026339081
-0.005409757577
-0.005729592977
-0.006047936188
-0.006364899228
-0.006680528997
-0.006995380407
-0.002999309373
-0.003255564367
-0.003510435414
-0.003763967335
-0.004016202746
-0.004267661576
-0.001036575307
-0.001241570521
-0.001445264109
-0.00164766158
-0.001848789748
-0.002049107246
0.0005613181317
0.0003947491765
0.0002294363594
6.538398871e-05
-9.744531862e-05
-0.0002594595263
0.001711688436
0.001576790114
0.001442994299
0.001310330607
0.00117878894
0.001048060904
0.002596438806
0.002478714258
0.002362099961
0.002246644102
0.00213233959
0.002018923266
0.003054670602
0.00294806304
0.002842982106
0.002739826402
0.002638216218
0.002535745271
0.0616845663
0.02228300549
-0.01256219285
-0.04124835185
-0.06455571662
-0.08363804076
-0.09942065184
-0.1125448378
-0.1234670584
-0.1326172868
-0.14034876
0.04523860011
0.01177697053
-0.01741110441
-0.0411005095
-0.06019346649
-0.0758273988
-0.08882263169
-0.09971779093
-0.1089023774
-0.1166985289
-0.1233217857
0.0314257359
0.003490216025
-0.02055144085
-0.03996973621
-0.05560647843
-0.06846773883
-0.07926136713
-0.0884147933
-0.09619756536
-0.1028064518
-0.1084264491
0.02032153022
-0.002675347399
-0.02228107016
-0.03812536079
-0.05093286964
-0.06152332298
-0.07045998873
-0.07806709578
-0.08454618068
-0.09005927734
-0.09475878009
0.01175779763
-0.006954286815
-0.02284322388
-0.03572681548
-0.04619137574
-0.05487705096
-0.06222610885
-0.06849870508
-0.073860628
-0.07844320117
-0.08236278663
0.005418363211
-0.00967829082
-0.02249070694
-0.03292683438
-0.04144401594
-0.04853796835
-0.05455781141
-0.05971322024
-0.0641367798
-0.06793065054
-0.07118564288
0.0009511367575
-0.0111447839
-0.02142342966
-0.02984006206
-0.03674483995
-0.04251832176
-0.0474329122
-0.05165411657
-0.05528640715
-0.05840992315
-0.06109633469
-0.00197398153
-0.01160805172
-0.01981423522
-0.02657461412
-0.03215325511
-0.03683801703
-0.04083803314
-0.0442824103
-0.04725348032
-0.0498144563
-0.0520218002
-0.003656575366
-0.01129355273
-0.01781955749
-0.02323171826
-0.0277262605
-0.03151765201
-0.03476428437
-0.03756605728
-0.03998782792
-0.04207967116
-0.04388627691
-0.004368058437
-0.01040244527
-0.01557817447
-0.01990037086
-0.02351321668
-0.02657470908
-0.02920363866
-0.03147682486
-0.03344525355
-0.03514858204
-0.03662215073
-0.004350412271
-0.009110521379
-0.01320905287
-0.01665518065
-0.01955421947
-0.02202172273
-0.02414616612
-0.02598631659
-0.02758217542
-0.02896520496
-0.03016339271
-0.003813277897
-0.007567134812
-0.01081105965
-0.01355619854
-0.01587944238
-0.01786502733
-0.01957861326
-0.0210650404
-0.02235567579
-0.0234755103
-0.02444676651
-0.002932719748
-0.005895565307
-0.008463960888
-0.01064996321
-0.01251001466
-0.01410557959
-0.01548537654
-0.01668362142
-0.01772493455
-0.01862922796
-0.01941418234
-0.001852316683
-0.004194710925
-0.006230140473
-0.007970976404
-0.00945909969
-0.01073958295
-0.01184869004
-0.01281260276
-0.01365069809
-0.01437888032
-0.01501125106
-0.0006857801626
-0.002541489803
-0.004156523517
-0.005543146736
-0.006732881577
-0.007759068209
-0.008648878696
-0.009422463118
-0.01009514262
-0.0106796878
-0.01118737079
0.0004798759613
-0.0009934101883
-0.002276538329
-0.00338135019
-0.004331923052
-0.005153179804
-0.005865670811
-0.006485044042
-0.007023501667
-0.007491334426
-0.007897565812
0.001580895935
0.0004089010139
-0.0006117879932
-0.001492410259
-0.002251644999
-0.002908311215
-0.003478048842
-0.003973055453
-0.004403072018
-0.004776439558
-0.005100410559
0.002573720739
0.001639087737
0.0008258560456
0.0001236970969
-0.0004820858701
-0.001006018361
-0.001460338752
-0.001854808584
-0.00219731795
-0.002494611854
-0.002752454433
0.003431533308
0.002682495955
0.002030408328
0.001466197812
0.0009786823279
0.0005570729716
0.0001920874353
-0.0001240088555
-0.0003977216857
-0.000634739015
-0.0008398615109
0.004145489042
0.003542717287
0.003020325757
0.002569281616
0.002179721825
0.001842576614
0.001550257941
0.001296602112
0.001076550393
0.0008857315578
0.0007204884419
0.004679135353
0.004176894278
0.003739829655
0.003361610643
0.003035615795
0.002755180004
0.002514002897
0.002306423228
0.002127570012
0.001973267179
0.001840158382
0.005126553818
0.004699026995
0.004329779026
0.004010689771
0.003734685991
0.003495872913
0.003289314951
0.003110756412
0.002956487647
0.002823205792
0.002708179278
0.0053175422
0.00493163195
0.004598144607
0.004310204496
0.004062043481
0.003848455402
0.003664726846
0.003506554363
0.00337042187
0.003253041984
0.00315314538
0.07694531256
0.0788849329
0.08360042627
0.08888450532
0.0956797979
0.1025447359
0.1099658352
0.1162048399
0.1214542743
0.1235444764
0.1228168945
0.1167253911
0.1067294609
0.09018243676
0.07584620108
0.07761124272
0.08192916453
0.08661423548
0.09254759702
0.09822127849
0.1040843621
0.1083438754
0.1112660058
0.110751478
0.1073805019
0.09903974041
0.08739142395
0.0710762817
0.07453957237
0.0761127454
0.0799579844
0.08399753548
0.08895149145
0.09338784952
0.09759548847
0.09995376924
0.1006246
0.09793929747
0.09238952115
0.08275838361
0.07026753846
0.05465341153
0.07299934546
0.07436614048
0.07766096169
0.08100915539
0.08488834818
0.0880590592
0.09058308319
0.09116528883
0.0897849243
0.08537176098
0.07822049505
0.06793061135
0.05526193562
0.04060269785
0.07119682248
0.07235221621
0.07501555089
0.07763436357
0.08037572364
0.08228568633
0.08317824421
0.08216307394
0.07904498527
0.07335230187
0.06520186783
0.05474263261
0.04247281037
0.02905881432
0.06910222176
0.07004821648
0.07201286075
0.07386454578
0.07545593719
0.07614476801
0.07554289194
0.07315426814
0.06870237264
0.0621611126
0.05357237588
0.04336587719
0.03192315391
0.01993993388
0.06668926538
0.06742734631
0.06865936741
0.06971076043
0.07019760559
0.06974123512
0.06785442299
0.06436442557
0.05901200402
0.05202472079
0.04346459873
0.03384409168
0.02348135802
0.01298881645
0.06394152507
0.06446449412
0.06497558754
0.0652120476
0.06468891325
0.06320801224
0.06030184144
0.05601284373
0.05016537793
0.04309231235
0.03490905195
0.02610106516
0.01693342535
0.007901823367
0.0608593071
0.0611460387
0.06099121905
0.06043454533
0.0590325424
0.05669566945
0.05306502357
0.04828471489
0.04228853121
0.03542736913
0.02785630663
0.01998845876
0.01203496398
0.00437596391
0.05745975682
0.05748070004
0.05674299312
0.05546718854
0.05334491315
0.05036672671
0.04629534858
0.04131163467
0.03544391347
0.02901727054
0.02219858341
0.01531692403
0.008530647546
0.002119545243
0.05377189814
0.05350665232
0.05228239386
0.05041300322
0.04775763218
0.04436583562
0.04010616056
0.03516584422
0.02963381462
0.02378889269
0.01778626824
0.01187509404
0.00616696748
0.0008605115558
0.04983523996
0.04929052635
0.04768560804
0.04538221201
0.04239253971
0.03880341023
0.03456877065
0.02986583085
0.02480985472
0.01962618041
0.01444483296
0.00944623043
0.00470402173
0.0003545456725
0.04570394513
0.04491944828
0.04304823734
0.04048856189
0.03735078208
0.03375356172
0.02971309086
0.02538557332
0.02088617804
0.01638783877
0.01199129943
0.007821974857
0.003924781061
0.0003901704946
0.04145022767
0.04049524107
0.03848196599
0.03583049324
0.03270813805
0.02925678628
0.02553255187
0.02166496619
0.01775296886
0.01392283725
0.01024794317
0.006812386189
0.003640621693
0.0007903374175
0.0371665209
0.03612603063
0.03409432886
0.03148994174
0.02851511975
0.02532349914
0.021991526
0.01862135807
0.0152892131
0.01208259672
0.009051979631
0.006252013139
0.003693517905
0.001411436885
0.03296568875
0.03192385374
0.02997741312
0.02752971528
0.02479954698
0.02194075796
0.01903572574
0.01616242362
0.01337496938
0.01073061274
0.008261827914
0.006002807658
0.003955974476
0.002140984277
0.0289673376
0.02798638665
0.02620504187
0.02399449603
0.02157133003
0.01908075752
0.01660308557
0.01419773254
0.01190133989
0.009749101816
0.007759990636
0.005954044784
0.004328886272
0.002894193758
0.0252827696
0.02440331503
0.02283770087
0.02091173972
0.01882442471
0.01670619298
0.01463130059
0.01264651939
0.01077695132
0.009043173292
0.007454720653
0.006021863692
0.004739560925
0.003611033747
0.02201287297
0.02125387405
0.01992198776
0.0182933039
0.01653997636
0.01477374331
0.01306043013
0.01143868265
0.009927422464
0.008538894145
0.007276873898
0.00614510489
0.005137087503
0.004251677844
0.01924442894
0.01860725466
0.01750002819
0.01615111074
0.01470377108
0.01325017402
0.01184638953
0.01052553354
0.009303784548
0.008189681089
0.007184340569
0.006287910598
0.005493485747
0.004797028108
0.01704156662
0.01650910322
0.01559134897
0.01447618613
0.01328218953
0.01208474408
0.0109304521
0.009847870882
0.008851323099
0.007947237946
0.007135156521
0.006412607855
0.005772856949
0.005211186848
0.01551522594
0.01507067511
0.01430072129
0.01336297671
0.01235769767
0.0113480446
0.01037375291
0.009459966818
0.008620028932
0.007859814763
0.007179120476
0.006575282967
0.006042389296
0.005574948692
0.01458540582
0.01417989616
0.01348438827
0.01264116743
0.01174027198
0.01083761076
0.009968144274
0.009154202859
0.008407624322
0.007733372264
0.007130933092
0.006597503558
0.006127723825
0.005716380635
0.0818365555
0.08414841511
0.08942865117
0.09622222357
0.1049121864
0.1151826426
0.1274015267
0.141271412
0.157083026
0.1745610408
0.1939595683
0.2149318408
0.2376762189
0.2616542637
0.08159527948
0.0838830874
0.08914185522
0.09588026164
0.1044757548
0.1146225003
0.1266445233
0.1402405075
0.1556094459
0.1724882094
0.1909943752
0.2107704241
0.2318646351
0.2537739868
0.0811893092
0.08343841006
0.08866169692
0.09529946942
0.1037448574
0.1137079045
0.1253250779
0.1384017411
0.1529378225
0.168670874
0.1854716749
0.2029546359
0.2208870494
0.2388295438
0.08062166791
0.08282080956
0.08799716567
0.09448362238
0.1027295864
0.1123566162
0.123451442
0.1357546711
0.1490792635
0.1631158391
0.1774420603
0.1916252512
0.205065462
0.2174064684
0.07989694155
0.08204092594
0.08715862412
0.09344418812
0.1014483283
0.1106215723
0.1210571611
0.1323115548
0.1440688695
0.1558496451
0.1669886045
0.1769486143
0.1847909584
0.1903240138
0.0790219849
0.08111214823
0.08615766276
0.09219653334
0.09992556867
0.1085282824
0.118192034
0.1281252167
0.1380248256
0.1470040798
0.1543198174
0.1591062831
0.1603254949
0.1579500093
0.07800448177
0.08004633491
0.08500647104
0.09076051617
0.09818556613
0.1061104463
0.114924466
0.1233086862
0.131197047
0.1370094904
0.1403450622
0.1394794481
0.1340262033
0.1231582704
-0.3469951739
-0.347373054
-0.3478488028
-0.3483194416
-0.3487823773
-0.3492397636
-0.3496841419
-0.3501063957
-0.3505020292
-0.3508751348
-0.3512423565
-0.3516368214
-0.3521107551
-0.3527355841
-0.353599581
-0.3548054292
-0.3564726204
-0.3587517636
-0.3618573914
-0.3661100132
-0.3719274674
-0.3797140924
-0.3900905681
-0.3480013144
-0.3480975491
-0.348219585
-0.3483399635
-0.3484543702
-0.3485583979
-0.3486443015
-0.3487037808
-0.3487312872
-0.3487279362
-0.3487067261
-0.3486988458
-0.3487600855
-0.3489761475
-0.3494665814
-0.3503896783
-0.3519541787
-0.3544451969
-0.3582694632
-0.3640217472
-0.3725570475
-0.3850406448
-0.4000898087
-0.3490144
-0.348891884
-0.3487355333
-0.3485735038
-0.3483984394
-0.34819899
-0.3479646891
-0.3476844796
-0.3473473618
-0.3469458361
-0.3464818
-0.3459748305
-0.3454724133
-0.3450609901
-0.3448767328
-0.3451168517
-0.3460559945
-0.348074547
-0.3517002241
-0.3576640188
-0.3669664997
-0.3815210844
-0.3971589223
-0.3485575693
-0.3483600883
-0.348101442
-0.3478227276
-0.3475112794
-0.3471482323
-0.3467151809
-0.3461908185
-0.3455502388
-0.3447678861
-0.3438238433
-0.3427139503
-0.3414640495
-0.3401475757
-0.3389047
-0.3379616038
-0.3376511392
-0.338439512
-0.3409536727
-0.3460223477
-0.3542077622
-0.3697646832
-0.3823811922
-0.3471084004
-0.3469848378
-0.3468068208
-0.3465840546
-0.3462961693
-0.3459164559
-0.3454139132
-0.3447507611
-0.34388218
-0.3427592049
-0.341335483
-0.3395792052
-0.3374912991
-0.3351297605
-0.3326382044
-0.3302751162
-0.3284402406
-0.3276985818
-0.3287805249
-0.3327230751
-0.3389596153
-0.3552885968
-0.3649092334
-0.3468275904
-0.3468369785
-0.3468102897
-0.3467088671
-0.3465045654
-0.346163278
-0.3456417922
-0.344887046
-0.3438377154
-0.3424277399
-0.3405938451
-0.3382891045
-0.3355041638
-0.33229653
-0.3288255953
-0.3253874892
-0.3224389451
-0.3206042619
-0.3206274125
-0.3237326965
-0.3283309461
-0.3415755806
-0.3483652485
-0.3512822242
-0.3513363056
-0.3513526511
-0.3512680927
-0.3510470424
-0.3506498694
-0.350025951
-0.3491154253
-0.3478520966
-0.3461678612
-0.3440008121
-0.341308885
-0.3380905263
-0.3344131795
-0.3304423569
-0.3264691669
-0.3229187683
-0.3203257914
-0.3192443872
-0.3202757668
-0.3227188454
-0.3280637688
-0.3301940513
-0.3625529576
-0.3624738549
-0.3623104357
-0.3620245645
-0.3615758049
-0.3609198347
-0.3600066142
-0.3587810723
-0.3571856841
-0.3551648753
-0.3526721109
-0.3496796316
-0.3461926632
-0.3422643832
-0.3380121875
-0.3336224792
-0.3293400779
-0.3254289128
-0.3221340355
-0.3193560238
-0.3172481251
-0.3136414102
-0.3105217119
-0.380365038
-0.3800021746
-0.379468517
-0.3787896135
-0.3779188338
-0.3768040715
-0.3753970803
-0.3736506046
-0.3715192733
-0.3689631618
-0.3659518401
-0.3624684528
-0.358510343
-0.3540859641
-0.3492061674
-0.3438721835
-0.3380679272
-0.3317658142
-0.3249003103
-0.3174338329
-0.3090582767
-0.2994805075
-0.289011371
-0.400392373
-0.3997100894
-0.3987571399
-0.3976338798
-0.3962880755
-0.3946596575
-0.3927028305
-0.3903786836
-0.3876526424
-0.384495919
-0.3808846029
-0.3767929572
-0.3721786787
-0.3669605765
-0.360996331
-0.3540791129
-0.3459767344
-0.3365074098
-0.3256410675
-0.3134285164
-0.3001894061
-0.2858466433
-0.2708317659
-0.4214970648
-0.420495613
-0.4191258274
-0.4175620849
-0.4157457423
-0.4136082359
-0.4111048365
-0.4082014814
-0.4048677748
-0.4010738413
-0.3967815759
-0.3919255278
-0.386383451
-0.3799449978
-0.3723015933
-0.363091848
-0.3520188311
-0.3389976974
-0.324223127
-0.3081199033
-0.2911635974
-0.2735812756
-0.2559837597
-0.4423909759
-0.4410843885
-0.4393196613
-0.4373454669
-0.4350972291
-0.4324972678
-0.4294990455
-0.4260668003
-0.4221621826
-0.4177346818
-0.4127038045
-0.4069293747
-0.4001763673
-0.3920954965
-0.3822566985
-0.3702660693
-0.3559404608
-0.3394362034
-0.3212384782
-0.3019874502
-0.2823183255
-0.2625638627
-0.2431641124
-0.4622140329
-0.4606276946
-0.4585052183
-0.4561656288
-0.4535376075
-0.4505327405
-0.4470982213
-0.4431880415
-0.4387420577
-0.4336692119
-0.4278218536
-0.4209615209
-0.4127322
-0.4026744491
-0.3903189308
-0.3753604473
-0.3578347278
-0.338181549
-0.3171315677
-0.2954741812
-0.27383604
-0.2525065001
-0.2319185362
-0.4803197806
-0.4784869768
-0.47605301
-0.4734007673
-0.4704506115
-0.4671010826
-0.4632877533
-0.4589451915
-0.4539782503
-0.4482389815
-0.4414967932
-0.4334082897
-0.4235126517
-0.411291666
-0.3963189395
-0.3784597752
-0.3580121756
-0.3356785891
-0.3123524734
-0.2888460646
-0.2657330558
-0.2432925854
-0.2218623451
-0.4963603045
-0.4943174263
-0.4916212038
-0.4887099624
-0.4854932818
-0.4818540155
-0.4777108934
-0.4729710301
-0.4674942632
-0.4610659526
-0.453367779
-0.4439597429
-0.4323065235
-0.4178848865
-0.4003732551
-0.3798491173
-0.3568670093
-0.3323288576
-0.3072035226
-0.2822822754
-0.2580762586
-0.2348229137
-0.2128171879
-0.5102339343
-0.5080153224
-0.5051028418
-0.5019801778
-0.4985434667
-0.4946582037
-0.4902227319
-0.4851113774
-0.4791333522
-0.4720042025
-0.4633217926
-0.4525662188
-0.4391604642
-0.4226197208
-0.4027641275
-0.3798912645
-0.3547762054
-0.3284549087
-0.3019185043
-0.2759113178
-0.2508816958
-0.2270486851
-0.2046532483
-0.5219708537
-0.5196078226
-0.5165195217
-0.5132300931
-0.5096190887
-0.5055321907
-0.5008440889
-0.4953925681
-0.4889337382
-0.4811147291
-0.4714582403
-0.4593833988
-0.4443001128
-0.425792209
-0.4038381237
-0.378942988
-0.352059134
-0.3243051231
-0.2966618079
-0.2698213367
-0.2441789671
-0.2199352107
-0.1972841733
-0.5319031518
-0.5294181397
-0.5261876204
-0.5227640617
-0.5190082993
-0.5147462769
-0.5098279856
-0.5040534837
-0.4971263349
-0.4886296836
-0.4780217907
-0.4646792091
-0.4480223139
-0.42772348
-0.4039225301
-0.3773090267
-0.3489702388
-0.3200688515
-0.2915584459
-0.2640794736
-0.237981847
-0.2134565935
-0.1906359496
-0.5406224146
-0.5380514085
-0.5347149156
-0.5311862994
-0.5273125664
-0.5228985141
-0.517765972
-0.5116749221
-0.5042758282
-0.4950905108
-0.4835210977
-0.468917027
-0.4507294132
-0.4287359876
-0.4032395113
-0.3750941562
-0.3454903214
-0.3156100172
-0.2863714664
-0.2583665912
-0.2319084547
-0.2071800298
-0.1842389425
-0.5486502434
-0.5460034918
-0.5425728265
-0.5389503911
-0.534968383
-0.5304071477
-0.5250556723
-0.5186291175
-0.510721407
-0.5007931738
-0.4881970873
-0.4722705201
-0.452516398
-0.4288364514
-0.4017012367
-0.3721157361
-0.3413499049
-0.3105869164
-0.2807036605
-0.2522454071
-0.2254938194
-0.2006218995
-0.1776118907
-0.5559438721
-0.5532335117
-0.5497251063
-0.5460225138
-0.5419408167
-0.5372334235
-0.5316528851
-0.5248658193
-0.5164075018
-0.505679348
-0.4919932259
-0.474690617
-0.4533463128
-0.4280011368
-0.3992939986
-0.3683650461
-0.3365420382
-0.3049941952
-0.2745524791
-0.2457172712
-0.2187432987
-0.1937892045
-0.1707687747
-0.5623322291
-0.559573417
-0.5560050345
-0.5522382643
-0.5480685574
-0.5432190129
-0.5374018308
-0.5302318866
-0.521185105
-0.5096077361
-0.494781555
-0.476069046
-0.4531349999
-0.4261698693
-0.3959765388
-0.3638125358
-0.3310432183
-0.2988116731
-0.2679003144
-0.2387672111
-0.2116442025
-0.1866707202
-0.1637022565
-0.5676771612
-0.5648834383
-0.5612717732
-0.5574537167
-0.5532035608
-0.5482122608
-0.5421490282
-0.5345750018
-0.5249073725
-0.5124425711
-0.4964436014
-0.4763097407
-0.4518105086
-0.4232917665
-0.3917124531
-0.3584295057
-0.3248283401
-0.2920165734
-0.2607268795
-0.2313778049
-0.2041816136
-0.1792534109
-0.1564024666
-0.5717945487
-0.5689839779
-0.565348234
-0.5614988399
-0.5571861347
-0.5520646358
-0.5457566775
-0.53776764
-0.527457381
-0.5140789076
-0.4968883742
-0.4753371032
-0.4493122042
-0.41931831
-0.3864610794
-0.3521795049
-0.3178635598
-0.2845777816
-0.2530045134
-0.2235251754
-0.196334139
-0.1715173994
-0.1488559807
-0.5747913017
-0.5719715454
-0.5683248464
-0.5644497092
-0.5600713822
-0.5548073987
-0.5482318397
-0.5397942599
-0.5288004534
-0.5144682823
-0.4960607007
-0.4730972227
-0.445594448
-0.4142159221
-0.3802005405
-0.3450494869
-0.3101420355
-0.2764934489
-0.2447359504
-0.2152162271
-0.1881096148
-0.1634692081
-0.1410804929
-0.5763817156
-0.5735897379
-0.5699661329
-0.5660863768
-0.561654562
-0.556247062
-0.5493834797
-0.5404543192
-0.5287130537
-0.5133510153
-0.493654244
-0.4692311162
-0.4402444952
-0.4075206671
-0.3724205814
-0.3364896065
-0.3010830474
-0.2671617153
-0.2353074467
-0.2058350461
-0.1788964055
-0.15450949
-0.1325049948
-0.5757569253
-0.5730183522
-0.5694481365
-0.565591685
-0.5611244159
-0.5555726191
-0.5483920291
-0.538907408
-0.5263200153
-0.5098051841
-0.488693865
-0.4627116943
-0.4321921746
-0.3981336483
-0.3620102667
-0.325392165
-0.2895941823
-0.2555149349
-0.2236828044
-0.1943850664
-0.167748328
-0.1437515669
-0.1223001602
-0.5718979348
-0.5692453207
-0.5657692294
-0.5619647891
-0.5574695813
-0.5517534522
-0.5442021719
-0.5340720983
-0.520517993
-0.5027168662
-0.4800733846
-0.4524628138
-0.4204125403
-0.3850965141
-0.3480852253
-0.3109458604
-0.2749307708
-0.2408730762
-0.2092484485
-0.1803150699
-0.1541940172
-0.1307999446
-0.1101376898
-0.5628864629
-0.5603695725
-0.5570454414
-0.5533399596
-0.5488432697
-0.5429609958
-0.5350032175
-0.5241586467
-0.5095476971
-0.4903746579
-0.4661529667
-0.4369408096
-0.4034767951
-0.3671032649
-0.3294588236
-0.2920730457
-0.2561126883
-0.2223493886
-0.1912377091
-0.1629562877
-0.1376693956
-0.1152005727
-0.0956300132
-0.5461387942
-0.5438223573
-0.5407264049
-0.5371814666
-0.532721868
-0.5266847597
-0.5183040215
-0.5067089013
-0.4910065809
-0.4704623187
-0.4447369572
-0.41410056
-0.3795072836
-0.3424434039
-0.3045731111
-0.2673595013
-0.2318968751
-0.1988409547
-0.1687289979
-0.1415496627
-0.1174112475
-0.09625136134
-0.07816661939
-0.5180895639
-0.5160558071
-0.5132852274
-0.5099833815
-0.5056233414
-0.4994747084
-0.4907020759
-0.4783930836
-0.4616730442
-0.4399092279
-0.4129488917
-0.3812924411
-0.3460914959
-0.308931441
-0.2714486644
-0.2350179415
-0.2008105194
-0.1691336304
-0.1404719166
-0.1149115877
-0.09246736306
-0.07313871933
-0.05698758607
-0.4741403871
-0.4724882945
-0.4701619321
-0.4672094045
-0.4630428995
-0.4568747722
-0.4478190853
-0.4349528869
-0.4174621133
-0.3948612208
-0.3672134849
-0.3352403388
-0.300262462
-0.2639089641
-0.2277806392
-0.1931409144
-0.1608744228
-0.1314091546
-0.1050140227
-0.08179545556
-0.06175278315
-0.04489005547
-0.03115465908
-0.4086491914
-0.4074902669
-0.4057454473
-0.4032786168
-0.3994525909
-0.3934464074
-0.3843568083
-0.371293231
-0.3535510771
-0.3308332992
-0.3034189127
-0.2721201425
-0.2385887164
-0.2043393472
-0.1708223611
-0.1391561154
-0.1100454374
-0.08387289598
-0.06081571663
-0.04093085344
-0.02419289226
-0.01052915422
0.0003274705401
-0.3159145448
-0.3153678247
-0.3143569483
-0.3125358959
-0.3092407996
-0.3036586831
-0.2949188957
-0.2821971858
-0.2649545779
-0.2431153429
-0.2171729481
-0.1882092016
-0.1577045868
-0.127172721
-0.09789090615
-0.07076835364
-0.04635001128
-0.02491483383
-0.006569162555
0.008692856885
0.02098922162
0.0305991365
0.0380696812
-0.1898251695
-0.189973602
-0.1898144058
-0.1888144011
-0.1863304116
-0.1816106393
-0.1738762625
-0.1624686263
-0.1470343672
-0.127693548
-0.1051158899
-0.08044400603
-0.05505976258
-0.03029190423
-0.00719698763
0.0135227866
0.03147406399
0.04647721255
0.05849026312
0.06759591561
0.07408541827
0.07854377525
0.08159113599
-0.04193108951
-0.04282313635
-0.04360785854
-0.04357857315
-0.04215955303
-0.03872158892
-0.03263767021
-0.02343632791
-0.01096609123
0.004483439521
0.02216103139
0.04097026915
0.05969646606
0.07724737192
0.09280782956
0.1058726793
0.116186962
0.1236621769
0.1283240505
0.1303438003
0.1301664642
0.1284844273
0.1253740486
0.107508457
0.1058952302
0.1041790432
0.1032122595
0.1034699617
0.1054261029
0.1095337431
0.116076978
0.1250334468
0.1359985355
0.1482069768
0.1606645922
0.1723504888
0.1824047806
0.1902326985
0.1955069236
0.1981072476
0.198053246
0.1954756866
0.1906607739
0.1841095427
0.176299044
0.1668302584
0.2520822756
0.2498415738
0.2472869867
0.2453580112
0.2444046771
0.2447314054
0.2466153673
0.2501720552
0.2552474271
0.2613798956
0.2678474821
0.2737961454
0.2784067002
0.281034191
0.2812726818
0.2789429244
0.2740405522
0.2666875107
0.2571192417
0.245720303
0.2330294762
0.2194734863
0.204722288
0.3816141813
0.3788316439
0.3755378928
0.3727297272
0.3706290418
0.3693759576
0.3690859856
0.3697327602
0.3710680035
0.3726125863
0.3737163476
0.3736721423
0.371845881
0.3677751049
0.3612062682
0.3520776456
0.3404784617
0.3266137857
0.3107941856
0.2934505457
0.2751127445
0.2562093655
0.2366594129
0.4874031672
0.4841989401
0.4803173437
0.4767847396
0.4737082287
0.4710872202
0.4689042984
0.467024539
0.465138088
0.4627711899
0.4593500611
0.4542976351
0.4471324684
0.4375363056
0.4253744382
0.4106788561
0.3936173244
0.3744670313
0.3536006356
0.3314775272
0.3086023397
0.285392479
0.2619785383
0.5624689611
0.5589707119
0.5546739798
0.5506189505
0.5468262304
0.5431921197
0.539604496
0.5358549871
0.5315974151
0.5263710944
0.5196645058
0.5109974568
0.499996849
0.486443473
0.4702826623
0.4516094351
0.4306453271
0.407718121
0.3832452701
0.3577103834
0.3316128762
0.3053864393
0.2793358003
0.6017013375
0.5980508152
0.5935368397
0.5892042661
0.5850263235
0.5808436971
0.5764939969
0.571731135
0.5661921279
0.559426284
0.5509579173
0.5403600406
0.5273176632
0.5116640428
0.4933868248
0.4726144431
0.4495965167
0.4246856957
0.3983189623
0.3709878549
0.3431887273
0.3153733761
0.2879537273
-0.4047970716
-0.4202567034
-0.4358177272
-0.4481217473
-0.4530523136
-0.4460211289
-0.4219147157
-0.3805347464
-0.3266555632
-0.2690744044
-0.2173320285
-0.1783060178
-0.1570107687
-0.1564372116
-0.1683268757
-0.1753900583
-0.1641191298
-0.136762422
-0.1084978563
-0.0923739826
-0.08662704891
-0.09070945065
-0.1110359172
-0.1315256199
-0.1286949643
-0.1063559394
-0.08365334111
-0.07207706998
-0.06419139444
-0.06013344266
-0.06406564221
-0.07698776456
-0.08067632216
-0.07222229986
-0.05800649127
-0.06280085053
-0.0757994193
-0.07922608239
-0.06351599786
-0.06780876606
-0.07966320184
-0.08444626572
-0.08064599422
-0.0873189132
-0.06051773806
-0.04474222852
-0.02647560237
-0.01389762912
-0.008966251844
-0.005065602868
-0.002618774214
-0.0008019502876
-0.4239015952
-0.4473808481
-0.4705078037
-0.4891986297
-0.4981733478
-0.4912435907
-0.4636282301
-0.414469292
-0.3495905134
-0.2797577659
-0.215946781
-0.1654636865
-0.1322114682
-0.1187792616
-0.1220570955
-0.1287384024
-0.1254768166
-0.1092711341
-0.09303219292
-0.08762281549
-0.08902530896
-0.09876772278
-0.1244869087
-0.1490889098
-0.1446976018
-0.1161085748
-0.0859583829
-0.0711866928
-0.06219581414
-0.05591369019
-0.05890986903
-0.07263360528
-0.07802526885
-0.07082346591
-0.05707116841
-0.06196006582
-0.07451600163
-0.07739195357
-0.06474750322
-0.06966282593
-0.08201796386
-0.08526340423
-0.07510396976
-0.07936436553
-0.06145463827
-0.04742566724
-0.02628238654
-0.01285362519
-0.008876491549
-0.005275515368
-0.00263069914
-0.0007665867885
-0.4244752561
-0.4524642314
-0.4795828582
-0.5020048106
-0.5139460768
-0.5085952022
-0.4807361477
-0.4291314035
-0.3594229858
-0.2830332996
-0.2115505933
-0.1524331797
-0.1095816281
-0.08498655307
-0.07880638159
-0.08230611655
-0.08335871399
-0.0777793135
-0.07381572179
-0.07882764205
-0.08729181655
-0.1023101922
-0.1326865368
-0.1609573868
-0.1563266626
-0.123713461
-0.08760456689
-0.07001162398
-0.06061219041
-0.05295530201
-0.0547281116
-0.06849604751
-0.0749906097
-0.06908419445
-0.05621206057
-0.06098488831
-0.07307267107
-0.07513379345
-0.06538388542
-0.07069664765
-0.08379112527
-0.08525647152
-0.06986055448
-0.07099840331
-0.0618378962
-0.04944399106
-0.02598191108
-0.01178378018
-0.008742716405
-0.005450705515
-0.002633615351
-0.000731032771
-0.4087801189
-0.4381162503
-0.4664692365
-0.490593247
-0.5043826394
-0.5015049656
-0.4764074496
-0.4275101084
-0.3595480852
-0.283079687
-0.2095817954
-0.1464838285
-0.09694209419
-0.06246438446
-0.04540097855
-0.04292610089
-0.04524809333
-0.04667241541
-0.05245558419
-0.06591276194
-0.08046490515
-0.1001403043
-0.134762571
-0.1665885473
-0.1633016985
-0.1291654364
-0.08896427684
-0.06857072486
-0.05913324686
-0.05117526971
-0.05151830634
-0.0648120076
-0.07171132936
-0.0669509046
-0.05540037656
-0.05991558601
-0.07151856083
-0.07252542736
-0.06546910549
-0.07081260322
-0.08492204701
-0.08439296132
-0.06518127358
-0.06255287601
-0.06162708842
-0.05069540827
-0.02560503804
-0.0107327826
-0.008566560104
-0.005581809581
-0.002627417213
-0.0006968666528
-0.3865030656
-0.4130751274
-0.4396639435
-0.4627458288
-0.476972763
-0.4761978342
-0.4553122789
-0.4124835815
-0.3513838727
-0.2805800628
-0.2099183515
-0.14685989
-0.09473589208
-0.05413470607
-0.02702102355
-0.0154180033
-0.01459270683
-0.01847316084
-0.02989304622
-0.04852290376
-0.06816905345
-0.09270779775
-0.1317116731
-0.1667074984
-0.1657663105
-0.13226697
-0.09033610776
-0.06708809875
-0.05727792743
-0.05019805177
-0.04943759832
-0.06126789031
-0.06819736429
-0.06453807372
-0.05467729644
-0.05875856976
-0.06990617698
-0.0693634158
-0.06502130658
-0.07006257893
-0.0852322694
-0.08269948914
-0.06129390671
-0.05415218856
-0.06086234467
-0.05113366462
-0.02517538129
-0.009746584882
-0.008349828119
-0.005661902214
-0.002612044566
-0.0006654980908
-0.3633927165
-0.3835500304
-0.4050151408
-0.4247958347
-0.4378333651
-0.4387085142
-0.4227848021
-0.3880138006
-0.3366807019
-0.2751716789
-0.2112077259
-0.1512557567
-0.09931791295
-0.0564047649
-0.02308564931
-0.002374531251
0.005735364895
0.004554062184
-0.007166219469
-0.0269484857
-0.04930414327
-0.07879289605
-0.1234462096
-0.1617353571
-0.1644158399
-0.1324848337
-0.09129780748
-0.06590873659
-0.05498998711
-0.04885355857
-0.04898863681
-0.0543596192
-0.06405715475
-0.06139391498
-0.05384104812
-0.05746382231
-0.06834292987
-0.06550183062
-0.06371432882
-0.06876748482
-0.08146352825
-0.07987491454
-0.05834836918
-0.04582603572
-0.05938181936
-0.05081291881
-0.02469524487
-0.008836600808
-0.008094329921
-0.005688969237
-0.002587725396
-0.0006383047684
-0.3381005101
-0.3512011239
-0.365588695
-0.3805640658
-0.391596159
-0.3939139449
-0.3834459037
-0.3579019402
-0.3179907538
-0.2675469881
-0.2121871541
-0.1572523219
-0.1069241279
-0.06365427
-0.02796204532
-0.0010361945
0.01549738419
0.02101743616
0.01198073572
-0.003823119912
-0.02677487309
-0.0615115904
-0.11119897
-0.1492632501
-0.1540288881
-0.1288494867
-0.09114298526
-0.06485553811
-0.05282508019
-0.0465545132
-0.04851973119
-0.05515207026
-0.06070158097
-0.05860107166
-0.05327850346
-0.05548176619
-0.06438343374
-0.06133752702
-0.06133758743
-0.06665524619
-0.08236674321
-0.07654900715
-0.0563671322
-0.03789611371
-0.0568429067
-0.04985112915
-0.02421160659
-0.007988329175
-0.007791385642
-0.005656283427
-0.002555601565
-0.0006170178771
-0.316157126
-0.3253177424
-0.3362099021
-0.3464429973
-0.3538119534
-0.3545414255
-0.3453191312
-0.3240987984
-0.2909523428
-0.2483341243
-0.2003420834
-0.1513345642
-0.1047500236
-0.06324694578
-0.02766441917
0.0008409618735
0.02113506673
0.03268602555
0.03718594856
0.02514249945
0.001549000695
-0.04193158563
-0.1025321628
-0.1454758787
-0.1515701454
-0.1248722445
-0.08825090955
-0.06184185863
-0.05008725237
-0.04427028789
-0.04581942533
-0.0477516591
-0.05532343795
-0.05406808082
-0.05193182064
-0.05529715339
-0.06627147873
-0.05919999178
-0.05865400239
-0.06394215243
-0.07809341034
-0.07201537916
-0.05388485693
-0.03450024511
-0.05391687651
-0.04765564287
-0.02339548107
-0.007581834941
-0.007528984767
-0.005546542485
-0.002511372713
-0.0006028148269
-0.2897962511
-0.295661342
-0.3027894885
-0.3094228053
-0.3126434642
-0.3101691326
-0.3000429221
-0.2809588954
-0.2529158553
-0.2174214238
-0.1772289867
-0.1355302072
-0.09487844324
-0.05768278415
-0.02516697837
0.002186601047
0.02380186647
0.03848886006
0.0441670987
0.04184226149
0.0198329006
-0.03034400445
-0.09491956199
-0.1371167618
-0.13845113
-0.1126614103
-0.08012484721
-0.0570937588
-0.04598348316
-0.04071673471
-0.04337890859
-0.04751000836
-0.05234721573
-0.05055744363
-0.04986391855
-0.05438724229
-0.06235043754
-0.0555498393
-0.05510809263
-0.06215841897
-0.07587639457
-0.06841310932
-0.04908421595
-0.03116282565
-0.05047635914
-0.04718725307
-0.02251223369
-0.00705073148
-0.007218267717
-0.005432615725
-0.002461779834
-0.0005860202709
-0.2607138514
-0.26517029
-0.2700013138
-0.2735962438
-0.2741232158
-0.270137244
-0.2604004571
-0.243961885
-0.2205906127
-0.1910912873
-0.1572578591
-0.1214153144
-0.08571888676
-0.0521363701
-0.02180631293
0.004223762577
0.02566718354
0.04232033504
0.05256740942
0.05573711455
0.03522969418
-0.01858424326
-0.08378159339
-0.1240029953
-0.1223049884
-0.09875210497
-0.0710483003
-0.05143804261
-0.04142733549
-0.03695702851
-0.04001365023
-0.0447222814
-0.04860429033
-0.04654053165
-0.04682478318
-0.05300294389
-0.05911506316
-0.05150679314
-0.0509496204
-0.05918013429
-0.07180850534
-0.0641070129
-0.04259305027
-0.02779912535
-0.04647148451
-0.04572711451
-0.02138661283
-0.006547318236
-0.006875051383
-0.005268030358
-0.002396046559
-0.0005671846949
-0.2312622943
-0.2348650723
-0.2379773361
-0.2395549322
-0.2385269776
-0.2339124769
-0.2248345082
-0.2106154584
-0.1910121892
-0.1664559432
-0.1381478704
-0.107744772
-0.07689347139
-0.04727641295
-0.01974967814
0.00458472568
0.02535079091
0.04181960046
0.05505626212
0.06262221125
0.04471177367
-0.007951830702
-0.06956640986
-0.1053910513
-0.1024490344
-0.08259349442
-0.06058511084
-0.0450877946
-0.03624047158
-0.03221946386
-0.03600976866
-0.04177542636
-0.04396153478
-0.04150522128
-0.04319051857
-0.05131052455
-0.05530323545
-0.04637008627
-0.04571282238
-0.0550099971
-0.06663130765
-0.0581820743
-0.03546182771
-0.0240282208
-0.04167983134
-0.04343249115
-0.01995181071
-0.006087437594
-0.00648298548
-0.005041880418
-0.00231159685
-0.0005476708432
-0.2026600763
-0.2055855807
-0.2075973639
-0.2080257741
-0.2061965662
-0.2014680511
-0.1932531703
-0.1810956358
-0.1647970706
-0.1445689272
-0.1211421851
-0.09561820119
-0.06920912138
-0.04331879702
-0.01862165222
0.003787827923
0.02326080072
0.03937768964
0.05242614221
0.06108235674
0.04671970061
0.001521098774
-0.05087004252
-0.08026321824
-0.080114611
-0.06582792829
-0.04964278111
-0.03813353815
-0.03045358451
-0.02659063291
-0.03115266318
-0.0371050389
-0.03822217499
-0.03561896026
-0.03908142823
-0.04874513618
-0.05043428715
-0.04018935151
-0.03933369609
-0.04941766041
-0.05967436603
-0.05054608014
-0.02783639487
-0.01963817512
-0.03597808283
-0.04022886268
-0.01821128458
-0.005666206926
-0.00603415418
-0.00474797473
-0.002206579165
-0.0005282603015
-0.1753768727
-0.1777220719
-0.1791084711
-0.1789936959
-0.1769154475
-0.1724697486
-0.1652840224
-0.1550551455
-0.1416146994
-0.1250360352
-0.1057566232
-0.08452153269
-0.06219499025
-0.03990068923
-0.01824551757
0.001889392909
0.01966684025
0.03459998027
0.04649815028
0.05409936884
0.04403980923
0.01039346431
-0.03031831516
-0.05493357922
-0.0582599257
-0.04980667243
-0.03870922108
-0.03075195494
-0.02408308703
-0.01980347841
-0.0249197123
-0.03093156613
-0.03144947822
-0.02898892
-0.03420743618
-0.04488222568
-0.04444182158
-0.03296141184
-0.03164254935
-0.04213535795
-0.05089571055
-0.04126829532
-0.01957608774
-0.01456728455
-0.02922947354
-0.03598792616
-0.01613993029
-0.005294655292
-0.005517654699
-0.004276525786
-0.002078624874
-0.0005094012942
-0.1498215246
-0.1517871027
-0.152841137
-0.1525386391
-0.1505545004
-0.1466342118
-0.1405424437
-0.1320798596
-0.1211115706
-0.1076531934
-0.09196083308
-0.07452122055
-0.05593951902
-0.03705893839
-0.01844909988
-0.000815040123
0.0149849053
0.02838521126
0.03885914258
0.0450807934
0.03931586898
0.01665204982
-0.01321589554
-0.03348356709
-0.03934774089
-0.03564167566
-0.02846596533
-0.02317424087
-0.01733728095
-0.01208353356
-0.01657472503
-0.02237296172
-0.0232734461
-0.02150620424
-0.02839613158
-0.039440443
-0.03724641755
-0.02492016372
-0.02267004881
-0.03306914616
-0.04023950494
-0.03036785952
-0.01095917581
-0.008910099809
-0.02134646505
-0.03056376358
-0.01371150636
-0.004969487578
-0.004920715531
-0.003812846671
-0.001927815064
-0.0004914111463
-0.12639059
-0.1281030517
-0.1289775026
-0.128673905
-0.1269584662
-0.1236763567
-0.1186754278
-0.1118203633
-0.1030071099
-0.09222543797
-0.07961596498
-0.06548936384
-0.05027528946
-0.03457712882
-0.01891277151
-0.003862473315
0.009822581296
0.02150756504
0.0305477268
0.03569110629
0.03287584682
0.01852162268
-0.0022349474
-0.01819583481
-0.02448106555
-0.0237515646
-0.01928961514
-0.01563782434
-0.01045968398
-0.004035420676
-0.00581135999
-0.01034311246
-0.01285082476
-0.01321939888
-0.02170329585
-0.03224452835
-0.02891305058
-0.01644122196
-0.01271667703
-0.02247687426
-0.028145631
-0.01844288132
-0.002666865842
-0.00292556755
-0.01240696289
-0.02389724627
-0.0109481501
-0.004666209294
-0.004226348603
-0.003262969688
-0.001754582779
-0.0004739561076
-0.1053253985
-0.1068079845
-0.1075525286
-0.1073402347
-0.1059892848
-0.1033799395
-0.09941162953
-0.09399160471
-0.08704033269
-0.07853738177
-0.06855887589
-0.05730037308
-0.04506527973
-0.03227515756
-0.01937245864
-0.006850117875
0.004705224738
0.01463306923
0.022344061
0.02673680302
0.02570233448
0.01722705458
0.003699061758
-0.007959696762
-0.01341095488
-0.0141268619
-0.01141225807
-0.008526273379
-0.00381920143
0.003467188235
0.006462439414
0.005246144721
-0.0001675621927
-0.004655760522
-0.01427523436
-0.02276073204
-0.01969792122
-0.008141849713
-0.00259103906
-0.01112726949
-0.01569140364
-0.006836228189
0.004456739672
0.002978044941
-0.002792198126
-0.01617988494
-0.007963754119
-0.004323773284
-0.003420378675
-0.002640925103
-0.001561631052
-0.0004552285613
-0.08658788246
-0.08786973724
-0.08857338667
-0.08849336975
-0.08750701007
-0.08553342099
-0.08249637409
-0.07832763377
-0.07296510071
-0.06638688508
-0.05863339601
-0.04982505156
-0.04017344984
-0.02997391075
-0.01957453004
-0.009396398658
0.0001177843925
0.008372355358
0.01489059497
0.0188231393
0.01900068187
0.01451620336
0.006369627105
-0.001476006221
-0.005583356727
-0.006641531422
-0.00488792284
-0.002206003259
0.002185142362
0.009750021491
0.01705482331
0.0184805076
0.01165102143
0.003240603536
-0.006408613518
-0.01276104467
-0.01031121389
-0.0006926910725
0.00640143792
-0.0003175026563
-0.004223566557
0.002849414879
0.009709555887
0.00838492258
0.006644318296
-0.008023767609
-0.004985626405
-0.003851280361
-0.002505380524
-0.001979772831
-0.001353253452
-0.0004310168808
-0.0702120596
-0.07132937527
-0.07198336377
-0.07204056975
-0.07138833705
-0.06996734938
-0.06772453221
-0.06461127752
-0.06057746926
-0.05560002704
-0.04969808921
-0.04294511076
-0.03548488819
-0.02752606297
-0.01932427159
-0.01122625437
-0.003561415505
0.003210769531
0.008693303948
0.01229130385
0.0133168076
0.01145237348
0.007123880337
0.00236376947
-0.0003184785183
-0.001079291186
0.0002543607519
0.002922110298
0.007062362535
0.01426745148
0.02347981542
0.02611554702
0.01944660033
0.009586901481
0.001139413974
-0.003275893914
-0.001674332697
0.005447396621
0.01308022344
0.008437535105
0.004755511008
0.009445350936
0.01299093829
0.01303330847
0.014606611
-0.000506857367
-0.00232913431
-0.00315979
-0.001529138931
-0.001332622493
-0.001134002602
-0.0003947633926
-0.05610718456
-0.05709158524
-0.05771641115
-0.05784078706
-0.05743850168
-0.05647250605
-0.0548915848
-0.05264718121
-0.04969845916
-0.04602556468
-0.04163576786
-0.03657194388
-0.03092664764
-0.02485060681
-0.0185192106
-0.01219452752
-0.006126228805
-0.0006216157894
0.003931392082
0.007227024416
0.008806033181
0.008608818317
0.006816386004
0.004389971094
0.00299037795
0.002792323024
0.004035142997
0.006612363256
0.01044987593
0.01660150135
0.02495700651
0.02771576701
0.0226628883
0.01393305092
0.007227163525
0.004248498764
0.00516430204
0.009943635598
0.01683016616
0.01382456929
0.0107022821
0.0132594773
0.01497843096
0.01676198739
0.01990551426
0.005396217282
-0.0002556811676
-0.002180597881
-0.0005854966508
-0.0007546509621
-0.0009041686272
-0.0003392272825
-0.04402935715
-0.0448719103
-0.04544254264
-0.04565597253
-0.04547567345
-0.04487165723
-0.04381152806
-0.04225764046
-0.04017378989
-0.03754087256
-0.03435823673
-0.03065123462
-0.02647476548
-0.02193070429
-0.0171436252
-0.01229703968
-0.007561788104
-0.003215087144
0.0005695893271
0.003545537724
0.005441274567
0.006235202907
0.00596556564
0.005231709258
0.00488951792
0.005266957231
0.006569927014
0.008939101313
0.01237555312
0.0171989556
0.02349905933
0.02625524986
0.02283596684
0.01616680364
0.01128426864
0.009292972723
0.009865562882
0.01289685618
0.01811763357
0.01653067378
0.0141688871
0.01536308408
0.01628810408
0.01914834114
0.02187489422
0.009016110415
0.001388660332
-0.0009035247123
0.0002398831965
-0.0002713490197
-0.0006520675084
-0.0002583222508
-0.03383271014
-0.03455935297
-0.03508680566
-0.03535154885
-0.03531926155
-0.03498595065
-0.03432078034
-0.03329504481
-0.0318788557
-0.03005188581
-0.02780885208
-0.02516381862
-0.0221458993
-0.01882093334
-0.01527020497
-0.01161889568
-0.007978998725
-0.004533507059
-0.00141794809
0.001180047043
0.003134556472
0.004440269453
0.005095000971
0.005418286933
0.005838657343
0.006667972704
0.008061193208
0.01016809568
0.01310748228
0.01675016264
0.02107864505
0.02352763255
0.02154956812
0.01696090411
0.01366868867
0.01237460726
0.01271118395
0.01461710318
0.01805665282
0.01752153405
0.01595262023
0.01648411472
0.01703301759
0.0200154417
0.02133402577
0.01099067474
0.002989855404
0.0005503766292
0.0009103513313
0.0001516637664
-0.0003607587076
-0.0001534842567
-0.02530492886
-0.02592730668
-0.0264078626
-0.02670165851
-0.02678328227
-0.02663486539
-0.02625670736
-0.02562035303
-0.02470175887
-0.0234818345
-0.02195191978
-0.02011669711
-0.01799094088
-0.01561225527
-0.01303076763
-0.01032894545
-0.007579750075
-0.00489813225
-0.002381815162
-0.0001393166509
0.001743858426
0.00325377942
0.004383042921
0.005296013513
0.006198679481
0.007310640141
0.008755000859
0.01061555708
0.01301897679
0.01577663781
0.01866247758
0.0206544603
0.01980487215
0.01693302629
0.01486222832
0.01408822755
0.01425833055
0.01545955233
0.01752111729
0.01756988401
0.01667449392
0.01695206814
0.01720630513
0.01963081228
0.01969367888
0.01201164943
0.004657384123
0.001942349404
0.001464337989
0.0005570005629
-3.531856283e-05
-3.588955846e-05
-0.01824585371
-0.01877591332
-0.01920711942
-0.0195085792
-0.019661959
-0.0196535157
-0.01946903432
-0.01910832126
-0.01854608885
-0.01776935879
-0.01676564089
-0.01553305445
-0.01407714487
-0.01241585694
-0.01057681593
-0.008612496403
-0.006567035848
-0.004511739975
-0.002504028991
-0.000618967665
0.001089215723
0.002598552431
0.00390643543
0.005082849822
0.006230529744
0.007477651237
0.008899674713
0.01055337673
0.01248803495
0.01460071311
0.01657982235
0.01811449792
0.018046497
0.0164647907
0.01527377953
0.01489559832
0.01498727464
0.01572975647
0.01692744976
0.0172137335
0.01679339388
0.01695076577
0.01693339102
0.01852691791
0.01792807175
0.01238212534
0.006126928242
0.00312827004
0.002009591932
0.000972063152
0.0002910505426
8.043368685e-05
-0.01247352763
-0.01292365191
-0.01330603874
-0.01359956477
-0.0137914189
-0.01387077565
-0.01382559866
-0.01364051316
-0.01331585324
-0.01286136496
-0.01223912362
-0.01144452268
-0.01047848894
-0.009349584543
-0.008068615251
-0.006666205767
-0.005168760362
-0.003619880005
-0.002050768527
-0.0005124538946
0.0009664213686
0.002359127791
0.003664745084
0.004901999588
0.006118093518
0.00738302461
0.00872569303
0.0101957254
0.01176845054
0.01342940684
0.01488975054
0.01606935506
0.01645509201
0.01578647231
0.01520472444
0.01510753057
0.01521608349
0.01567017458
0.01638093746
0.01671720501
0.01654261072
0.01659868175
0.01640263198
0.01715887478
0.01631620787
0.01230550424
0.007220338634
0.004135851539
0.002571697485
0.001385616898
0.0005919541037
0.0001873176025
-0.007811656739
-0.008192445232
-0.008528807414
-0.008806444114
-0.009016603538
-0.009151811338
-0.009204474341
-0.009165013626
-0.009024635599
-0.008754982082
-0.008381847462
-0.007886416969
-0.007264174954
-0.006516228175
-0.00564516693
-0.004663682556
-0.003585703994
-0.002437794442
-0.001235631311
-1.174214772e-05
0.001219134379
0.002433781005
0.003630535022
0.004808830293
0.005980138294
0.007182261074
0.008412308699
0.009710733375
0.01102285816
0.01236773999
0.01355411668
0.01453071147
0.01509219991
0.01502078896
0.01487707031
0.01495930065
0.01513122136
0.0154292435
0.01587558065
0.01616630633
0.01609114914
0.01604906368
0.01576480396
0.01585036054
0.01492845763
0.01198527559
0.007947506282
0.004989593379
0.003134781397
0.001781239349
0.0008586659133
0.0002820376738
-0.004125683473
-0.00444882035
-0.004742279958
-0.004996616836
-0.005205927706
-0.005364751819
-0.005467084559
-0.005505481325
-0.005472130658
-0.005358896404
-0.005155405437
-0.004863833049
-0.004478845742
-0.003997867257
-0.003419775593
-0.002748858042
-0.001988236777
-0.001151564727
-0.0002467552806
0.0007067853511
0.001700667158
0.002718429227
0.003756560512
0.00481085784
0.005875882876
0.00696956773
0.008074340039
0.009217054741
0.01034809934
0.01147259709
0.01249775156
0.01333939926
0.01398492806
0.01425258738
0.01437145735
0.0146136163
0.01486166682
0.01509744818
0.01539925165
0.01562157666
0.01556729453
0.01543983223
0.01509708758
0.01476239224
0.01379406052
0.01156232906
0.008385153294
0.00566713951
0.003674527263
0.002158280857
0.00109024899
0.0003602855225
-0.001258126733
-0.001532207789
-0.001788370948
-0.00201984335
-0.00222191526
-0.002390160524
-0.00251982172
-0.002605042997
-0.002639622417
-0.002616857862
-0.002530583308
-0.002378938623
-0.002156229321
-0.001859317226
-0.001484892257
-0.001033519711
-0.0005054309285
9.427031968e-05
0.0007642210339
0.001495072895
0.002281973624
0.003114614581
0.003987343319
0.004896350823
0.005831312364
0.006797955529
0.007777291889
0.00877895753
0.009770724645
0.01074124234
0.01165067858
0.01243443644
0.01309379134
0.01355342762
0.01386157162
0.01418588683
0.01448994784
0.01472296748
0.01494666515
0.01510712969
0.01504686569
0.01485679016
0.01446638815
0.01391402611
0.01293229761
0.01114016305
0.008615013046
0.006181942635
0.00416194004
0.002518284418
0.001298537546
0.0004244031968
0.0008472565139
0.0006145067218
0.0003934681788
0.0001887127656
3.558241356e-06
-0.0001588013478
-0.0002948824735
-0.0004004752364
-0.0004711614374
-0.00050221459
-0.0004891698531
-0.0004274249216
-0.0003120349819
-0.0001388736868
9.59026736e-05
0.0003946158075
0.0007597585424
0.001191228469
0.001689560024
0.002250850727
0.002872113695
0.003548242337
0.004274839205
0.005048765392
0.005859883168
0.006706301943
0.007573765196
0.008460504327
0.009346688117
0.01021465245
0.01104186773
0.0117901976
0.01244867879
0.01299141554
0.01341530099
0.01379306501
0.01412864503
0.01436831027
0.0145499295
0.01465578468
0.01458207336
0.01435226242
0.01392635136
0.01327429859
0.01229991684
0.01077107161
0.008691302478
0.006524726851
0.004549795724
0.002835605525
0.001476830959
0.0004701340557
0.002243571099
0.002025020457
0.0018171675
0.001622575041
0.001442366386
0.001278285981
0.00113323826
0.001011288556
0.0009170502583
0.0008555624434
0.0008316600384
0.0008494091738
0.0009103847194
0.001017533363
0.001174188052
0.001383177185
0.001647885671
0.001971070745
0.002355339909
0.00280052263
0.003305433535
0.003867664859
0.004483927468
0.005151352588
0.005862739797
0.006613687594
0.00739341312
0.008194543724
0.009003291874
0.009804139559
0.01058098227
0.01131069513
0.01197314844
0.01255593635
0.01304388731
0.01345995783
0.01382075788
0.01408274512
0.01425577166
0.01434281832
0.01425170409
0.01400217718
0.01355852008
0.01287960238
0.01191049448
0.01053072002
0.008727775012
0.006763670241
0.004847247262
0.003099209178
0.001631713448
0.0005051363608
0.003113203698
0.002928858222
0.002747387621
0.00257101351
0.002403113206
0.002247129815
0.00210615617
0.001983139458
0.001881032606
0.001803071248
0.001752839139
0.001734911607
0.00175366184
0.001813527204
0.001918731199
0.002072864685
0.002278905274
0.002539137194
0.002855524296
0.003229369094
0.003661189432
0.004150225995
0.004694444161
0.005290910579
0.005935021442
0.006621063742
0.007341168793
0.008085891479
0.008843572788
0.009600689534
0.0103392658
0.01104412488
0.01169261362
0.01227845834
0.01278736799
0.01321676368
0.01358170815
0.01384968318
0.01401986037
0.01409133512
0.01400778046
0.01375600539
0.01330251622
0.0126094206
0.01166051353
0.01036119082
0.008697239702
0.006857811367
0.005004822755
0.00326504255
0.001752143664
0.0005400489733
-0.1693161854
-0.1757130105
-0.1829200522
-0.1910033608
-0.2001262786
-0.2103778092
-0.2221826391
-0.2356584913
-0.2521636515
-0.2715726194
-0.2983329598
-0.150257986
-0.1561502727
-0.1628409798
-0.1703851751
-0.1790345564
-0.1887744871
-0.2002437723
-0.2132149112
-0.22947008
-0.248146782
-0.2737771461
-0.1328567198
-0.1381537189
-0.1442118963
-0.1510950257
-0.1590445385
-0.1680681441
-0.178711587
-0.190859953
-0.205775952
-0.2233057639
-0.2457849544
-0.1167401698
-0.1214417779
-0.1268282019
-0.1330031804
-0.1401070188
-0.148302159
-0.1578182466
-0.1689748038
-0.1821607943
-0.1983008345
-0.2178042668
-0.1020233646
-0.1061222103
-0.1108144069
-0.1162425362
-0.1224473707
-0.129726371
-0.1380418265
-0.1480424132
-0.1595406938
-0.1740004878
-0.1909458364
-0.08856168606
-0.09208179229
-0.09611127294
-0.1007996194
-0.1061405463
-0.1124683445
-0.1196393756
-0.1283747988
-0.1383048254
-0.1508725377
-0.1654294981
-0.07627357675
-0.07925558066
-0.08267187515
-0.08665516879
-0.09119273797
-0.09658439715
-0.1026867377
-0.1101356577
-0.1185803367
-0.1292236774
-0.1414885072
-0.06508705472
-0.06758054162
-0.07044009064
-0.07377389744
-0.0775765783
-0.08209044725
-0.08720523154
-0.09343107886
-0.1004882464
-0.1093272062
-0.1194767388
-0.05493468703
-0.05699477632
-0.0593591666
-0.06211266002
-0.06525747494
-0.0689809185
-0.07320603957
-0.07832696868
-0.08413315331
-0.09136111669
-0.09963862762
-0.04576473233
-0.04744813585
-0.0493810277
-0.05162870933
-0.05419815274
-0.05723116487
-0.06067633126
-0.06483186552
-0.06954168165
-0.07536448002
-0.08200006951
-0.03752953284
-0.03889144731
-0.04045535928
-0.04227100166
-0.04434750796
-0.04679078285
-0.04956739952
-0.0528995649
-0.05667239932
-0.06130287898
-0.06655197697
-0.03018501327
-0.03127671936
-0.03253011465
-0.03398276208
-0.0356441565
-0.0375925452
-0.039806594
-0.04244982459
-0.04543874883
-0.04908152169
-0.0531955525
-0.02368701741
-0.02455489229
-0.02555091005
-0.02670322419
-0.02802065967
-0.02956046732
-0.03130923235
-0.03338575042
-0.03572942217
-0.03856381883
-0.04174800707
-0.01799055545
-0.01867587989
-0.0194618082
-0.02036933796
-0.02140613647
-0.02261371612
-0.02398373848
-0.02560150541
-0.02742326717
-0.02960906408
-0.03205258817
-0.01305376825
-0.01359138329
-0.01420744852
-0.01491751128
-0.01572795189
-0.01666859454
-0.01773434835
-0.01898569567
-0.02039127763
-0.02206375449
-0.0239239392
-0.008827034928
-0.009246752427
-0.009727254263
-0.01027998303
-0.01091010166
-0.01163879337
-0.01246306788
-0.01342513743
-0.01450277383
-0.01577363345
-0.01717963411
-0.005260478021
-0.005587074856
-0.005960554853
-0.006389290803
-0.006877395446
-0.007439691969
-0.008074587541
-0.008810950678
-0.009633398582
-0.01059413177
-0.01165166319
-0.002298272646
-0.002552354398
-0.002842565702
-0.00317496206
-0.003552786175
-0.003986209945
-0.004474607397
-0.005037138611
-0.005663505954
-0.006387343174
-0.007179633731
9.627926558e-05
-0.0001012760393
-0.0003266242827
-0.0005841887565
-0.0008765814554
-0.001210650964
-0.001586485646
-0.002016382958
-0.002493995847
-0.003040104313
-0.003635665743
0.002007613549
0.001851270287
0.001673204538
0.001470306932
0.001240540959
0.0009794707128
0.0006865862967
0.0003545219093
-1.305772765e-05
-0.0004276992952
-0.0008772930081
0.003401738125
0.00327782421
0.003136848627
0.002976457241
0.002794893232
0.002589263362
0.002358685144
0.0020990247
0.001811997249
0.001492260423
0.001147355258
0.004406781839
0.00430162289
0.004182213883
0.004046688746
0.00389349259
0.003720584833
0.003526767777
0.003309418009
0.003068469612
0.002800729455
0.00250881481
0.004965976429
0.004874528455
0.004770206812
0.004650896224
0.004515687327
0.004363683818
0.004193918991
0.004005264686
0.003797498767
0.003570871876
0.00332855218
-0.1307206434
-0.1375346899
-0.1441807866
-0.1506745911
-0.1570256823
-0.1632420318
-0.1152977852
-0.1213791387
-0.1273487673
-0.1332163425
-0.1389903383
-0.1446752924
-0.1019776589
-0.1072831824
-0.1125153102
-0.1176848431
-0.1227990927
-0.1278614985
-0.08974168198
-0.0943269826
-0.09887215401
-0.1033843169
-0.1078679637
-0.1123266456
-0.07866825523
-0.082609905
-0.08652795977
-0.09042772578
-0.09431219746
-0.09818559029
-0.06861037632
-0.07196314006
-0.07530084672
-0.07862943562
-0.08195136796
-0.08527082969
-0.05941763351
-0.06223800363
-0.06505264523
-0.06786433198
-0.07067421576
-0.07348582219
-0.05098711921
-0.0533431106
-0.0556954516
-0.05804692163
-0.06039860934
-0.06275332981
-0.04326210628
-0.04521127891
-0.04715811674
-0.04910484923
-0.05105244588
-0.053003115
-0.03619490476
-0.03779248019
-0.03938877242
-0.04098538796
-0.04258280795
-0.04418265411
-0.02975175839
-0.03105126218
-0.03234948828
-0.0336475974
-0.03494601298
-0.03624606907
-0.02391526451
-0.02496414404
-0.02601166856
-0.02705862951
-0.02810532623
-0.02915288163
-0.01866919922
-0.01951037409
-0.02035015412
-0.02118862626
-0.02202600552
-0.02286357833
-0.01400016086
-0.01466978197
-0.01533773294
-0.01600484857
-0.01667125645
-0.01733745109
-0.009896116745
-0.01042750196
-0.01095722497
-0.01148556738
-0.01201261393
-0.01253907272
-0.00633798746
-0.006758000763
-0.007176340743
-0.007593157408
-0.008008503545
-0.008423033711
-0.003302959628
-0.003634266516
-0.003963931132
-0.004292026297
-0.004618595951
-0.004944234489
-0.0007575942866
-0.001019157506
-0.001279163158
-0.001537635596
-0.001794602648
-0.002050600329
0.001309931103
0.001103179271
0.0008978811277
0.0006940509452
0.0004916664202
0.0002902613887
0.002981314844
0.002814830797
0.002649721589
0.002486001164
0.002323652956
0.002162272831
0.004184232862
0.00405006157
0.003917084372
0.003785339943
0.003654818681
0.00352521326
0.005081874736
0.004965635762
0.004850551287
0.00473667812
0.0046240248
0.004512340648
0.005573236042
0.005467744613
0.005363791929
0.005261733614
0.005161232294
0.005060112177
0.07199541144
0.03403277496
0.0003879004358
-0.02732964256
-0.04985735483
-0.06832109425
-0.08363107486
-0.09641568204
-0.1070953684
-0.1161041251
-0.1237487503
0.05569546674
0.02338640714
-0.004918546365
-0.0279626258
-0.04658617063
-0.06188861912
-0.07467118959
-0.08545416882
-0.09460895569
-0.1024362408
-0.109131698
0.0418121882
0.0146954049
-0.00878989907
-0.02786677127
-0.04331064007
-0.05608904869
-0.06689020913
-0.07612409496
-0.08404023064
-0.09081270605
-0.09661864093
0.03037004812
0.007864106452
-0.01148152253
-0.02724184459
-0.04007857029
-0.05077533475
-0.05987701351
-0.06769361239
-0.07441195291
-0.08018020986
-0.08513994837
0.0212129759
0.002707154245
-0.01316567982
-0.02616674047
-0.03682565174
-0.04575184119
-0.05337379454
-0.05994219201
-0.06561253457
-0.07050583131
-0.07473002183
0.01407954337
-0.001038896346
-0.01402007256
-0.02471750358
-0.03353995921
-0.04095915915
-0.04731533235
-0.05281229511
-0.05757531957
-0.06169898805
-0.06526837881
0.00868557535
-0.003599808623
-0.01417236112
-0.02293839548
-0.03020919845
-0.03634851918
-0.04162443735
-0.04619997013
-0.05017537782
-0.05362561684
-0.05661815422
0.004772874978
-0.005157407598
-0.01372558788
-0.02087248543
-0.0268333722
-0.03188588126
-0.03623830256
-0.04001955163
-0.04330986192
-0.04616963076
-0.04865344819
0.002113849056
-0.005869519116
-0.01277592194
-0.01857001573
-0.02342876509
-0.02756208693
-0.03113010142
-0.03423399118
-0.03693794413
-0.03929065811
-0.0413361235
0.0005014576335
-0.005883130643
-0.01141973722
-0.01608985782
-0.02002638002
-0.02338674063
-0.02629270818
-0.02882292056
-0.03102848993
-0.032948718
-0.03461911004
-0.0002578117436
-0.005339020595
-0.009754234947
-0.01349684022
-0.01666674394
-0.01938126231
-0.02173215219
-0.02378004719
-0.02556551937
-0.02712033915
-0.02847320269
-0.0003454793347
-0.004372004561
-0.007876055677
-0.01085926547
-0.01339704394
-0.01557645881
-0.01746619057
-0.01911272279
-0.02054815499
-0.02179809531
-0.02288567074
6.980510078e-05
-0.003109700618
-0.00587931215
-0.008246105991
-0.01026727844
-0.01200728652
-0.01351731278
-0.01483288844
-0.01597938374
-0.01697747457
-0.01784576756
0.0008341332922
-0.001670184873
-0.003852558077
-0.005723338011
-0.00732615418
-0.008708714618
-0.009909125944
-0.01095455532
-0.01186505598
-0.01265724235
-0.01334602727
0.001810606611
-0.0001591777634
-0.001875528779
-0.003350443586
-0.004617404767
-0.005711810431
-0.006662122199
-0.007489212075
-0.008208981276
-0.008834839156
-0.009378709636
0.002882516553
0.001333479284
-1.547843795e-05
-0.001176795429
-0.002176292409
-0.003040376612
-0.00379046179
-0.004442712952
-0.00500979508
-0.005502488418
-0.005930294666
0.003955809765
0.002736440122
0.001675540872
0.0007610535217
-2.708289312e-05
-0.0007087251004
-0.001300084272
-0.001813718094
-0.002259712733
-0.002646780633
-0.002982502343
0.004959553524
0.003997041623
0.00316096125
0.00244014857
0.001818817405
0.001281703515
0.0008161892818
0.0004122732947
6.18300163e-05
-0.0002421195918
-0.000505549169
0.005845530393
0.005081136124
0.004417240558
0.003843936762
0.003349172073
0.002921635841
0.002551810175
0.00223181615
0.001954994624
0.001715494076
0.001508386346
0.006591305275
0.005980671428
0.005452849565
0.004998048699
0.004605732334
0.004266484214
0.003972599085
0.003717852676
0.003497103834
0.003305895383
0.003140486231
0.007151091071
0.00664646156
0.006208414216
0.005830018496
0.005504238239
0.005224209446
0.004983550516
0.004776551051
0.004598297858
0.00444458955
0.004312061928
0.007610652941
0.007181073024
0.006809896283
0.006489451892
0.006212911262
0.005974331695
0.005768561619
0.005591106275
0.005438073662
0.005306063606
0.005192281798
0.007823905467
0.007438718798
0.007106666822
0.006820413371
0.006573858699
0.006361670401
0.00617913846
0.006022011738
0.005886796477
0.005770250851
0.005670990174
0.07799628554
0.080039162
0.08482184694
0.09036418504
0.09753396397
0.1047413365
0.1127366965
0.1195152716
0.1255433608
0.1283870807
0.1286266846
0.1234712245
0.114581521
0.09908655639
0.07700480224
0.07888144894
0.08327624106
0.08824082807
0.09457062088
0.1006089705
0.1070765294
0.1118920639
0.1156229102
0.1158723436
0.1134835208
0.1060825739
0.09553566672
0.08026734681
0.07581458705
0.07750475852
0.08143609534
0.08577528563
0.09114098433
0.09596670098
0.1007888017
0.1037273285
0.1052006439
0.1032958095
0.098697035
0.09000856193
0.07856549346
0.06396657668
0.07439873907
0.07588275996
0.07927250531
0.08293884643
0.08723715316
0.09082417266
0.09395207325
0.09514012647
0.09452835599
0.0909018631
0.08464548804
0.07526253913
0.06355639915
0.04980833363
0.07272738656
0.07399456178
0.07676255939
0.07971561457
0.08287330576
0.085227213
0.08669276869
0.08629747669
0.08389802235
0.07896703922
0.07163490816
0.0619940606
0.05056291202
0.03790965388
0.07076914613
0.07181589901
0.07389503187
0.07609491851
0.0780879652
0.07924214009
0.07916905484
0.07739203822
0.07359880333
0.06775452995
0.05988438116
0.05036957369
0.03961254046
0.02822173508
0.06849552688
0.06931855133
0.07067306796
0.07208360339
0.0729463207
0.07296170384
0.0715553856
0.06864016429
0.06387500261
0.05748846074
0.04952590257
0.04045331151
0.03061061176
0.02054076503
0.06588708374
0.06647644991
0.06711464453
0.06771344992
0.06753384177
0.06650948428
0.06403794863
0.06025822991
0.05491233533
0.04832724359
0.04060813907
0.03220157209
0.02339112724
0.01462400461
0.06293971956
0.06327505437
0.06324675273
0.06304374071
0.06195092887
0.06003529903
0.05678936112
0.05243409361
0.0468418256
0.04035208881
0.03311188859
0.02550718465
0.01776396943
0.01023443722
0.05966576478
0.05972150884
0.05910338025
0.05815874473
0.05631459706
0.05370252106
0.04995651349
0.04530754975
0.0397422663
0.03357564534
0.02696616247
0.02022777815
0.01353124741
0.007145413554
0.05608992389
0.05585129703
0.05473383451
0.05315800354
0.05075287914
0.04765899315
0.04365729871
0.03896482342
0.03363978553
0.02795577322
0.02206053053
0.01619837973
0.01049135182
0.005139233945
0.05224869129
0.05172671168
0.05021279854
0.04815770718
0.04538375459
0.04202197513
0.03797595884
0.03344237729
0.02851158763
0.0234080611
0.01825680099
0.01324127789
0.008443688048
0.004008625627
0.04819358459
0.04743206466
0.04563529927
0.04327184822
0.04030948556
0.03687560838
0.03295949957
0.02873397613
0.02429536838
0.01981826813
0.01540041377
0.01117522531
0.007194365201
0.003559531265
0.04399548304
0.04306426672
0.04111300129
0.03860264153
0.03561262259
0.03227132693
0.02861792014
0.02479839001
0.02090084855
0.01705467464
0.01333085763
0.009823228833
0.006561185356
0.00361393533
0.0397504253
0.03873635545
0.03674957832
0.03423643599
0.03135321283
0.02822980786
0.02492880011
0.0215680226
0.01822090722
0.01497918252
0.01189081245
0.009019032603
0.006377906162
0.00401261057
0.0355742378
0.03455481088
0.03263760485
0.03024264553
0.02756899627
0.02474680858
0.02184655638
0.01895931022
0.01614194975
0.01345667354
0.01093349795
0.008612714663
0.006498433214
0.004618425274
0.03158504639
0.03062096206
0.02885701086
0.02667180429
0.02427721687
0.02180084734
0.01931358078
0.01688398089
0.01455372777
0.01236305326
0.01032907033
0.008475463579
0.006800324091
0.005319007592
0.02789825616
0.02703017284
0.02547321672
0.02355497627
0.02147677155
0.01935871406
0.01726854092
0.01525825828
0.01335784866
0.01159232294
0.009970221268
0.008503698443
0.007187437475
0.006028106759
0.02461850729
0.02386609478
0.02253715453
0.02090657635
0.01915076675
0.01737721258
0.01564824792
0.01400482224
0.01246932159
0.01105730111
0.009772215409
0.008618523571
0.007589005249
0.006684253472
0.02183637407
0.02120226747
0.02009496706
0.01873993559
0.01728436654
0.01582040505
0.01440302307
0.01306577144
0.01182664727
0.0106964318
0.009676624542
0.008767477566
0.007960859792
0.007253229774
0.01961955573
0.01908818486
0.01816954849
0.01704749366
0.015843558
0.01463576946
0.01347127063
0.01237778082
0.01136984387
0.01045483318
0.00963274996
0.008901515771
0.008254520843
0.007687345608
0.01807978564
0.01763430343
0.01686211841
0.0159168076
0.01490068249
0.01388068327
0.01289794176
0.01197633599
0.01112870901
0.01036139612
0.009674917646
0.009066796754
0.008530793167
0.008061026791
0.01714567724
0.01673949664
0.01604307283
0.01519389817
0.01428346716
0.01337207574
0.01249659398
0.01167778136
0.01092648106
0.01024774139
0.009641804694
0.009106078008
0.008635004563
0.008222961384
0.08191141454
0.08423130918
0.08951624269
0.09632445978
0.105042594
0.1153422198
0.1275891133
0.1414984585
0.1573558128
0.1748836415
0.1943347467
0.2153621962
0.2381615997
0.2621921053
0.08181950162
0.0841312426
0.08940363123
0.09618681036
0.1048654584
0.1151015061
0.1272055166
0.1409206722
0.1564259591
0.1734558676
0.1921229217
0.2120673494
0.2333299165
0.255398794
0.08156175443
0.08385027011
0.08909539303
0.0958100525
0.1043890261
0.1144610544
0.1262577326
0.1395366894
0.1543004029
0.1702875029
0.1873623647
0.2051336175
0.2233587028
0.2415820526
0.08114037234
0.08339380649
0.08859958368
0.09519695313
0.103628169
0.113421408
0.1247620916
0.1373460342
0.15099134
0.1653886643
0.1801089293
0.1947121277
0.2085816583
0.2213442762
0.08055912478
0.08277144391
0.08792648686
0.09435813441
0.1026016815
0.111990823
0.1227472032
0.134358354
0.1465366252
0.1587913774
0.1704533475
0.1809787665
0.1894071043
0.1955333315
0.0798238219
0.08199552595
0.08708855858
0.09331279639
0.1013326309
0.1101953475
0.1202627205
0.130623513
0.1410554894
0.1506222228
0.1586017625
0.1641047301
0.1660817631
0.1644960845
0.07894023162
0.08107605015
0.08609741989
0.09207937002
0.09984416126
0.1080731115
0.1173794395
0.1262569232
0.1348012711
0.1413081452
0.1454688741
0.1454713048
0.1409756396
0.131094434
);

boundaryField
{
    cylinder
    {
        type            zeroGradient;
    }
    jet
    {
        type            zeroGradient;
    }
    inlet
    {
        type            zeroGradient;
    }
    outlet
    {
        type            fixedValue;
        value           uniform 0;
    }
    topAndBottom
    {
        type            zeroGradient;
    }
    frontAndBack
    {
        type            empty;
    }
}


// ************************************************************************* //
