/*--------------------------------*- C++ -*----------------------------------*\
  =========                 |
  \      /  F ield         | OpenFOAM: The Open Source CFD Toolbox
   \    /   O peration     | Website:  https://openfoam.org
    \  /    A nd           | Version:  9
     \/     M anipulation  |
\*---------------------------------------------------------------------------*/
FoamFile
{
    version     2.0;
    format      ascii;
    class       volVectorField;
    location    "0";
    object      U;
}
// * * * * * * * * * * * * * * * * * * * * * * * * * * * * * * * * * * * * * //

dimensions      [ 0 1 -1 0 0 0 0 ];

internalField   nonuniform List<vector>
7180
(
(6.864362057e-05 -0.002034764725 -3.094315371e-19)
(-4.753423248e-05 -0.006537683998 -5.575967926e-19)
(-0.0005958733795 -0.01185464482 1.456695709e-18)
(-0.001734677026 -0.01809036748 -5.577573131e-19)
(-0.003590402194 -0.02533575182 1.500861857e-20)
(-0.006313951703 -0.03365853091 -2.560085664e-20)
(-0.01007555524 -0.04308700547 -7.014064426e-21)
(-0.01505342359 -0.05359200993 -1.164091484e-19)
(-0.02142400384 -0.0650710373 6.09933805e-20)
(-0.02935148368 -0.07734133316 1.445025495e-19)
(-0.03897369865 -0.09015151434 -5.456062868e-20)
(-0.05038349525 -0.1032226579 -8.796591828e-20)
(-0.06360592406 -0.1163248624 7.494609087e-20)
(-0.07857354791 -0.1293807555 8.666280403e-20)
(-0.095104818 -0.1425636885 -1.319402144e-19)
(-0.1128913601 -0.1563371393 3.709341179e-20)
(-0.1314966022 -0.1713766394 -3.706569447e-20)
(-0.1503579456 -0.1883618426 -1.157573423e-20)
(-0.1687808543 -0.2076807564 8.124933979e-20)
(-0.185894252 -0.2291093088 -4.276848715e-20)
(-0.2004068343 -0.2514580669 -3.621266874e-20)
(-0.210072858 -0.2720121377 6.351268317e-21)
(-0.2124127723 -0.2854483866 -5.599343674e-21)
(-7.715819372e-05 0.0001453351237 -2.42398312e-19)
(-0.0004632378516 -8.245541901e-05 -9.777621776e-19)
(-0.001288395794 -0.0009704116814 7.249116036e-19)
(-0.00271397141 -0.002683451324 3.352014696e-20)
(-0.004863837471 -0.005380208614 1.512062677e-20)
(-0.007887762423 -0.009210972497 -3.120509737e-20)
(-0.01195578504 -0.01429953881 -2.982892172e-21)
(-0.01724528931 -0.02072170015 1.147891992e-20)
(-0.02392943681 -0.0284851869 2.011165404e-20)
(-0.03216293605 -0.03751752485 7.507713997e-20)
(-0.04206409672 -0.04767128459 -1.880722016e-20)
(-0.05369208451 -0.05875715682 -2.597596536e-19)
(-0.06702039076 -0.07061092529 2.237016222e-19)
(-0.08191275161 -0.08318655796 1.008859537e-19)
(-0.09811269537 -0.09664898479 -1.513320972e-19)
(-0.1152449153 -0.1114299947 -1.787358397e-20)
(-0.1328267175 -0.1281763173 7.710136987e-21)
(-0.1502845454 -0.1476008052 2.033692463e-20)
(-0.1669654673 -0.1702489591 -3.359099301e-22)
(-0.1821697286 -0.196213757 -4.161133649e-20)
(-0.1950106539 -0.2247404349 3.693583668e-20)
(-0.2033047241 -0.2535393036 -4.778258587e-20)
(-0.2011008909 -0.2778920316 7.343509621e-20)
(-0.0006859525607 0.002220044109 7.062644521e-21)
(-0.002181322454 0.006100012906 4.914630089e-19)
(-0.004038864095 0.009515259148 -3.294391031e-19)
(-0.006370428799 0.01224896303 -6.661030448e-19)
(-0.009253523557 0.0140773562 5.287927828e-19)
(-0.01278554668 0.01476606986 6.110469369e-21)
(-0.01707988183 0.01408865536 -1.96610429e-20)
(-0.02225469901 0.01185092534 1.266329002e-20)
(-0.02842192272 0.007916037627 1.999542001e-20)
(-0.03567384464 0.002224763296 1.201801831e-19)
(-0.04406239664 -0.005196953026 -1.264812229e-19)
(-0.05357027812 -0.01425392691 -1.135283506e-19)
(-0.0640739607 -0.02482959048 1.334926939e-19)
(-0.07530622713 -0.0368662634 -6.561905452e-20)
(-0.08685334391 -0.05046632705 -1.880082035e-21)
(-0.09815639965 -0.06593477949 -2.52776918e-20)
(-0.1084910533 -0.08375367707 1.483547055e-20)
(-0.1169799951 -0.1045786237 8.696845508e-21)
(-0.1226211557 -0.1289957206 -3.269439804e-21)
(-0.1244051501 -0.1573278675 -2.671847359e-20)
(-0.1217250159 -0.1893283706 4.70205664e-20)
(-0.1160235293 -0.2234686063 -1.23098433e-19)
(-0.08342197955 -0.2598000031 -1.530737315e-19)
(-0.001530081171 0.003622150061 8.717025904e-21)
(-0.004565120709 0.01035572971 3.154545423e-19)
(-0.007837692496 0.01685945814 -2.118735088e-19)
(-0.01137455595 0.02290009962 -4.169607813e-19)
(-0.01517456723 0.02821986346 3.477014983e-19)
(-0.01924152775 0.03253139315 -7.440362084e-20)
(-0.0235822603 0.03553316725 -5.617256525e-20)
(-0.02819967492 0.03693221377 -3.111873508e-21)
(-0.03308444716 0.03647045211 9.369989163e-21)
(-0.03820171288 0.03395165215 4.031507459e-20)
(-0.04346918446 0.02926199391 -4.927519868e-21)
(-0.04872508516 0.02237349565 1.07663515e-19)
(-0.05368854975 0.01331880048 -1.282567047e-19)
(-0.0579113102 0.002134295632 -2.74495894e-21)
(-0.06069897255 -0.01120554213 4.628411363e-20)
(-0.06102688557 -0.02681822979 2.580896421e-20)
(-0.05773402339 -0.04504672197 7.057541596e-21)
(-0.04946630474 -0.0662776786 -5.153245116e-21)
(-0.03450448796 -0.09074761953 -1.421481192e-21)
(-0.01099239739 -0.1183607913 1.667510082e-20)
(0.02408330228 -0.1481323771 8.530905254e-20)
(0.05315958954 -0.1850429829 -2.945830525e-21)
(0.1401238903 -0.220654628 -4.566204372e-19)
(-0.002274630811 0.004099766029 -2.635335237e-21)
(-0.006671302368 0.01191402541 3.13173262e-21)
(-0.01118257883 0.01972513552 -1.668477021e-20)
(-0.0157417293 0.02732285488 1.192143283e-20)
(-0.02025533716 0.03445529838 -5.74076701e-21)
(-0.02461094214 0.04082712126 -9.254056699e-22)
(-0.02867476773 0.04610886164 5.856307143e-21)
(-0.03228683614 0.04995348345 -4.812465691e-21)
(-0.03525360269 0.05201918404 1.807394213e-20)
(-0.03733478195 0.05199720112 3.971506649e-20)
(-0.03822050524 0.0496396159 5.601114408e-20)
(-0.037494669 0.04477879261 5.609494091e-20)
(-0.03458220376 0.03732850327 -1.481626258e-19)
(-0.02868227012 0.02726078567 -3.728185944e-20)
(-0.01869784031 0.0145596587 4.548782348e-20)
(-0.003194812058 -0.0008534247064 -1.11590662e-20)
(0.01971701525 -0.01909864205 -7.34477409e-21)
(0.05229918695 -0.04016762533 9.32456407e-21)
(0.09685860958 -0.0638822773 -5.809972143e-20)
(0.1552006746 -0.0895640933 -4.44356992e-20)
(0.2327219737 -0.1135207034 4.150916439e-20)
(0.2983203344 -0.1460980798 -1.137886768e-19)
(0.4590224087 -0.1595015719 2.644189393e-20)
(-0.002683012637 0.003794684703 -1.188023099e-20)
(-0.007810531935 0.01112545088 -2.785302087e-20)
(-0.01294173381 0.0185917808 4.721302099e-20)
(-0.01792504687 0.02602604915 -1.384599615e-20)
(-0.02257260877 0.03320838907 -6.32606118e-20)
(-0.02664628461 0.03987091092 5.680476694e-20)
(-0.02985113973 0.04570115812 4.518550362e-21)
(-0.03182778835 0.05035127619 -4.049020054e-21)
(-0.03214151276 0.05345471559 8.873377239e-21)
(-0.03026550458 0.05465037877 -6.393429614e-21)
(-0.02555454866 0.05361130756 -2.543084561e-20)
(-0.01720412111 0.05007235974 9.986458916e-22)
(-0.004191735531 0.04384931428 -1.015878233e-20)
(0.01479759819 0.03484230673 -2.47883305e-20)
(0.04145422791 0.02302706694 7.089699968e-21)
(0.07788980669 0.008441136902 3.461856056e-21)
(0.1265882013 -0.008771669522 -2.694659857e-21)
(0.1902115948 -0.02832348244 4.872806689e-20)
(0.2710720982 -0.04952202803 8.069785743e-20)
(0.3693824777 -0.07172847723 -1.602770081e-19)
(0.4900504245 -0.08847571365 -6.631701064e-20)
(0.5898292746 -0.1125085242 -1.237884229e-19)
(0.795728149 -0.1070652596 2.802002354e-19)
(-0.002697412752 0.003043752426 -2.614031329e-20)
(-0.007769063996 0.00892831525 -1.365627941e-19)
(-0.01269211058 0.01494585299 1.610930195e-19)
(-0.01723334667 0.02096616088 2.010681693e-19)
(-0.0211017911 0.02680594718 -3.246537974e-19)
(-0.02391940952 0.03224009714 -2.171743547e-19)
(-0.02520670234 0.0370024097 3.611483611e-19)
(-0.02436695323 0.04079031915 -5.481200838e-20)
(-0.02066625917 0.04327723226 6.111493529e-21)
(-0.01320771348 0.04413272672 2.646384155e-20)
(-0.0008973787769 0.04304929058 -2.905857944e-20)
(0.01760180069 0.03977388892 -5.325480327e-20)
(0.04392720088 0.03414003282 3.684442455e-20)
(0.08007006505 0.02609507364 8.477523538e-21)
(0.1283887519 0.01572244067 -3.67067622e-20)
(0.1915188373 0.00327636943 1.642712384e-20)
(0.2720575746 -0.0107511247 -3.814221821e-20)
(0.3718752013 -0.0255457196 7.047458644e-20)
(0.4908864443 -0.0399366257 1.71569965e-19)
(0.6260097927 -0.05236262559 -2.703261055e-19)
(0.7694329359 -0.06051605595 -4.663359973e-20)
(0.900358378 -0.06740214807 1.324112267e-19)
(1.061760801 -0.05389290556 -4.049593301e-20)
(-0.002376697891 0.002146768807 4.190550277e-20)
(-0.006634985343 0.006201489694 1.66222532e-19)
(-0.01044004634 0.01025758087 -2.472703936e-19)
(-0.01345108318 0.01420948039 4.823894003e-19)
(-0.01523905945 0.01790478066 -3.260789382e-19)
(-0.01524510492 0.02116511531 -9.03332487e-19)
(-0.01275601646 0.02378856299 1.034667524e-18)
(-0.006877293589 0.02555469774 -2.109159224e-19)
(0.003498952586 0.0262372872 -7.190631035e-21)
(0.01973067833 0.02562479939 2.309165398e-20)
(0.04346480618 0.02354848003 1.210875562e-19)
(0.07667139901 0.0199169154 -1.219299941e-19)
(0.1216551347 0.01475618659 -1.124937423e-19)
(0.1810035583 0.008256549655 1.954827961e-19)
(0.2573888201 0.0008209282853 -1.293152661e-19)
(0.3530935649 -0.006889423276 -1.704709944e-19)
(0.4691219745 -0.01394127774 3.362564969e-19)
(0.6038654532 -0.0191732621 -1.818536736e-19)
(0.7514493231 -0.02174078232 -7.948476046e-20)
(0.9017187982 -0.01984401225 2.460619624e-19)
(1.036202721 -0.0183157016 -4.697268561e-20)
(1.153773111 -0.005796181836 7.753588431e-20)
(1.206319908 -0.0123186113 -7.634454843e-20)
(-0.001670591597 0.001231942002 -2.834270549e-20)
(-0.004192777228 0.003382483188 -1.620559162e-19)
(-0.005710487486 0.00536616047 6.526613188e-20)
(-0.005731808724 0.007104430809 7.934770381e-21)
(-0.00364439754 0.008479054999 2.941232866e-20)
(0.001338644751 0.009370155478 5.014112258e-19)
(0.01021100275 0.009663465408 1.990398252e-19)
(0.02420736985 0.009259573083 -5.522523334e-19)
(0.04484019255 0.008091535415 -1.283309213e-19)
(0.07393259303 0.006150458994 -8.824775174e-20)
(0.1136339107 0.00351816773 7.574324849e-20)
(0.1663912443 0.0004054063833 2.988569665e-19)
(0.23482632 -0.002807311766 -2.286484385e-19)
(0.3214312088 -0.005535188908 2.269905646e-19)
(0.4279578496 -0.006982526931 -2.63682769e-19)
(0.5543744741 -0.006207716475 -2.926658687e-19)
(0.6973994517 -0.002330492651 5.547046809e-19)
(0.8490060946 0.005030249504 -1.901429554e-19)
(0.9961940604 0.01531560829 9.664218137e-20)
(1.12187344 0.02644300622 2.443094358e-20)
(1.214801614 0.0357384303 -3.894017551e-20)
(1.259351974 0.04303848112 4.072408974e-21)
(1.273165169 0.03705176576 -2.387643639e-20)
(-0.0004867573965 0.0003378521166 -1.022714524e-19)
(-0.000238145039 0.0006769411372 -4.868829783e-19)
(0.001728792604 0.0007593639922 3.783559354e-19)
(0.006076778211 0.0005558252425 -1.199435464e-19)
(0.01361694013 3.643408267e-07 -9.30629273e-20)
(0.02537375034 -0.000946666117 8.11054239e-19)
(0.04261892938 -0.002285955817 -9.742520399e-20)
(0.06690239029 -0.0039654339 -3.742068081e-19)
(0.1000761059 -0.00585683597 -1.60841973e-19)
(0.144293796 -0.007725329622 2.347341642e-19)
(0.2019549146 -0.009196958 -1.302357278e-19)
(0.2755392279 -0.009731047549 2.790941739e-20)
(0.3672462179 -0.00861206325 1.405403964e-19)
(0.4783234838 -0.004989606649 6.688546665e-20)
(0.6079811916 0.001983422921 -4.862567393e-20)
(0.7519422264 0.01284783839 -3.788383159e-20)
(0.9011103378 0.02733549029 7.261397949e-20)
(1.041570714 0.04385843452 -1.20084913e-19)
(1.157237264 0.05933190901 -7.477527535e-20)
(1.23621174 0.07049090369 1.430743395e-20)
(1.274262226 0.07458366866 3.104842467e-20)
(1.281132467 0.07335190463 -1.355498468e-19)
(1.273161578 0.06476107677 -9.202472046e-20)
(0.001167154339 -0.0004807320361 -2.20356891e-19)
(0.005154305303 -0.001738178683 -2.853576446e-19)
(0.0116640401 -0.003242692314 1.25510278e-18)
(0.02152651309 -0.004950527464 -5.907397522e-19)
(0.03574154396 -0.006854028767 -2.435556261e-19)
(0.05554833479 -0.008889697414 2.005473606e-19)
(0.08245230877 -0.01092189808 7.994934813e-19)
(0.1182384635 -0.0127275564 -3.014229252e-19)
(0.1649592949 -0.01397176074 -5.688621619e-19)
(0.2248660581 -0.01418138814 1.801281351e-19)
(0.3002313335 -0.01272882706 3.130705e-20)
(0.3929851147 -0.008843906696 -1.17456463e-19)
(0.504063863 -0.001684817383 9.300415583e-20)
(0.6323895905 0.009484275499 1.448835281e-19)
(0.7735401791 0.02495434952 -1.511685644e-19)
(0.918574923 0.04406617049 1.665033024e-20)
(1.054153175 0.06473115239 -3.172492711e-21)
(1.165387541 0.08349365265 -7.995607936e-20)
(1.241530013 0.09671259538 4.977766755e-20)
(1.280783511 0.1024115285 9.379432201e-20)
(1.291523902 0.1011072125 -5.355462393e-20)
(1.284593686 0.09669716912 1.045501946e-19)
(1.269977764 0.087005961 5.791375305e-20)
(0.003217355067 -0.001164027072 -1.981507855e-19)
(0.01171347522 -0.003687636136 -2.027915587e-19)
(0.02354961885 -0.006354113726 1.374835215e-18)
(0.03970078563 -0.00903012254 -8.254490827e-19)
(0.0613234516 -0.01162046693 1.394813966e-19)
(0.0898218787 -0.01394655422 -7.101179362e-20)
(0.1268584319 -0.01572956432 1.166466093e-19)
(0.1743349618 -0.0165787947 -1.75669021e-19)
(0.2343236611 -0.0159744999 -3.862650197e-19)
(0.3089020242 -0.01325880871 4.011264882e-19)
(0.3998243608 -0.007656419905 1.553326868e-19)
(0.5079455989 0.001644917827 -1.22005106e-19)
(0.6323274589 0.01531217806 -1.615282934e-19)
(0.7690711713 0.03353925122 3.859152342e-19)
(0.9102448452 0.0555767411 -1.911194714e-20)
(1.043845246 0.07929052464 -3.146881187e-19)
(1.156104467 0.1012162052 3.15610892e-19)
(1.236371604 0.1176316152 2.560726422e-19)
(1.281822785 0.1263013318 4.541461148e-20)
(1.298134171 0.127522272 -1.020429235e-19)
(1.294870544 0.1233327857 -3.109002673e-19)
(1.280790165 0.1163100458 2.380587202e-20)
(1.263710074 0.1061486025 -2.63686543e-20)
(0.005527111559 -0.001662300512 9.015844774e-21)
(0.01900074338 -0.005041105277 1.001777905e-20)
(0.03658926801 -0.008386583383 7.438687332e-19)
(0.05937936368 -0.01146945283 -4.557915103e-19)
(0.0886406883 -0.01410275735 -8.89137621e-19)
(0.1258803896 -0.01599335839 7.148733166e-19)
(0.1728287754 -0.01672856842 -4.364675259e-20)
(0.2313778363 -0.01577412977 8.69792763e-22)
(0.3034417253 -0.0124733348 -1.796363452e-19)
(0.3906839011 -0.006068231536 -1.322094299e-19)
(0.4940399742 0.004226342626 5.991375581e-20)
(0.6129733263 0.01905905268 7.651813504e-20)
(0.7444772973 0.03865172424 -1.547653206e-19)
(0.8820678782 0.06238049418 7.591633038e-20)
(1.015452953 0.08835126392 -8.022790441e-20)
(1.131981578 0.1133328415 -2.399081801e-19)
(1.220458443 0.1335359586 3.673391927e-19)
(1.275700714 0.1461637137 -9.128916335e-20)
(1.300387664 0.1506238026 -2.189428785e-19)
(1.302602788 0.1483550037 -2.267967779e-19)
(1.291638104 0.1415592264 -2.978376029e-20)
(1.274646796 0.1327397257 7.792819871e-20)
(1.255845651 0.121567618 2.154052536e-19)
(0.007956595551 -0.001959633487 -2.123772374e-20)
(0.02658318129 -0.005769221849 -4.669262365e-20)
(0.05002229431 -0.009322021936 7.494931594e-19)
(0.07943649101 -0.01229512935 -2.784033619e-19)
(0.1161631896 -0.01441431092 -1.114244964e-18)
(0.1617506318 -0.01528286716 7.158378169e-19)
(0.2179135737 -0.01437575777 1.644827646e-20)
(0.2864234594 -0.01105257835 7.274619507e-20)
(0.3688952241 -0.004580275852 3.005507001e-20)
(0.4664126079 0.005806727617 2.314664468e-20)
(0.5789327681 0.02077274253 -1.872691474e-20)
(0.7044556469 0.04063933358 8.298721689e-20)
(0.838090253 0.06502483463 3.131166013e-19)
(0.9714635113 0.09243601769 -1.953638103e-19)
(1.093320801 0.1200612343 -2.198531296e-19)
(1.192132004 0.1441896908 1.472432886e-19)
(1.26019713 0.1614459464 -1.316383952e-19)
(1.296731395 0.1701905176 -2.849102487e-20)
(1.307478937 0.1709907887 3.56388754e-20)
(1.301316839 0.1658899194 -6.610747571e-20)
(1.286374082 0.1572339777 1.095430647e-19)
(1.267843663 0.1469229485 -2.683254166e-20)
(1.248667509 0.1350118922 2.517561661e-19)
(0.0103859143 -0.002067387481 1.516690546e-21)
(0.03410010153 -0.005921529634 -1.607501717e-19)
(0.06323201155 -0.009270821 4.793338098e-20)
(0.09898693724 -0.01170704489 1.92238398e-19)
(0.1427290958 -0.01287902778 3.306315736e-20)
(0.1959946389 -0.01230364551 -6.148025769e-22)
(0.2604152258 -0.009370924477 -1.236063922e-19)
(0.3375597312 -0.003375880638 -1.777532701e-19)
(0.4286527063 0.0064308903 1.477578665e-19)
(0.5341163042 0.02074133876 1.21887397e-20)
(0.6529014479 0.04000026502 -1.646108182e-20)
(0.7816587453 0.06410715967 -2.876783347e-19)
(0.9140027981 0.09203939936 1.824200301e-19)
(1.040454266 0.121547044 2.593655602e-19)
(1.149867709 0.1492423719 -3.977925633e-19)
(1.232629447 0.1714138091 3.352922386e-19)
(1.284305717 0.185387981 -7.750467672e-20)
(1.30722625 0.1905593636 1.403088832e-20)
(1.308720952 0.1883079188 -6.879901897e-20)
(1.297423643 0.1809673863 1.30889129e-19)
(1.280190046 0.1707100394 1.412103445e-19)
(1.260979225 0.1591137583 1.424574489e-19)
(1.241374295 0.1463083716 -2.686691899e-20)
(0.01272912353 -0.002013998148 1.251442028e-19)
(0.04129707761 -0.005595371978 -2.002401652e-19)
(0.07579203181 -0.008416608988 -1.027788164e-18)
(0.1174343889 -0.009995824464 5.194945508e-19)
(0.1675822029 -0.009917897476 -8.797695951e-20)
(0.2277191046 -0.007632659467 1.590165157e-19)
(0.2993463311 -0.002473582692 4.219955737e-19)
(0.3837797831 0.006289634225 -3.162896608e-19)
(0.4818107094 0.01937167337 -4.655236635e-19)
(0.5931879086 0.03733033141 3.790000003e-19)
(0.7159205267 0.06033183711 -1.947072662e-19)
(0.8455206629 0.08782342067 1.325318822e-19)
(0.9745391551 0.1181893042 2.856381222e-20)
(1.093033368 0.1486024662 -3.114911944e-20)
(1.190593233 0.1754008689 -3.401770729e-20)
(1.259683588 0.1951467898 -4.520279015e-20)
(1.298560035 0.2059213672 1.959266512e-20)
(1.311625779 0.2079619219 7.564023108e-20)
(1.306877965 0.203172994 1.665936378e-20)
(1.292378185 0.1939704919 2.091275933e-19)
(1.273883489 0.1823666346 -3.161838712e-19)
(1.254343464 0.1696320265 6.128603484e-20)
(1.234677131 0.1560193952 -1.022912897e-19)
(0.01491880783 -0.001834520261 -5.130255299e-21)
(0.04799091843 -0.004899375868 7.074808465e-20)
(0.0874151216 -0.006954698187 -2.329920708e-19)
(0.1344038557 -0.007457364276 1.704909396e-19)
(0.1902831728 -0.005943179184 2.628481361e-21)
(0.2564555809 -0.001814284195 -4.068195584e-20)
(0.334262869 0.005626882392 3.363102811e-19)
(0.4247442757 0.01710380866 -1.856324212e-19)
(0.528251711 0.03325909434 -6.248369578e-19)
(0.6438953434 0.05447924411 7.488666062e-19)
(0.7688549011 0.08062864182 -1.775036022e-19)
(0.8977384269 0.1107184452 -1.541007978e-19)
(1.022409654 0.1426289819 5.191009625e-20)
(1.132907073 0.1731339594 -3.205661119e-19)
(1.219842424 0.198511558 3.020210726e-19)
(1.277619617 0.215724579 2.595407972e-20)
(1.306588587 0.2235570901 3.079546977e-20)
(1.31248359 0.222900691 -8.425143712e-20)
(1.303472479 0.2159902345 -2.690681566e-20)
(1.286938747 0.205230484 3.433727751e-20)
(1.26771949 0.1924493158 -2.636806359e-19)
(1.248075489 0.1786967561 1.491675383e-20)
(1.22837584 0.1643023664 3.197837112e-20)
(0.01695628412 -0.001564992587 -8.499046583e-20)
(0.05416347171 -0.003948804109 3.231458826e-19)
(0.09805572682 -0.005086111648 8.151424047e-19)
(0.1498275692 -0.004386880866 -7.748941089e-19)
(0.2107600067 -0.001350492273 8.342923018e-20)
(0.2821598795 0.004652051957 3.644414091e-21)
(0.3651973548 0.01432834572 2.289103691e-19)
(0.4606320521 0.02837092222 -6.359646477e-20)
(0.568395227 0.04732603227 -6.222484916e-19)
(0.6870186779 0.07139129217 3.531655189e-19)
(0.8129807964 0.1001314542 2.314971684e-19)
(0.9402029174 0.1321630806 -3.627848725e-19)
(1.060154221 0.1649604835 2.985843663e-19)
(1.163127635 0.1950436088 7.451420004e-21)
(1.240835344 0.2187651508 1.732322454e-20)
(1.289370685 0.2335275273 9.844118601e-21)
(1.310672264 0.2387309775 -3.202617228e-20)
(1.311301967 0.2357668955 -3.90592466e-20)
(1.299331193 0.2270702108 2.422076292e-19)
(1.281486573 0.2149823473 5.720567556e-20)
(1.261873587 0.2011682657 -3.910157646e-20)
(1.242241697 0.1865054402 6.127374095e-20)
(1.222599557 0.1713968111 -1.094329159e-19)
(0.01891099144 -0.001206773276 -4.662848037e-21)
(0.06007926688 -0.002745932927 -4.90933675e-19)
(0.1082295603 -0.00281240968 5.831142794e-19)
(0.16452198 -0.0007731498088 4.969250089e-19)
(0.2301756827 0.003902752362 -4.924884885e-19)
(0.3063850037 0.01186352897 -2.476325259e-20)
(0.3941333586 0.02381112224 4.867818061e-19)
(0.4938914853 0.04038824359 1.309847433e-19)
(0.6051750774 0.06202431808 -1.173771189e-18)
(0.7259715634 0.08871118186 -1.301643616e-19)
(0.8521402412 0.119710982 7.770227592e-19)
(0.9770609659 0.1532712675 -3.369954091e-20)
(1.092003344 0.1865259119 -3.224642921e-21)
(1.187689867 0.2158379074 4.535971432e-21)
(1.256973357 0.2377210656 -2.979840491e-20)
(1.297469476 0.2500417263 3.95699693e-20)
(1.312392437 0.2527631236 -4.258594663e-21)
(1.30883596 0.2476833331 6.299015095e-20)
(1.294631759 0.237360998 3.184765897e-20)
(1.275873681 0.2240485417 -3.205111493e-19)
(1.256045684 0.2092565987 1.36461866e-19)
(1.236503074 0.1937247538 1.935169993e-19)
(1.216945528 0.1779155199 -1.67458076e-19)
(0.02094853524 -0.0007390316167 -6.322468208e-21)
(0.06620746803 -0.00121121166 -8.596777881e-19)
(0.1187134016 2.630425748e-05 6.36676055e-19)
(0.1795808203 0.003644137095 1.302734781e-18)
(0.2499514533 0.01019545593 -1.056194107e-18)
(0.3308861625 0.02033559291 1.443046787e-21)
(0.4231565085 0.03474379395 3.035855972e-19)
(0.5269188692 0.05399033548 3.018438447e-20)
(0.6412554425 0.07836042994 -6.281526331e-19)
(0.7636132365 0.1076124098 -1.203371046e-19)
(0.8892789258 0.1406878211 3.98035566e-19)
(1.011198698 0.1754723872 -1.056945796e-19)
(1.120607277 0.208805865 -1.272439538e-20)
(1.208824831 0.236976367 2.999961196e-19)
(1.269922051 0.2567440201 -1.099395806e-19)
(1.302957498 0.2664819772 1.049863509e-19)
(1.312218426 0.266696723 -6.628445994e-20)
(1.305119089 0.2595329304 -2.344447691e-20)
(1.289134347 0.2476155167 -1.181630824e-19)
(1.269724238 0.2330832386 -2.15724222e-20)
(1.249815486 0.2172945764 9.888257038e-20)
(1.230432905 0.2008743153 4.09332464e-20)
(1.211011844 0.1843303154 -1.281293531e-19)
(0.02302642489 -0.0001543001473 3.385656771e-21)
(0.07243681772 0.0006685359977 -8.445552894e-19)
(0.1293315616 0.003444318838 5.008439913e-19)
(0.1947641144 0.008874034967 1.497124853e-18)
(0.2697810502 0.01752463859 -1.106018029e-18)
(0.3552890196 0.03004546381 8.790338524e-21)
(0.451825492 0.04707470289 5.618772843e-19)
(0.5592131674 0.06908693118 -1.290075718e-19)
(0.6760932529 0.09619715628 -1.144056406e-18)
(0.7993912638 0.1279073499 2.620129891e-19)
(0.9238847416 0.1628297224 4.275911838e-19)
(1.042205416 0.1985079908 -2.12809074e-19)
(1.145711213 0.2315453122 1.747763366e-19)
(1.226455037 0.2582389888 2.643505216e-19)
(1.279752785 0.2756691431 -1.80921398e-19)
(1.305987345 0.2827390032 1.890045975e-20)
(1.310310947 0.2804624564 -1.415486211e-21)
(1.300273465 0.2712663548 -1.493220018e-20)
(1.282912052 0.2577907507 8.211954676e-20)
(1.263075902 0.2420454328 3.797218453e-19)
(1.24320317 0.2252442598 -3.743874051e-19)
(1.224046901 0.2079212628 -1.645342178e-19)
(1.204816169 0.190610932 1.397827841e-19)
(0.02513740006 0.0005500179656 2.537280927e-21)
(0.07873652189 0.002902394728 -4.005522934e-19)
(0.1400225652 0.00745410143 2.819309052e-19)
(0.2099746498 0.01492858647 8.206684406e-19)
(0.2895280364 0.02589634875 -5.832412445e-19)
(0.3794165964 0.04098629869 -2.92608288e-20)
(0.4799251739 0.06077656862 6.110884436e-19)
(0.5905295728 0.08562320325 -6.717028501e-21)
(0.7094315734 0.1154473532 -1.367383774e-18)
(0.833065487 0.1494769534 3.967231392e-19)
(0.9557734231 0.1859943696 4.081126729e-19)
(1.069993529 0.2222304337 6.383478208e-20)
(1.167349307 0.2546145287 4.79728869e-20)
(1.240727236 0.2795328468 -1.594847963e-19)
(1.286678153 0.294445182 9.954388563e-20)
(1.306773268 0.29879269 9.519204048e-21)
(1.306834987 0.2940534228 -7.756853804e-20)
(1.294396236 0.2828754054 -6.461136308e-21)
(1.276005156 0.267871721 1.020480314e-19)
(1.255935865 0.2509151055 9.216915315e-20)
(1.236203829 0.2330852071 -1.501902765e-19)
(1.217338342 0.2148469841 3.941292922e-20)
(1.198357635 0.1967407114 1.900192191e-19)
(0.02726487363 0.001378338204 -3.979392136e-21)
(0.08505591419 0.005497490108 -4.120601729e-19)
(0.1506988386 0.01206283217 3.325717329e-19)
(0.2250855217 0.02181099795 7.062659902e-19)
(0.3090248291 0.0353050479 -5.535074911e-19)
(0.4030616627 0.05313792886 -1.800618451e-20)
(0.5072138785 0.07580795605 -5.767120004e-21)
(0.6206035922 0.1035303513 9.31947138e-20)
(0.7410034474 0.1360114886 -6.613538064e-20)
(0.8643965776 0.1721931504 8.318753538e-21)
(0.9847702074 0.2100353465 -1.007616729e-20)
(1.094486935 0.2464930239 2.144393014e-20)
(1.185559505 0.277887524 -4.726435421e-20)
(1.251776709 0.3007675708 1.233235201e-20)
(1.290884001 0.3130191665 -1.359324335e-20)
(1.305495288 0.3146167829 -1.462287554e-19)
(1.301924145 0.3074546295 -9.460152109e-20)
(1.287562897 0.2943449074 -2.798088919e-20)
(1.268443196 0.2778393135 2.621559753e-20)
(1.248308485 0.2596709653 -2.227290632e-19)
(1.228813208 0.2407977903 9.354183954e-21)
(1.210302814 0.2216346465 6.655215339e-20)
(1.191634447 0.2027054904 -4.234650451e-20)
(0.02937886918 0.002329053938 3.164877501e-21)
(0.09131944803 0.008455439043 -4.441966902e-19)
(0.1612449794 0.01727199427 2.716085649e-19)
(0.2399444582 0.02951849228 7.717799678e-19)
(0.3280848188 0.04573710248 -6.626386456e-19)
(0.4260073481 0.06646833687 2.578622069e-20)
(0.5334521634 0.09211152044 3.864572282e-19)
(0.649186626 0.1227208755 6.56000657e-20)
(0.7705719768 0.1577711294 -9.432892863e-19)
(0.8931876043 0.1959120803 -9.950511653e-20)
(1.010749703 0.2347965517 6.804896153e-19)
(1.115656687 0.2711467186 -1.656834155e-19)
(1.2004139 0.3012417104 -5.630414148e-20)
(1.259752251 0.3218581376 -9.050954618e-20)
(1.292548803 0.3313415566 -1.237505683e-19)
(1.302312141 0.3301846606 -1.122882213e-19)
(1.295686722 0.3206474876 3.879352735e-20)
(1.279827447 0.3056547817 4.439193967e-20)
(1.260241111 0.287669834 1.459265185e-19)
(1.2401892 0.2682879509 -8.684269275e-20)
(1.221020354 0.2483593096 -1.398317241e-19)
(1.202929907 0.2282646858 -2.275312117e-20)
(1.184640343 0.2084884781 -7.930212441e-20)
(0.03150102949 0.003407300152 -2.278334468e-22)
(0.09754335881 0.01177218455 -9.551230626e-21)
(0.1716428839 0.02306184589 4.485125953e-20)
(0.2544840389 0.03800758828 4.474063126e-21)
(0.3465855318 0.05711977649 -8.363458683e-20)
(0.4480776703 0.08087108078 -1.135423978e-20)
(0.5584192257 0.1095435472 4.051159775e-19)
(0.6760297888 0.1430125527 2.205161159e-19)
(0.7978858774 0.1805089765 -9.321404474e-19)
(0.9192184858 0.2203917195 1.297188171e-19)
(1.033559182 0.2600290791 2.52716031e-19)
(1.133445221 0.295958051 -5.635309057e-19)
(1.211956252 0.3244788789 4.256992813e-19)
(1.264776408 0.342651138 -1.86380204e-20)
(1.291829967 0.3492998624 5.901573201e-20)
(1.297370442 0.345411511 3.114136218e-19)
(1.288230448 0.3335604838 1.406921419e-19)
(1.27125501 0.3167381319 1.474775554e-19)
(1.251434124 0.2972992502 -8.765810233e-20)
(1.231598604 0.276706935 -1.444005055e-19)
(1.212838547 0.2557179766 -2.450840455e-20)
(1.195231558 0.2346917826 -1.85362964e-20)
(1.177393934 0.2140514481 7.326356913e-20)
(0.03368346671 0.004690126963 -3.915590357e-23)
(0.1039541563 0.01569070499 4.969583561e-19)
(0.1823406103 0.02985292325 6.81145417e-20)
(0.2693941596 0.04788936264 -3.836605928e-19)
(0.3654578114 0.07026468735 -6.158276715e-19)
(0.4704250383 0.09736194671 -9.779851319e-19)
(0.5834510763 0.1293194027 1.868830074e-18)
(0.7025951021 0.1658049134 -3.530117968e-19)
(0.8244554842 0.2057793724 -8.233393729e-19)
(0.9439522153 0.2472959138 1.400367957e-18)
(1.054507778 0.2874457685 -2.532892371e-19)
(1.148904061 0.3226182579 -5.243449634e-19)
(1.220899069 0.3491981955 5.992980277e-19)
(1.267184441 0.3645969139 -2.506089007e-20)
(1.288703071 0.3681642754 1.353103037e-19)
(1.290354218 0.3613849614 1.568197808e-19)
(1.279043077 0.3471179209 1.341523975e-19)
(1.261230112 0.3283843816 -1.816105495e-19)
(1.241372663 0.3074082722 -1.109957431e-19)
(1.221895076 0.2855204911 -3.76312353e-20)
(1.203652518 0.2633909953 1.388754067e-20)
(1.18662864 0.241364272 7.568309463e-20)
(1.169363861 0.2197818277 2.388144569e-20)
(0.03613783955 0.006333881645 1.246386307e-19)
(0.1110993544 0.02067996218 2.545198421e-19)
(0.1941744375 0.03844059687 -8.716475287e-19)
(0.2857557598 0.06029027892 5.621831491e-19)
(0.3859781476 0.08662174047 -1.075873132e-18)
(0.4944590106 0.1176934404 -1.163364111e-18)
(0.6100092672 0.1534561182 2.451163012e-18)
(0.7302957105 0.1933206937 -4.186800052e-19)
(0.8515311241 0.2359305075 -1.138364665e-18)
(0.9683605519 0.2790005538 8.515993178e-19)
(1.074191248 0.3193452686 -2.395296004e-19)
(1.162196244 0.3532531812 4.007156854e-20)
(1.22697333 0.3772849806 -3.596483586e-19)
(1.266335087 0.3893126211 7.229519012e-20)
(1.282256531 0.3892951601 -6.887381259e-20)
(1.280195475 0.3792448952 -2.558786685e-19)
(1.266997532 0.3622809801 1.208756525e-19)
(1.248632944 0.3414109343 -5.693483326e-19)
(1.228978522 0.3186935415 7.455162899e-19)
(1.210062133 0.2953230383 -2.29416777e-19)
(1.192523274 0.271884625 2.031914547e-19)
(1.176253777 0.2487045083 6.673175786e-20)
(1.159784001 0.226025286 -3.36284225e-20)
(0.03878854334 0.008428022004 1.607480802e-19)
(0.1187749945 0.0269881676 -4.515163629e-19)
(0.206809508 0.04922461615 -1.436015107e-18)
(0.3030894207 0.07574324031 1.045215071e-18)
(0.4074996901 0.1068304644 -2.050620088e-19)
(0.5193383189 0.1425755048 1.502319133e-19)
(0.6370341585 0.182687628 8.292526815e-20)
(0.7578420075 0.2262638109 -9.986559009e-20)
(0.8776052356 0.2715815893 1.526210477e-19)
(0.9907640685 0.3159955697 3.25387942e-21)
(1.090842095 0.3560659892 -8.413788308e-21)
(1.171577256 0.3880580494 -1.552640761e-19)
(1.228569209 0.4088279695 2.356742725e-19)
(1.260832428 0.4168304829 1.128887552e-19)
(1.271333113 0.412710666 -9.451300299e-19)
(1.265948047 0.3990160557 1.845117797e-19)
(1.251303683 0.3790793493 -2.09454064e-19)
(1.232778544 0.3558428832 -1.372400547e-19)
(1.213636664 0.3311635213 4.333620945e-19)
(1.19554289 0.3060997602 -5.098927109e-19)
(1.178985644 0.281175257 2.343546564e-19)
(1.16368703 0.2566616316 1.53133198e-19)
(1.148368956 0.232713192 -1.645450972e-19)
(0.04157397255 0.01107832834 -2.456450684e-20)
(0.1267686721 0.03491524459 -1.36730077e-19)
(0.2198483989 0.06268061954 9.74017091e-19)
(0.3207786029 0.09487131913 -4.203123364e-19)
(0.4291541569 0.1316208355 -1.461373233e-18)
(0.5439159005 0.1727925684 1.570455158e-18)
(0.6630853907 0.2177912181 -1.399422465e-19)
(0.7835078806 0.265339429 -3.359965824e-19)
(0.9007059745 0.313306669 3.385626051e-20)
(1.009024608 0.3586831374 9.768595949e-20)
(1.102271247 0.3978273101 6.071767739e-20)
(1.174939105 0.4270931894 2.692216296e-19)
(1.223775392 0.4437789747 7.63004357e-19)
(1.249028869 0.4470513622 -4.859538038e-19)
(1.254553183 0.4383042503 -1.226739434e-18)
(1.246453894 0.4206028483 5.913470232e-19)
(1.230961162 0.3974220338 2.705644384e-19)
(1.212781744 0.3715855346 3.945801095e-19)
(1.194575 0.3447157231 -2.942245304e-19)
(1.177652881 0.3177105421 1.941432493e-19)
(1.162486737 0.2911339788 -2.975819565e-19)
(1.148521822 0.2650998444 2.968261536e-19)
(1.134696326 0.2396766388 -2.4382784e-19)
(0.04434069057 0.01439110851 2.58939834e-20)
(0.1346155555 0.04475050383 7.445067006e-20)
(0.232489109 0.07925498133 8.810679528e-19)
(0.3376600478 0.1182383609 -7.017105611e-19)
(0.4493975392 0.161622472 -1.756108041e-18)
(0.5662589052 0.2089770645 1.570839506e-18)
(0.6858541321 0.2593319699 -4.17726623e-20)
(0.8046534936 0.3109763347 1.614061786e-20)
(0.9179491322 0.3613432082 -6.714224704e-20)
(1.020143802 0.4070828796 9.489988608e-19)
(1.105527097 0.4444440174 1.750482628e-19)
(1.169537598 0.4700210303 -8.824793343e-19)
(1.21017393 0.4817237336 -2.574772453e-20)
(1.228878599 0.4795559552 -7.704404051e-22)
(1.23021199 0.4656970335 7.49233372e-19)
(1.220273033 0.4436795768 8.539553516e-19)
(1.204724288 0.4170142359 -1.629741345e-19)
(1.18754751 0.3883366393 -5.753419528e-20)
(1.170902875 0.3590765795 9.461847973e-20)
(1.155665573 0.3298742735 7.24662441e-20)
(1.142265506 0.3013985532 3.117560493e-20)
(1.130138893 0.2737656613 2.435348662e-19)
(1.118191603 0.2467066157 7.765540676e-20)
(0.04684144819 0.01845003106 -1.61638139e-19)
(0.1415753924 0.05671074794 -8.005172512e-19)
(0.2434731329 0.09926032836 7.175813969e-19)
(0.3519414822 0.1462014268 -1.057634216e-18)
(0.4659027569 0.1971732909 8.28286219e-19)
(0.5835278905 0.2513755851 2.116976881e-18)
(0.7020451851 0.3073921107 -2.694179804e-18)
(0.8176284944 0.3630308159 -2.702823992e-19)
(0.925478034 0.4152868906 8.83520938e-19)
(1.020247624 0.4605363243 2.204823104e-18)
(1.096921252 0.4950569099 -3.016588033e-18)
(1.1520435 0.5158730549 -5.308232671e-20)
(1.184891517 0.521685582 9.587519944e-19)
(1.197967171 0.5134367171 -4.696456731e-21)
(1.196279842 0.4940823235 -2.184310169e-19)
(1.185672537 0.467532533 -5.311939997e-19)
(1.171138709 0.4372259369 -2.70453363e-19)
(1.155857199 0.4054491788 4.186944896e-20)
(1.141456283 0.3735456755 3.137403181e-19)
(1.128496647 0.342077741 -2.322822757e-19)
(1.117322199 0.31151483 3.056416029e-19)
(1.107664905 0.2820726469 -3.795437331e-19)
(1.098268806 0.2533306244 5.489218653e-21)
(0.04869880361 0.02327174936 -1.076808552e-19)
(0.1465371225 0.07080743469 -2.919485731e-19)
(0.2509417996 0.1226544275 4.488375378e-19)
(0.3610239585 0.1786045478 -1.031690927e-18)
(0.475365269 0.2379365029 -1.682669864e-19)
(0.5917851538 0.2994032231 2.52086591e-18)
(0.7072078673 0.3610822087 1.174618895e-18)
(0.8176425928 0.4202781818 -3.318616216e-18)
(0.9183842118 0.4735877795 -2.882402747e-18)
(1.004557395 0.5172282799 5.328061905e-18)
(1.072038531 0.5476930602 -9.813972301e-19)
(1.118569596 0.5626589516 6.184311055e-19)
(1.144621165 0.5617844715 1.045454047e-19)
(1.153525413 0.5469995144 -1.778866816e-19)
(1.150434804 0.5219559733 -5.03523219e-20)
(1.140698979 0.4907485851 -2.400848778e-19)
(1.128470589 0.4567046416 5.020208612e-20)
(1.116104599 0.4218399366 2.035325632e-19)
(1.104719369 0.3871779636 -2.167934593e-19)
(1.0948132 0.3532718648 -3.476061242e-19)
(1.086669425 0.3205538428 1.279047918e-19)
(1.080182004 0.2892216471 -1.338838976e-19)
(1.074079231 0.2588003598 -1.859051214e-19)
(0.0493769912 0.02872497757 -6.52018247e-20)
(0.1479494377 0.0866215847 -2.398108295e-19)
(0.2523420328 0.1486813383 6.575130853e-19)
(0.3614031329 0.214302857 -1.074726123e-18)
(0.4734236136 0.2823287552 5.303495159e-19)
(0.5859592221 0.351000946 4.06531733e-18)
(0.6957660571 0.417856689 7.919483067e-19)
(0.7988743166 0.4797179376 -6.24718377e-18)
(0.890893065 0.5328755692 -2.867532028e-18)
(0.9676331077 0.5735555846 3.441314654e-18)
(1.025997519 0.5986862946 1.372902099e-18)
(1.064889704 0.6068345239 1.406135387e-18)
(1.085808218 0.5987507864 -1.727317165e-18)
(1.092591189 0.5772802358 4.740166812e-19)
(1.09016416 0.5466457773 -9.374649924e-19)
(1.083113507 0.5110017111 -5.110546356e-19)
(1.074655459 0.4733829744 2.364580701e-19)
(1.066484628 0.435505269 -1.943770519e-21)
(1.059282439 0.3982022481 -9.9124418e-20)
(1.053374325 0.3619448675 1.077105883e-19)
(1.049107163 0.3271214206 4.318750491e-20)
(1.046617776 0.2939658703 3.591420452e-20)
(1.044664296 0.2620342854 -1.631483922e-19)
(0.04824409325 0.03444940382 -8.357401756e-20)
(0.1439986427 0.1030585281 -2.079045289e-19)
(0.2447165849 0.1754584939 6.88102218e-19)
(0.34906789 0.2505865346 -1.034172786e-18)
(0.4551587074 0.3267984021 3.8510278e-19)
(0.5604318004 0.4017982222 3.358899242e-18)
(0.6616723282 0.4725990168 -6.125466866e-19)
(0.7551574222 0.5356268869 -6.364858674e-18)
(0.8370388326 0.5870351853 3.676263969e-19)
(0.9039843303 0.6232903743 -3.267056023e-19)
(0.953961339 0.642004174 3.32443714e-18)
(0.9869403335 0.6427210941 -5.56684434e-19)
(1.0051282 0.6273050874 -1.677811619e-18)
(1.012373493 0.599516943 1.375608915e-18)
(1.01303584 0.5638900724 1.559086789e-19)
(1.010777514 0.5244191661 -3.96483557e-19)
(1.007906261 0.4837831352 -5.907817778e-19)
(1.005470819 0.4433908214 6.827365601e-19)
(1.003813531 0.4039000814 -1.585128489e-19)
(1.003125233 0.3657095838 9.253377644e-20)
(1.003741153 0.329201629 2.560341851e-19)
(1.005989396 0.2946931326 -9.595939815e-20)
(1.009046825 0.2617786901 3.724238425e-20)
(0.04452098147 0.03962374178 -5.188796033e-20)
(0.1325008939 0.1177652541 1.105811607e-19)
(0.2245875422 0.1991341169 -1.116179871e-19)
(0.3194182559 0.2821810857 1.233681783e-18)
(0.415090712 0.3647608556 -1.436077183e-18)
(0.5091511442 0.4440613868 -5.468954094e-18)
(0.5986587447 0.5166506282 7.4469921e-18)
(0.6803942221 0.5786946434 -2.807680479e-18)
(0.7512633008 0.6264114994 -1.443049209e-18)
(0.8088746452 0.6567610382 2.505045812e-18)
(0.8521722482 0.6682488644 3.382621018e-18)
(0.8818635675 0.6615426968 -4.33115799e-18)
(0.9003567517 0.6395200904 2.132091191e-18)
(0.9111023252 0.6065445282 2.171926597e-19)
(0.9175789556 0.5672027891 -7.896143918e-19)
(0.922426375 0.5251457562 1.014231115e-19)
(0.9271221545 0.4826278814 5.769166373e-19)
(0.9322096339 0.4407778595 1.303765916e-19)
(0.9377530194 0.4001314219 -6.77011506e-20)
(0.9437297208 0.3610287967 2.082589009e-19)
(0.9502533882 0.3238656425 -5.997605546e-20)
(0.9576357153 0.2891624694 -1.577232212e-19)
(0.9663042679 0.2567164833 6.860528649e-20)
(0.03856815913 0.04303735532 -1.213448382e-20)
(0.114522389 0.1271014876 -1.904057258e-20)
(0.1937856137 0.213545329 -3.656323362e-21)
(0.275149821 0.3004075754 3.630844149e-19)
(0.3569181091 0.3851649323 -1.196972193e-18)
(0.4369844036 0.464677396 -3.227278558e-18)
(0.5129295324 0.535323662 3.831416164e-18)
(0.5822347055 0.5933250932 9.039318638e-19)
(0.6426411961 0.6352826584 1.411124236e-18)
(0.6926136265 0.6588814093 1.191950679e-18)
(0.7317752953 0.663583948 -4.088058423e-18)
(0.7611125785 0.6510044838 1.815588496e-19)
(0.7827710007 0.6246625113 1.632111698e-18)
(0.7994435729 0.5890663313 -9.394258776e-19)
(0.813606226 0.5484932449 -1.565192639e-19)
(0.8269707254 0.5060885446 -4.014592498e-20)
(0.8403775251 0.4636868025 1.755386932e-19)
(0.8540380996 0.4222014805 -1.787794616e-19)
(0.8678435115 0.3821054371 1.417934789e-19)
(0.881518144 0.3437365042 -1.571020395e-19)
(0.8946129946 0.307526507 -1.548566456e-19)
(0.9066947211 0.2741844387 -4.524643522e-20)
(0.918583588 0.2441701234 5.974460293e-21)
(0.03097842052 0.04342711164 -1.0135232e-20)
(0.09205572266 0.1276669614 -4.453587157e-20)
(0.1559944411 0.2134964342 -3.894374824e-20)
(0.2219086227 0.2987348242 -2.094853562e-19)
(0.2884683453 0.3807099261 -1.502407018e-19)
(0.3540598494 0.4562209207 6.065352579e-20)
(0.4168773564 0.5217360056 -3.743246546e-19)
(0.4750964735 0.5737727329 1.196639105e-18)
(0.5271520906 0.6094514305 1.51203094e-18)
(0.5720722448 0.6271434426 -2.006330093e-18)
(0.6097577989 0.6270204164 -1.428473307e-18)
(0.6410644866 0.611226337 1.151018595e-18)
(0.6675860765 0.5834574744 4.65343983e-19)
(0.691178415 0.5480052274 -1.37353132e-19)
(0.7134298614 0.5086709653 -8.435784573e-20)
(0.735335256 0.4680965182 -1.200111038e-20)
(0.7572956477 0.4277612611 4.151046135e-20)
(0.7793357881 0.3884033293 -5.811430184e-20)
(0.8013061019 0.3504290464 -5.345625187e-22)
(0.8228914019 0.3141282624 -9.533800012e-21)
(0.8434750182 0.2797904324 8.230491784e-20)
(0.8623462902 0.2477260046 2.215423952e-20)
(0.879993401 0.2179454782 9.268827854e-21)
(0.02280724677 0.04089077044 -5.877300018e-20)
(0.06805680319 0.1197755434 -3.461078002e-19)
(0.1159374525 0.1995623602 1.605475548e-18)
(0.1659780013 0.2780595874 -6.915444164e-19)
(0.217307185 0.352667428 9.904561656e-20)
(0.2688718771 0.420361704 -5.113528752e-19)
(0.3194997176 0.4779226494 -1.013037198e-19)
(0.3680081186 0.5223268006 6.605416924e-19)
(0.4133869454 0.5512692563 6.456332564e-19)
(0.4550137594 0.5637217732 -1.248864219e-18)
(0.4928210044 0.5603388247 4.599073691e-19)
(0.5273231565 0.5434766685 2.156215877e-20)
(0.5594505832 0.5166863539 5.236984508e-21)
(0.5902322958 0.483803049 -3.359694529e-20)
(0.620469246 0.4480373407 4.280685458e-19)
(0.6505592176 0.4115148135 -8.619379313e-20)
(0.6805346358 0.3753919259 -1.520096068e-19)
(0.7102284784 0.3402682464 -1.275971832e-19)
(0.7394102202 0.3065270791 -8.395540742e-20)
(0.7677764017 0.2744902139 1.328368806e-19)
(0.794854567 0.24447113 -4.47004959e-20)
(0.8201741519 0.2166986014 7.804150911e-20)
(0.8440844164 0.1909018602 -3.516381373e-20)
(0.01488548021 0.03535749286 3.861113149e-19)
(0.04493557593 0.1032749614 -3.619101354e-18)
(0.07758145461 0.1715758903 -4.553260105e-19)
(0.1127972398 0.2382766719 2.022869735e-18)
(0.150189298 0.3010801975 -1.816678787e-18)
(0.1892557726 0.3573756934 8.099618945e-19)
(0.2294058268 0.4044641811 -4.221556816e-20)
(0.2699943122 0.4399162608 -2.946485177e-19)
(0.3104107894 0.4620178659 3.512095079e-19)
(0.3501970944 0.4702097135 -3.616719194e-19)
(0.3891445624 0.4653585992 3.712466798e-20)
(0.4273202283 0.4496813276 3.285273604e-20)
(0.4649925405 0.426246459 -8.158837165e-20)
(0.5024749985 0.3982008745 -3.517686992e-19)
(0.5399585476 0.3680711592 1.079503894e-19)
(0.5774184261 0.3374705217 3.991502812e-19)
(0.6146331405 0.3072555271 -7.99236826e-21)
(0.6512758126 0.2778744664 5.282405289e-20)
(0.6869925805 0.2496293721 -2.818675413e-19)
(0.7214069032 0.222793265 -1.617021252e-19)
(0.7540994374 0.197667811 9.882299035e-20)
(0.7847657253 0.1745718415 1.569700512e-20)
(0.8137166684 0.1535874636 4.554745236e-20)
(0.008096713098 0.02719367571 5.424279262e-19)
(0.02520053 0.07925750603 -3.641097409e-18)
(0.04497189592 0.1313863685 -2.958657165e-18)
(0.06778890734 0.1820064658 4.204067934e-18)
(0.09368327927 0.2293265853 -1.365691933e-18)
(0.1226254618 0.2713462259 1.51942717e-18)
(0.1544985319 0.3060438048 2.437100583e-19)
(0.1890642179 0.331660396 -1.104980049e-18)
(0.2259740705 0.347036438 -7.281881332e-19)
(0.2648167443 0.3519231103 1.434562847e-18)
(0.3051789682 0.3471463215 -7.046928023e-19)
(0.3466969375 0.3345002424 2.322510321e-19)
(0.3890754238 0.3163370791 1.623312042e-19)
(0.4320633671 0.2949853444 4.252456992e-22)
(0.4753997189 0.2722616874 -6.874118325e-20)
(0.5187655343 0.2492997906 9.355886704e-20)
(0.5617748796 0.226696202 -8.607879246e-21)
(0.6040041222 0.2047674732 2.237381664e-19)
(0.6450253899 0.1837248981 9.506626791e-20)
(0.6844169332 0.163740748 -3.279105268e-19)
(0.7217839169 0.144981634 -2.627469879e-19)
(0.7568789245 0.1276306135 1.967697952e-19)
(0.7898521116 0.1118158167 7.935240183e-20)
(0.00315804508 0.016957099 -2.641717995e-20)
(0.01088457141 0.04933330956 -8.92933381e-20)
(0.02138367552 0.08163347826 -2.153491609e-19)
(0.03533833874 0.1128541367 1.378531952e-19)
(0.05309693685 0.1418683182 -1.596089872e-19)
(0.07497268242 0.1674341612 6.990240834e-20)
(0.1011807846 0.1883189726 1.777057005e-18)
(0.1317525584 0.2034794393 -1.449070191e-18)
(0.1664915615 0.212267915 -2.217251031e-18)
(0.2049762887 0.2146133316 3.22555438e-18)
(0.246605654 0.2111021098 -1.008659e-18)
(0.2906801348 0.2028895468 -2.322784252e-19)
(0.336495211 0.1914324426 7.575233913e-20)
(0.3834103742 0.1781343502 2.870082016e-20)
(0.4308664931 0.1640660667 -9.195084212e-20)
(0.4783582283 0.1498853767 1.088337009e-19)
(0.5253984133 0.135940137 -8.70109437e-20)
(0.5715050697 0.1224246406 1.427516398e-19)
(0.6162089177 0.109478499 4.194246047e-19)
(0.6590693588 0.09721828534 1.865326862e-19)
(0.6997131545 0.08574832646 -5.06617364e-19)
(0.7379101917 0.07516996927 -1.712985835e-19)
(0.7736427584 0.06556027964 2.115277109e-19)
(0.0005871722027 0.005401585488 -6.091390527e-19)
(0.003446748276 0.01565934561 1.513412567e-18)
(0.009151795785 0.02582392007 4.622577339e-18)
(0.01854738133 0.03556563348 -2.976554495e-18)
(0.03214859789 0.04452233301 0)
(0.05044610839 0.05230282633 -4.499146189e-20)
(0.07382303383 0.05852933947 -7.824409435e-20)
(0.1024416081 0.06289588992 -1.792469883e-18)
(0.1361715024 0.0652320855 1.0455398e-18)
(0.1745718553 0.06555459373 3.05207672e-18)
(0.2169325204 0.06408330276 -2.294527453e-18)
(0.2623743117 0.06120320453 5.790935691e-21)
(0.3099825239 0.05737432056 3.924994516e-20)
(0.3589224413 0.05302278603 9.954821577e-20)
(0.4084892615 0.04846328934 1.209949897e-19)
(0.4580869824 0.04388479631 2.830293202e-19)
(0.5071782837 0.03938738966 -3.133638641e-19)
(0.5552523847 0.03502913244 -3.661105509e-19)
(0.6018227611 0.03085360729 6.094361132e-19)
(0.6464467227 0.02689864645 4.04995833e-19)
(0.6887680956 0.02320003651 -6.528473677e-19)
(0.7285614468 0.01979511536 -3.545994089e-19)
(0.7657053836 0.01671839078 3.243826977e-19)
(-0.2117356695 -0.2818149248 2.013002911e-20)
(-0.2053670262 -0.2638784635 -2.457483061e-20)
(-0.1888895443 -0.2217382976 -2.020745274e-20)
(-0.1638642788 -0.1561044085 2.57153519e-19)
(-0.1276029855 -0.0651782405 -3.15045375e-19)
(-0.08206095185 0.04812563051 1.296014859e-19)
(-0.02869292302 0.1753052012 3.910296093e-19)
(0.03070567683 0.3038645731 -3.447485546e-19)
(0.0888365298 0.4193955934 1.41939007e-20)
(0.1340873087 0.5136376407 -5.209468803e-20)
(0.1601831262 0.5819779797 6.978585513e-21)
(0.1747354397 0.6166019027 8.691899357e-23)
(0.204564522 0.5909597565 7.156103642e-21)
(0.2801002478 0.471270724 -1.159501032e-19)
(0.4040900673 0.2545656254 1.413505492e-19)
(0.547451898 -0.01122683107 1.112588087e-19)
(0.6775551753 -0.2466913787 -4.792464947e-20)
(0.7641090929 -0.4153749394 6.179734305e-20)
(0.797749149 -0.4941882585 -2.579895985e-20)
(0.8245591857 -0.4968315716 -1.678567635e-20)
(0.8101365625 -0.4832808784 -4.437742473e-20)
(0.719143461 -0.5055189237 4.880674506e-20)
(0.6368260101 -0.454413355 1.328711453e-20)
(0.6576709963 -0.22596005 1.453536998e-19)
(0.7380216204 0.05198359285 -9.650400761e-20)
(0.8403032212 0.2708936654 -4.154006504e-20)
(0.9114277594 0.3442681126 3.088468416e-21)
(0.8821377488 0.425796383 4.231026293e-21)
(0.797455473 0.456088369 -4.77809766e-21)
(0.7847151411 0.3385715061 -5.728463518e-21)
(0.8597736451 0.1606231097 6.377079103e-20)
(0.9267198441 -0.09718094361 -5.751590999e-20)
(0.9469945394 -0.2546050224 3.3663153e-20)
(0.9614908642 -0.4185094653 -5.017000546e-21)
(0.9559713473 -0.4206495658 1.193428732e-20)
(0.9562749746 -0.1808322561 -4.424506094e-21)
(0.9793986911 0.01781727829 -1.366172307e-21)
(1.004806603 0.3646714155 -1.741638962e-21)
(1.002843455 0.4427595956 -1.460202525e-21)
(1.006358824 0.1622074163 2.611000688e-20)
(1.042231152 -0.04126622866 3.190674323e-21)
(1.053739513 -0.4189875798 -6.128554385e-22)
(1.055805306 -0.4396625304 3.051550221e-20)
(1.06854331 0.2444359322 2.105732922e-19)
(1.041560563 0.4444568114 7.678085928e-21)
(1.04277954 -0.05107022324 8.044186056e-20)
(1.021102307 -0.2266407527 -1.450759536e-22)
(1.01036058 -0.006716252461 -2.91690992e-20)
(1.005276597 0.07360483231 2.258196474e-22)
(0.9999576658 0.00762146824 1.033717897e-21)
(0.9987293139 -0.01549715936 -1.217328226e-21)
(0.993948695 -0.003424081045 -1.879731646e-21)
(-0.2078326562 -0.2779110499 -6.216852778e-20)
(-0.2193809116 -0.2727261577 6.159225064e-20)
(-0.2202759068 -0.2418611992 -2.418170139e-19)
(-0.215448196 -0.1894590779 3.934512954e-19)
(-0.1992336036 -0.1120750601 -1.168922708e-19)
(-0.1715711399 -0.0112673337 1.081377343e-19)
(-0.1324041228 0.1090875181 5.73558082e-19)
(-0.08310686469 0.2383212639 -5.859192406e-19)
(-0.02665580465 0.3618071762 7.038633521e-20)
(0.03089444914 0.4677109313 5.812469939e-20)
(0.08634295429 0.5439227497 5.541448724e-20)
(0.1493188827 0.5749458418 2.048230242e-21)
(0.2379547331 0.5340048978 7.38641343e-23)
(0.3635234205 0.3989973748 -4.913002068e-20)
(0.5148283784 0.1771081154 7.118508778e-20)
(0.6628381833 -0.0827382621 1.334437652e-20)
(0.7804884466 -0.300284522 -2.311003758e-21)
(0.8522507294 -0.4406023329 1.072892983e-19)
(0.8607501181 -0.5031871941 2.134192402e-20)
(0.8580162863 -0.4971457946 -7.076156693e-20)
(0.8416409528 -0.4586062916 1.919382681e-20)
(0.7581306858 -0.4617405534 6.121183557e-21)
(0.6504957534 -0.4356438217 1.812258484e-21)
(0.6362697607 -0.2511236476 3.824346511e-19)
(0.7067408772 0.003170629865 -4.105335849e-19)
(0.8178568973 0.228173933 1.41580134e-19)
(0.8968270624 0.3326666316 -3.140533989e-20)
(0.862685789 0.4453708951 1.610219889e-21)
(0.7797345719 0.4744930713 4.177589792e-20)
(0.7722273207 0.3307389732 -7.727453581e-20)
(0.8624610091 0.1415899626 9.505017857e-20)
(0.9405425699 -0.1050472867 6.905203134e-22)
(0.9648436213 -0.2567594559 -2.531518026e-20)
(0.9808255032 -0.4178198252 9.185926818e-21)
(0.9669620257 -0.4224211264 5.571361663e-21)
(0.9624731537 -0.1853159824 -3.012536055e-21)
(0.9705801903 0.009894882536 9.689027356e-21)
(0.9888504015 0.3597361235 -1.25985047e-20)
(0.9943303367 0.4413093575 5.842994969e-21)
(1.001453481 0.1617557732 -8.416239506e-20)
(1.050897296 -0.04412167095 1.301351403e-19)
(1.064812241 -0.4176228882 -3.839247402e-20)
(1.049999735 -0.44268446 1.477581014e-21)
(1.057301921 0.2442011243 1.595957231e-19)
(1.037793878 0.4446495191 3.254581389e-20)
(1.046396072 -0.04713162643 5.895310435e-21)
(1.022381892 -0.2245719694 -1.040191056e-20)
(1.007376124 -0.005981945855 -8.473028049e-20)
(1.003084623 0.07406071119 -4.93011641e-22)
(0.9993136169 0.008077568525 -1.853104076e-21)
(0.9979697614 -0.01513569619 -1.302118842e-21)
(0.9929775087 -0.003161904278 -1.520935023e-21)
(-0.08852254319 -0.2594630785 7.133360658e-20)
(-0.1156410607 -0.2646537615 3.368995766e-20)
(-0.1310390719 -0.2457608267 9.403531163e-20)
(-0.1441415309 -0.2072018854 -8.850201679e-20)
(-0.1483873117 -0.1457562395 1.490121058e-19)
(-0.1406946936 -0.06120840122 1.294761902e-19)
(-0.1193369516 0.04432669177 -4.376272436e-19)
(-0.08388724639 0.1632055884 2.209340634e-19)
(-0.03346871402 0.2842250558 6.246714907e-21)
(0.03050089768 0.3914800733 1.465391637e-21)
(0.1082664057 0.4694559667 -2.23133775e-20)
(0.2058495778 0.4987277451 1.573973263e-20)
(0.3305609823 0.4554951184 5.189758249e-21)
(0.4818878957 0.323844682 -4.972601812e-21)
(0.6447112654 0.1130805135 -3.196691677e-21)
(0.7896036392 -0.1314162024 -5.099346901e-20)
(0.886695413 -0.3332213874 -6.233078042e-20)
(0.9370175681 -0.4503981256 9.375572008e-20)
(0.9271895868 -0.496671612 4.847315048e-20)
(0.8947404106 -0.4906701784 -5.073646196e-20)
(0.8709308643 -0.4391625652 1.005945295e-19)
(0.8022729254 -0.4189191574 -3.462872902e-20)
(0.6846051487 -0.4090084194 -1.391820818e-20)
(0.6381554443 -0.2737421703 2.525868467e-19)
(0.6929976962 -0.05172201545 -1.6758885e-19)
(0.8049364527 0.1782829534 8.774162484e-20)
(0.8873804773 0.3153170745 -1.222594832e-20)
(0.8476667127 0.459102194 2.001211434e-21)
(0.7683790533 0.4922568014 5.787873363e-20)
(0.7693384745 0.3250545372 -6.687625084e-20)
(0.870877192 0.1243613021 -9.017237022e-21)
(0.9568663002 -0.1103766104 4.499768425e-20)
(0.9835722159 -0.2564656369 -9.798322572e-21)
(0.9991007765 -0.4145679233 -1.874496977e-21)
(0.9763279882 -0.4241628522 1.961211659e-22)
(0.96786379 -0.1912694451 2.401477759e-21)
(0.9619384767 0.0006313762189 2.642839847e-21)
(0.9722685839 0.3516033825 1.258703367e-20)
(0.9838039448 0.4395917494 -4.052408775e-21)
(0.9952233932 0.1624486745 -1.25905463e-19)
(1.057461078 -0.04567442361 1.404606398e-19)
(1.074377914 -0.4135440933 -1.783809996e-21)
(1.041811044 -0.4456550599 -6.642790549e-20)
(1.043952789 0.2404403266 -7.012821992e-20)
(1.031823044 0.4441265406 3.261838624e-21)
(1.048370517 -0.04200823989 -6.77887045e-20)
(1.022504171 -0.2218778855 -1.987080239e-20)
(1.003254156 -0.005575020298 -2.003629361e-20)
(0.9998155313 0.07428215244 -2.160141545e-21)
(0.9976621878 0.008537826038 3.820688648e-21)
(0.9962366294 -0.01473905628 -3.688729587e-22)
(0.9911121935 -0.002896144565 -2.478290081e-22)
(0.1392279162 -0.2275825502 1.818455472e-19)
(0.09694612462 -0.2379374487 1.653317531e-19)
(0.06632895791 -0.23234128 -2.275799083e-20)
(0.03671805452 -0.2087406843 -1.744758893e-19)
(0.01336721083 -0.1641564208 1.5945735e-19)
(0.001139984862 -0.09770903473 2.43723195e-19)
(0.003442800784 -0.01140069824 -6.381272096e-19)
(0.02270621276 0.09078594118 4.080704178e-19)
(0.0620523375 0.1998366867 -1.572576829e-19)
(0.1230156026 0.3008478246 -2.920098852e-20)
(0.2077174529 0.3764467972 -5.230496147e-20)
(0.3189184217 0.4069275511 -1.02126874e-19)
(0.455664122 0.3716809383 7.598519605e-20)
(0.6125089119 0.2545071412 -5.450430466e-20)
(0.7747528852 0.06324600452 1.004898141e-20)
(0.91323967 -0.1584857026 1.329897888e-20)
(0.9906347788 -0.3445309567 -3.364864184e-20)
(1.014881347 -0.4473863897 1.898939871e-20)
(0.9913456521 -0.4790892354 -5.985901892e-20)
(0.9358153474 -0.4762418379 1.777369615e-20)
(0.8974985978 -0.4249463101 4.744704351e-20)
(0.8446551908 -0.3818497981 1.567750433e-20)
(0.7323453606 -0.3771895721 -8.704821236e-20)
(0.6618603063 -0.2899132087 -2.281741776e-19)
(0.6971583063 -0.1075645717 2.159582435e-19)
(0.8004859818 0.1217170218 6.389259689e-20)
(0.8808134115 0.2936212299 -8.893542129e-21)
(0.8391298949 0.4729531045 6.821996828e-23)
(0.7678607316 0.5122632497 1.519244773e-21)
(0.7770567423 0.3235841354 -7.310908085e-21)
(0.8844661834 0.1101128262 -4.802629611e-20)
(0.975125591 -0.112770453 -5.207788426e-21)
(1.002380503 -0.2530546192 4.044793619e-22)
(1.015851773 -0.4088010158 1.212388055e-20)
(0.9846946905 -0.4258330227 -3.09345922e-23)
(0.9718015718 -0.1986296812 1.308937414e-20)
(0.9532330321 -0.009745717947 1.095823711e-20)
(0.9555164449 0.3415543817 -3.752839279e-20)
(0.9719967249 0.4379429843 -6.339409903e-21)
(0.9884013535 0.1642704197 -8.480143159e-21)
(1.061818908 -0.04572913255 -3.638230411e-20)
(1.082275158 -0.4073350547 5.36409961e-20)
(1.031625077 -0.448371705 -7.92000237e-20)
(1.028790464 0.2337733874 -4.629374422e-20)
(1.024063338 0.4429507025 -8.290770974e-20)
(1.048856956 -0.03592785916 2.628043205e-19)
(1.021671597 -0.2185965945 5.601711301e-21)
(0.9981326497 -0.005478136769 3.989355417e-20)
(0.9955750831 0.07426876752 2.861114211e-21)
(0.9950896771 0.008992183747 8.394780922e-21)
(0.9936190457 -0.01431476636 -2.286659766e-22)
(0.9884278669 -0.002630210037 2.497429381e-23)
(0.4499869457 -0.1774679318 -1.902993605e-20)
(0.4063766338 -0.1885021967 2.148503688e-19)
(0.3587797912 -0.1933639767 2.371210594e-19)
(0.3119399038 -0.1851790622 -9.452267576e-20)
(0.2672542668 -0.1601618469 1.008145628e-19)
(0.2302968135 -0.115714504 -1.248859345e-19)
(0.2076506032 -0.05200562799 -1.383476006e-19)
(0.2046939368 0.02917672652 1.697972367e-19)
(0.2254548949 0.1215940157 -8.734098794e-20)
(0.2730990113 0.2113644474 6.728305031e-21)
(0.350232325 0.2813263029 2.889368088e-20)
(0.4573242208 0.3138309828 -1.176409037e-19)
(0.5890816087 0.2918121714 9.781886433e-20)
(0.7394325286 0.1960885925 -1.625395585e-19)
(0.8937221066 0.0296820998 7.029277922e-20)
(1.022410186 -0.167812881 -3.868731116e-20)
(1.084352152 -0.3362949303 -8.166508273e-20)
(1.084275439 -0.4324077293 4.735036138e-20)
(1.048277542 -0.4550418481 2.8044264e-20)
(0.9802032485 -0.4542213315 -2.513623963e-20)
(0.9234613141 -0.4142896269 2.762475348e-20)
(0.8806979504 -0.3543032823 2.571693723e-20)
(0.7841328805 -0.3434042549 -9.810134464e-20)
(0.6992731839 -0.297565721 -1.908832567e-19)
(0.7118768098 -0.1599388064 9.115355257e-21)
(0.8010629766 0.06260241932 1.143933762e-19)
(0.877144937 0.2606020222 2.913909144e-21)
(0.8350185963 0.4693285577 -6.942198464e-22)
(0.7704100465 0.5289227988 -7.603475275e-21)
(0.7884326771 0.3294679038 3.723336051e-20)
(0.9001159593 0.1032538775 3.275261091e-20)
(0.9943945284 -0.1115159277 -1.869155907e-21)
(1.020973449 -0.245881766 6.246254754e-21)
(1.030369049 -0.3998516529 -2.016698862e-20)
(0.99321926 -0.4278169645 -1.8969931e-22)
(0.9739036371 -0.2072638875 -1.422942003e-20)
(0.9448970631 -0.02253989925 2.082426459e-20)
(0.938306888 0.3269494424 -1.718323328e-20)
(0.9580994423 0.4356754455 2.87001488e-21)
(0.98122063 0.1677184083 1.188634799e-20)
(1.064291265 -0.04372623771 -5.294916448e-20)
(1.087780387 -0.3986060661 6.385225027e-21)
(1.020504101 -0.4510854852 9.063130734e-20)
(1.011335012 0.223182117 -2.434540778e-21)
(1.013993422 0.4412433671 -6.461875756e-20)
(1.047918933 -0.02903460256 -1.108570288e-19)
(1.020134148 -0.2148261723 9.162719896e-20)
(0.9922015012 -0.005669612607 9.892034528e-21)
(0.990516571 0.07402841597 2.217035534e-22)
(0.9917248666 0.009422762328 -5.166789007e-21)
(0.9902412478 -0.01387242219 1.654722941e-21)
(0.9850291937 -0.002367119767 3.623865999e-23)
(0.7804907764 -0.1233702055 -2.755973385e-19)
(0.7405703782 -0.1337007212 1.33324042e-19)
(0.6922957977 -0.1395940588 4.95440244e-19)
(0.6398729919 -0.1375205924 -4.301775999e-19)
(0.5845706806 -0.1253754484 1.408959549e-19)
(0.5295143137 -0.1004216544 -4.611465912e-20)
(0.4812788697 -0.06036569304 4.186690408e-20)
(0.4489546988 -0.003891915601 2.788137086e-20)
(0.4400588416 0.0648777649 -2.288434167e-20)
(0.4605972685 0.1377737449 -3.66015995e-20)
(0.5151285056 0.1991746288 4.577224459e-20)
(0.6030512785 0.2321673138 4.761754231e-21)
(0.7182700206 0.2234205544 1.407831984e-20)
(0.8575109459 0.1499358937 1.182105204e-19)
(1.00042269 0.005786026936 -2.7432499e-19)
(1.11352742 -0.1641398795 -2.852123522e-19)
(1.162827478 -0.3114045774 7.488808966e-20)
(1.144989112 -0.4043603829 7.2665399e-20)
(1.09672674 -0.4265019674 7.424559637e-20)
(1.024808896 -0.4258303593 -1.869594162e-20)
(0.9517473404 -0.4032449699 2.587022436e-20)
(0.9100742685 -0.3376851805 -3.337650103e-20)
(0.8322709436 -0.3115134927 2.868291891e-20)
(0.7427329829 -0.2947910825 7.954498963e-20)
(0.730073362 -0.2071241481 -9.626225715e-20)
(0.7983384753 0.003817813678 9.775198879e-21)
(0.8727833986 0.2284794919 -2.602509213e-21)
(0.8371039679 0.4743063551 1.380887502e-20)
(0.7833737028 0.5472211892 9.542253192e-21)
(0.8082899112 0.3334980945 8.375919153e-21)
(0.921297437 0.09263839873 7.017572125e-21)
(1.014668753 -0.1096988838 -7.136285595e-21)
(1.039522358 -0.2354017261 2.664283939e-20)
(1.042884143 -0.3868784226 -4.107506005e-20)
(1.002025963 -0.4292928086 2.190431433e-20)
(0.9750162842 -0.2182433517 -6.955425411e-20)
(0.9339465098 -0.03316297777 -1.65220317e-20)
(0.9232496872 0.3146515667 -3.638764034e-20)
(0.9451489093 0.4333871917 -1.353770302e-21)
(0.9759282302 0.1699157424 2.402555552e-20)
(1.066519328 -0.04038289675 1.734308005e-21)
(1.090426456 -0.3860265886 1.540202109e-20)
(1.009886559 -0.4554989792 2.756329001e-20)
(0.9935148874 0.2113923445 6.858122791e-20)
(1.003086646 0.4381755011 9.456950821e-21)
(1.046186413 -0.02147072773 -3.167114896e-19)
(1.01815338 -0.2105317088 1.69329693e-20)
(0.9856719198 -0.005909520334 -7.14680754e-22)
(0.984828543 0.07360388194 -3.01200458e-21)
(0.9877313071 0.009819686566 -6.896310466e-21)
(0.9862521957 -0.01341666431 -5.08915114e-23)
(0.9810431583 -0.002111316103 1.515774987e-22)
(1.046443715 -0.06952978997 -1.7728606e-19)
(1.009681982 -0.08300933295 9.198921539e-20)
(0.9671572711 -0.09143217267 3.245087875e-19)
(0.9211193208 -0.09257417455 -3.184001399e-20)
(0.8722933005 -0.08564652749 -8.909002918e-20)
(0.821457893 -0.07024338674 5.891415638e-20)
(0.7705467243 -0.04580020643 3.824183918e-20)
(0.7235871847 -0.01164599074 6.430334928e-20)
(0.690002708 0.03303819782 -6.587425859e-20)
(0.6807031358 0.08436816354 -6.039602333e-21)
(0.7026749401 0.1329157978 -1.662900558e-20)
(0.7591213108 0.1634868832 2.062659391e-20)
(0.8437531039 0.1652697606 -1.723956298e-20)
(0.9577709341 0.1205286174 2.13063351e-19)
(1.086992535 0.01328062946 1.12277826e-20)
(1.187307259 -0.1337607302 -3.696832843e-19)
(1.224602676 -0.2682285171 2.252007596e-19)
(1.195769115 -0.3632156895 1.447888305e-20)
(1.137011473 -0.3937832182 -4.231987983e-20)
(1.065928983 -0.3937240535 3.499350163e-20)
(0.9825484131 -0.3877413157 3.578876792e-20)
(0.9351474529 -0.3291811307 -7.982660449e-20)
(0.8739013719 -0.2856495269 3.189156173e-20)
(0.7853210492 -0.2807279761 -5.963822807e-20)
(0.7516698259 -0.2404451068 -1.136316172e-21)
(0.7900814775 -0.06922506776 -5.066117227e-20)
(0.8540614833 0.1568486962 -1.623684539e-20)
(0.8342316491 0.4322988945 1.658718943e-19)
(0.7900399305 0.5603570924 -5.637466139e-20)
(0.8185916746 0.3666356279 5.418049527e-21)
(0.9387043985 0.1101015771 -1.028937718e-20)
(1.034706076 -0.09683873581 1.098357676e-20)
(1.057484489 -0.2204538535 2.841760078e-20)
(1.05518028 -0.3710018326 -7.583950285e-20)
(1.009208665 -0.4281907502 1.394169957e-19)
(0.9782532865 -0.2296829824 -2.701166405e-20)
(0.9226917394 -0.05472020388 4.864580589e-20)
(0.9030525641 0.2890176205 3.337961646e-20)
(0.927085123 0.4306411627 1.524645219e-21)
(0.9710947962 0.1802803967 -8.870489281e-21)
(1.069475206 -0.03202925735 -2.811043554e-21)
(1.091197002 -0.3709690383 1.613895097e-19)
(1.000569495 -0.4582028267 -8.146956755e-20)
(0.9718662503 0.1932677454 4.197913353e-19)
(0.9890929979 0.4351997903 -6.503394171e-20)
(1.044638172 -0.01082833505 1.639263315e-19)
(1.015793893 -0.2052889275 -3.324539852e-20)
(0.9787905959 -0.007014546442 -5.701257405e-21)
(0.978723479 0.07292733511 -3.055805014e-21)
(0.9833085357 0.01029372055 -5.345372914e-21)
(0.9818111075 -0.01293169717 -3.496589384e-21)
(0.9766115031 -0.0018590126 1.65976246e-21)
(1.205422064 -0.01734535732 4.190543265e-20)
(1.17242992 -0.0344072413 1.132009484e-19)
(1.13539787 -0.04589726801 -4.982673757e-20)
(1.096009429 -0.05050417184 7.584097188e-20)
(1.055438148 -0.0474500348 -8.334458188e-20)
(1.014855245 -0.03613822623 -7.63946397e-20)
(0.9756280989 -0.01663964804 8.016873321e-21)
(0.9402158784 0.009017722991 1.122436319e-19)
(0.9109302803 0.04179675682 2.247360775e-20)
(0.8965869062 0.07668253938 -2.946433164e-20)
(0.9056087006 0.1085369994 1.479639135e-20)
(0.943949129 0.1251836885 -3.616162932e-20)
(1.006653985 0.1190064086 -4.683047273e-20)
(1.09263712 0.07760103804 1.216584836e-20)
(1.182739067 -0.01205262038 2.434018239e-20)
(1.248413545 -0.1356984151 -3.540667588e-21)
(1.267542718 -0.2461068665 4.178097064e-20)
(1.232246459 -0.3299723769 -6.666138062e-20)
(1.166791773 -0.3636028682 2.901971096e-20)
(1.099143386 -0.3622715514 3.940281543e-20)
(1.012633939 -0.3663059516 1.048746133e-19)
(0.9548295659 -0.3212419977 6.190388548e-21)
(0.9062985074 -0.2662268539 1.725871318e-20)
(0.8223959109 -0.260685827 -6.4870329e-20)
(0.7690772524 -0.2504627331 1.453230699e-19)
(0.7925637934 -0.1028551591 -1.189476304e-19)
(0.8445543658 0.1328302727 8.676062201e-20)
(0.83235684 0.4255958501 1.103403555e-19)
(0.7989923971 0.5653078343 -9.827108212e-20)
(0.837927053 0.3582132282 -9.809868515e-21)
(0.9551432578 0.0958704261 2.506100941e-21)
(1.050779109 -0.1005796195 8.283837405e-21)
(1.072899925 -0.2110225059 7.046683396e-22)
(1.067165093 -0.3575071212 -7.518232404e-20)
(1.014957287 -0.4241790781 7.068379139e-20)
(0.9795281707 -0.2347875732 6.101391816e-20)
(0.9220312541 -0.0558557273 1.412619711e-19)
(0.891356772 0.281397019 6.170623791e-20)
(0.9154402645 0.4252066044 -4.480830295e-20)
(0.9668003574 0.1737754313 -1.866002294e-20)
(1.072251117 -0.03150441848 -1.366992749e-20)
(1.090471713 -0.3617283313 1.945515046e-19)
(0.9931901994 -0.4512643611 -3.130817007e-19)
(0.9576930789 0.1829523191 7.502842007e-20)
(0.9783086136 0.43032363 -1.606280076e-19)
(1.042376522 -0.009887331717 4.57298767e-20)
(1.012485308 -0.2008716234 2.840350489e-20)
(0.9731628618 -0.006546479227 -2.773340903e-21)
(0.9731874252 0.07227406454 -4.089214498e-21)
(0.9789770413 0.01035258886 -3.102017718e-21)
(0.9774477067 -0.01253792783 2.721206312e-21)
(0.9723015656 -0.001631635241 -1.468840037e-21)
(1.223718911 0.001285936946 1.400168562e-19)
(1.204053744 -0.01305388332 -8.940817653e-20)
(1.180658536 -0.02226440448 -4.361297045e-20)
(1.154684988 -0.02517642353 7.121643194e-20)
(1.128221429 -0.02134969649 -2.693511519e-20)
(1.103076331 -0.01059369471 7.563390757e-20)
(1.079826958 0.007315282711 -3.229614393e-20)
(1.061167061 0.02964787809 -1.13168641e-19)
(1.049543841 0.05521027666 -6.464522545e-20)
(1.048935988 0.07970331958 6.523679903e-20)
(1.063393416 0.09830379695 -1.990643749e-21)
(1.097624952 0.1016161621 -1.856053141e-20)
(1.146228238 0.08394784694 1.811274544e-20)
(1.20920045 0.03478922023 -8.148195298e-21)
(1.271892672 -0.05182895483 -1.375236177e-19)
(1.30520738 -0.1574847777 1.769456629e-19)
(1.293297215 -0.2488320459 -1.526567605e-19)
(1.238555582 -0.3139952222 -4.355745523e-20)
(1.160700438 -0.3379256259 -4.124798276e-20)
(1.090256905 -0.3328910487 -2.194713535e-20)
(1.012513178 -0.3354610537 -2.649715302e-20)
(0.9518951989 -0.29564546 2.947239196e-20)
(0.9074601236 -0.241498703 -2.374352085e-20)
(0.8406156538 -0.237023013 2.643226197e-21)
(0.7862179654 -0.2371637831 9.544637398e-20)
(0.785018735 -0.1010204543 -8.086003047e-20)
(0.8282092966 0.1312072027 -2.05350477e-20)
(0.8281206533 0.4287934696 -4.765681911e-20)
(0.8088783697 0.5663861366 1.079977534e-19)
(0.8652750271 0.3365901468 6.941068544e-21)
(0.9933801144 0.064487433 -2.473053929e-21)
(1.080954207 -0.1167669603 -3.737917626e-20)
(1.093048166 -0.2165615693 -1.552012756e-19)
(1.076148132 -0.355913812 1.385225869e-19)
(1.016655044 -0.411830523 -7.412251474e-20)
(0.9713142255 -0.2199761752 2.726404781e-20)
(0.9082035297 -0.04244731461 -2.614492419e-20)
(0.8760458639 0.2831725194 -4.661812677e-20)
(0.9039364863 0.4183910001 -4.888504693e-20)
(0.9681051266 0.1604968255 5.306615705e-22)
(1.082235391 -0.04415809147 6.953748696e-22)
(1.090475869 -0.360304239 1.184635425e-20)
(0.9806790229 -0.4384326711 1.6577752e-19)
(0.9391581726 0.185889888 -3.999358368e-20)
(0.9677369439 0.4239003302 -1.938496385e-19)
(1.041407492 -0.01313401272 6.809551821e-21)
(1.009107828 -0.1964080842 5.104104554e-21)
(0.966314012 -0.003706672305 1.108032298e-21)
(0.9674262216 0.07186163098 -4.650191245e-21)
(0.9747425891 0.01004426549 4.664191997e-21)
(0.9731735538 -0.01222048256 2.900216913e-21)
(0.9680866455 -0.001404143785 -2.510828955e-21)
(1.221947253 0.01874759402 2.297700473e-20)
(1.208628684 0.007857349071 -1.069649526e-19)
(1.192603222 0.0002508940829 1.253287359e-19)
(1.175245232 -0.002786849842 8.824017092e-20)
(1.157991609 -0.0006359897655 -3.647957063e-20)
(1.142536173 0.006543066164 -2.89133009e-20)
(1.130359184 0.0189850961 1.592766627e-20)
(1.123758061 0.03535445049 6.611759953e-20)
(1.124381869 0.05440692782 -7.255999169e-20)
(1.134724638 0.07093931945 5.243085734e-20)
(1.155561605 0.08107306421 -1.794386808e-20)
(1.188439709 0.07633271205 4.264992798e-21)
(1.22824976 0.05270908153 -1.095667968e-20)
(1.273212069 0.006008424607 6.02801056e-22)
(1.309711104 -0.06790179884 7.655310486e-20)
(1.316328519 -0.1536095858 1.290068686e-19)
(1.286292327 -0.2233549657 -9.228540609e-20)
(1.230146877 -0.2755632574 -2.246473316e-20)
(1.158794317 -0.3004010131 9.010070473e-20)
(1.095912171 -0.2985724437 -3.270998419e-20)
(1.026775461 -0.3067827358 -1.628021044e-19)
(0.9635917394 -0.276317006 2.043334597e-20)
(0.9205917901 -0.2214604994 -2.287913392e-20)
(0.8654534053 -0.2154533069 1.140667047e-19)
(0.8076155052 -0.2272572009 -3.577501691e-20)
(0.782973939 -0.1077006746 -2.544158732e-20)
(0.8147528896 0.1247149506 -4.4982432e-20)
(0.8230036066 0.4292899394 6.924895063e-20)
(0.8191092304 0.5600996989 9.861126337e-20)
(0.9054079148 0.3090966467 3.914770078e-21)
(1.035715261 0.03603172088 -1.508652169e-20)
(1.107463598 -0.1271159761 -2.607072465e-20)
(1.108721878 -0.2127179216 -1.884504453e-19)
(1.082495412 -0.3447740646 2.807861312e-19)
(1.016572514 -0.4003478873 1.43514953e-20)
(0.9645898066 -0.2101143217 -1.558238637e-20)
(0.8945348849 -0.03336615926 -1.273211844e-19)
(0.8585707682 0.2851279973 -1.110689537e-20)
(0.8921208425 0.4077841217 5.164676963e-20)
(0.9735650764 0.1449316704 -2.799790606e-22)
(1.090282781 -0.05336672109 5.870709546e-20)
(1.089068357 -0.3524109825 -1.403880657e-19)
(0.9650417326 -0.4255977311 1.638732984e-19)
(0.9182139815 0.1893599652 7.8004392e-20)
(0.9555698029 0.4145692021 -1.61345901e-19)
(1.041214564 -0.01603274976 1.159354595e-20)
(1.005163003 -0.1910679058 7.804425799e-20)
(0.9588211339 -0.001357811267 -2.08108188e-20)
(0.9609943831 0.07115572184 9.595714098e-21)
(0.9700567281 0.009718761437 9.631745779e-21)
(0.9684079277 -0.01184761268 -4.124847256e-21)
(0.9633905117 -0.001158122077 2.568103495e-22)
(1.210344841 0.03128634937 1.381732048e-20)
(1.201612363 0.02174399086 6.279699431e-20)
(1.191020557 0.01489769507 3.411184026e-20)
(1.179591803 0.01135983192 -7.434725621e-21)
(1.168616796 0.01172029295 -4.844453925e-20)
(1.159393538 0.01582233681 8.764220484e-21)
(1.153325675 0.0239737819 1.767617973e-20)
(1.152184694 0.03432361096 3.770358193e-20)
(1.157394372 0.04635999451 8.967164028e-21)
(1.17069707 0.05540117793 -4.740577641e-20)
(1.191948779 0.05884879332 4.187049054e-21)
(1.220991286 0.0501261357 3.343394997e-21)
(1.252714454 0.02661002702 4.728320419e-22)
(1.283579073 -0.0152578096 -1.967018731e-20)
(1.302457955 -0.07558977228 4.848672009e-21)
(1.296882336 -0.1427967483 -1.57089042e-19)
(1.263882942 -0.2000266793 1.347978296e-19)
(1.214372939 -0.245460597 -8.008734473e-20)
(1.150493757 -0.2698910752 1.314475284e-19)
(1.09204654 -0.2693803532 -6.993484848e-20)
(1.031546106 -0.2769167543 -2.388610538e-20)
(0.970008155 -0.2517012569 -4.377170089e-21)
(0.9277665374 -0.2008028574 4.183399524e-20)
(0.8847487134 -0.1936550991 9.193645357e-20)
(0.8307389362 -0.209300907 -1.945313942e-20)
(0.7859212246 -0.1033442096 -3.692691741e-20)
(0.8026471545 0.1183688528 4.435185193e-20)
(0.8136649207 0.4231271574 -1.565205678e-19)
(0.8341609677 0.544918101 1.189546807e-19)
(0.956362509 0.276096505 -7.020856182e-20)
(1.080882739 0.005841072863 -2.418996274e-20)
(1.133673984 -0.1354771054 -8.320789824e-20)
(1.123403891 -0.2083653429 -6.671864065e-20)
(1.088558517 -0.3340249907 -1.953737903e-20)
(1.013307362 -0.3847150387 -7.891989023e-20)
(0.9551698951 -0.1950708854 5.447805561e-20)
(0.8776760041 -0.01950610485 -3.234466372e-20)
(0.8369802722 0.2858073843 -2.848608108e-22)
(0.8825847973 0.393447131 9.989266426e-20)
(0.982419302 0.1266931561 -2.537429419e-20)
(1.098347575 -0.06352778499 1.480378757e-19)
(1.088062241 -0.3436045478 -2.597480523e-19)
(0.9462333146 -0.4080262222 -4.067431875e-20)
(0.8935370944 0.1916556356 -2.089288526e-19)
(0.9425729871 0.402515849 2.298150671e-19)
(1.041867579 -0.01988633138 1.155038163e-20)
(1.000572814 -0.1846818122 5.029746978e-20)
(0.9501935419 0.001715716037 -4.980115674e-20)
(0.9539245598 0.07014121084 4.815043395e-21)
(0.9650779925 0.009269796194 4.986366539e-21)
(0.9632371557 -0.01143552787 -1.751592892e-21)
(0.9582923294 -0.0008945072034 1.067674969e-21)
(1.196114396 0.04014901037 2.244918619e-21)
(1.190786232 0.03192462423 -3.709522673e-20)
(1.184202305 0.02565030394 1.605409067e-20)
(1.177055291 0.02168928408 4.651924652e-20)
(1.170358486 0.02050833089 -5.449720637e-20)
(1.165058753 0.02175153823 -2.709243342e-20)
(1.162344724 0.02579027017 -2.013241046e-20)
(1.163408103 0.03086136692 -9.620989952e-21)
(1.169324148 0.03693904448 2.833918933e-20)
(1.181265792 0.04001209016 -2.756297005e-20)
(1.198839154 0.03891793725 8.986593434e-21)
(1.221448271 0.02828826688 -1.009420676e-20)
(1.24456279 0.006377745562 5.4529201e-22)
(1.264985486 -0.02872281337 -4.939561084e-20)
(1.273945597 -0.07641427229 -3.911903618e-20)
(1.265464612 -0.1292633479 -1.695691106e-20)
(1.236239502 -0.1759543071 7.913607092e-20)
(1.194972823 -0.2137497184 -3.35762803e-20)
(1.1409821 -0.2360442223 -2.325993378e-20)
(1.089008379 -0.2374303521 2.025588879e-20)
(1.036991979 -0.2466409087 4.358281727e-20)
(0.9795296748 -0.2263440607 -1.403898103e-20)
(0.9367005306 -0.1808806455 4.433371525e-21)
(0.9007342944 -0.1738193927 -5.705645262e-20)
(0.8546363853 -0.1881604131 1.135787845e-21)
(0.793899529 -0.09179327786 1.487635465e-19)
(0.7845484925 0.1152095451 -3.618794796e-20)
(0.7926416524 0.4113812599 -1.902151578e-19)
(0.8550526887 0.5174303428 1.274997735e-19)
(1.015371188 0.2353475243 -1.027564051e-19)
(1.127022965 -0.02220930884 3.632248063e-20)
(1.157396367 -0.1399670113 3.120190608e-20)
(1.134765504 -0.1996750894 2.85804838e-19)
(1.092487791 -0.3181164357 -1.268797528e-19)
(1.007338807 -0.3657298744 -8.231466381e-20)
(0.9420535963 -0.177135936 2.256456835e-20)
(0.8564787448 -0.003893886797 7.271533232e-20)
(0.8117084013 0.2849219522 2.142289582e-19)
(0.8777067911 0.3745717162 5.941663347e-20)
(0.9949738694 0.1052151695 2.176911231e-20)
(1.105772322 -0.07374677077 1.401190438e-19)
(1.086673162 -0.330433773 -3.163166628e-19)
(0.9243292752 -0.3867333206 2.664415421e-19)
(0.8642143809 0.1929143071 -4.947796372e-19)
(0.92997933 0.3870241478 4.462610616e-19)
(1.043770733 -0.02460936863 -6.615465678e-21)
(0.9953264785 -0.1769238164 -1.206300521e-19)
(0.9403432339 0.005169217625 3.852368165e-20)
(0.946447756 0.06873698866 -1.614368721e-20)
(0.9600678932 0.008652536285 -3.766564599e-21)
(0.9578461025 -0.01097329308 7.779633792e-22)
(0.9529693454 -0.0006094800126 1.214492291e-21)
(1.182013982 0.04576682079 1.378035139e-20)
(1.179214723 0.03859298795 2.996842824e-21)
(1.175548468 0.03273536617 2.690227405e-20)
(1.171475125 0.02834758441 -4.472406621e-20)
(1.167770571 0.02584676379 -5.329930789e-20)
(1.165066801 0.02478424508 7.652308959e-20)
(1.164277688 0.02557581716 8.774781719e-20)
(1.166124693 0.02658859994 4.10820237e-21)
(1.171370913 0.02815562051 -1.814779839e-20)
(1.180711109 0.02692316182 -1.467344437e-20)
(1.193547549 0.02267381436 -2.546425256e-21)
(1.209677007 0.01117205639 -1.070567777e-21)
(1.225092866 -0.008426760161 9.136203862e-21)
(1.238002157 -0.0370227915 2.952026683e-20)
(1.241481805 -0.07471759146 4.511881193e-20)
(1.233069827 -0.1157800619 1.281413213e-19)
(1.208959644 -0.1535490974 -5.828404952e-20)
(1.175000623 -0.1853556322 3.791160367e-20)
(1.130006747 -0.2060084289 -3.137430332e-20)
(1.084804477 -0.2087846181 4.568504477e-20)
(1.039201606 -0.2181066979 2.420198842e-20)
(0.9873356156 -0.2000769232 -1.620064613e-20)
(0.9471677042 -0.1596999945 -2.538392148e-20)
(0.9138789781 -0.15508163 5.32014777e-21)
(0.8749107134 -0.1644910916 -1.523845561e-22)
(0.8060757117 -0.06813332517 1.108035547e-19)
(0.7636237822 0.1217516873 -3.073614754e-20)
(0.7651743693 0.3909367073 2.347039318e-19)
(0.888016259 0.468544263 -5.888172713e-20)
(1.081076454 0.1858172368 1.394144081e-19)
(1.170426087 -0.04631605993 4.643509569e-20)
(1.175754793 -0.1389422389 1.019860296e-19)
(1.141165693 -0.1875229723 -2.201742621e-20)
(1.093871602 -0.2987240867 7.196290085e-20)
(0.9981146935 -0.3420346235 1.116747719e-19)
(0.923909477 -0.1545244324 -6.720504065e-20)
(0.8317988367 0.01484875826 -1.476818491e-20)
(0.7860080505 0.2817709198 2.707172366e-19)
(0.8798772372 0.349017161 -2.864345543e-19)
(1.011632695 0.0806237361 2.920664677e-21)
(1.111712472 -0.08353485502 -3.636378629e-20)
(1.085087405 -0.3131195938 -3.60584374e-21)
(0.9003700159 -0.3601456477 1.338980859e-19)
(0.8298062924 0.1938863785 -2.187015589e-19)
(0.9189926029 0.3668147969 8.450778893e-20)
(1.047340479 -0.03020911493 -9.938408365e-21)
(0.9894516243 -0.1674006851 -5.627591395e-20)
(0.9293469655 0.009159986128 8.871838798e-20)
(0.9389918855 0.06678135036 -4.502936237e-21)
(0.95545307 0.007826957894 -3.077776741e-21)
(0.9525734029 -0.01043936294 1.482804804e-21)
(0.9477512343 -0.000299703317 -1.842755668e-21)
(1.168387614 0.04851401207 4.01716697e-20)
(1.16744847 0.04219673009 1.492188749e-20)
(1.165909295 0.03670246865 -1.733388357e-20)
(1.164056096 0.03203644147 2.171523624e-20)
(1.16244808 0.02857808932 4.875897939e-20)
(1.161478215 0.02581490991 7.267677033e-21)
(1.161797731 0.02421235716 -8.810144191e-20)
(1.163849398 0.02231222341 -1.406708436e-20)
(1.168044022 0.02067486567 3.344385511e-21)
(1.174908444 0.01655963127 3.087390918e-21)
(1.183604359 0.01032100005 1.623621438e-21)
(1.194404386 -0.001236545659 -5.172231477e-21)
(1.203727804 -0.01842369043 1.149168614e-21)
(1.211298129 -0.04166933424 3.138130356e-20)
(1.211459406 -0.07132852753 2.577484429e-20)
(1.203348507 -0.1031463263 -2.256684576e-20)
(1.183565689 -0.1335769396 -6.067055823e-20)
(1.155842055 -0.1595861684 -9.280709519e-22)
(1.118512997 -0.1776473275 -4.386748219e-20)
(1.080482636 -0.1803482882 2.037510331e-21)
(1.040600278 -0.1892477086 -1.342969167e-20)
(0.9935124112 -0.1741656424 -6.483827245e-20)
(0.9592788263 -0.1382940135 1.470663401e-20)
(0.9278721721 -0.1355783267 3.052007116e-21)
(0.8892433194 -0.1395862007 2.168910098e-21)
(0.8222764141 -0.03527448225 -2.448306045e-20)
(0.7670628076 0.1346336791 -1.054386893e-19)
(0.7747970286 0.3518165304 -7.629603642e-20)
(0.9523683817 0.3939513816 -1.807967697e-19)
(1.149607361 0.132420457 1.830932176e-19)
(1.204096451 -0.06183004888 -3.901407376e-20)
(1.184981962 -0.1311876287 -4.88578428e-20)
(1.140834913 -0.1714895709 -2.750554798e-19)
(1.092237309 -0.2744052134 -7.120957235e-20)
(0.9857704101 -0.3127186787 8.901318071e-20)
(0.9005930391 -0.1271692765 1.424405069e-20)
(0.8076184867 0.03570189853 -3.048662246e-21)
(0.7662471189 0.2734334725 -2.928829089e-20)
(0.8921331746 0.3151923615 -2.914879826e-19)
(1.03243353 0.0537404067 -2.551747079e-20)
(1.115185513 -0.09193158991 -9.757323798e-20)
(1.083138545 -0.290580117 1.04851244e-19)
(0.8759899708 -0.3272970558 4.329355615e-20)
(0.7912581349 0.1939308528 1.096336979e-20)
(0.9115167102 0.3403811625 -1.169868294e-19)
(1.05297971 -0.03655497313 1.425290106e-20)
(0.9830961784 -0.1555770194 3.515621849e-20)
(0.9175981007 0.01368466969 3.098281861e-21)
(0.932309856 0.06405617408 -5.430584969e-21)
(0.9518895755 0.006749077489 -1.339090958e-21)
(0.9479843641 -0.009802205078 4.498644578e-21)
(0.9431927293 3.941725418e-05 -1.914998508e-21)
(1.154981725 0.04877117295 -2.398033006e-20)
(1.155344353 0.04318628044 -4.515649167e-20)
(1.155291124 0.03805465889 -1.437849267e-20)
(1.154982323 0.0332859136 2.887065407e-20)
(1.154784124 0.02922042184 -5.508003668e-21)
(1.154949938 0.02534291822 -2.13883549e-20)
(1.155873486 0.02213615353 -4.036805893e-20)
(1.157879728 0.01834666672 1.657637948e-20)
(1.161045912 0.01462804501 1.273005103e-21)
(1.165894031 0.008835940081 2.207451038e-20)
(1.171354541 0.001545392462 -6.515723898e-21)
(1.178152916 -0.009576053121 6.302825054e-21)
(1.183126584 -0.02445541166 2.087427615e-21)
(1.186861446 -0.0433750083 -2.545137804e-20)
(1.184788092 -0.06671657122 -3.289370026e-20)
(1.177000918 -0.09132961657 1.007327252e-20)
(1.160548474 -0.1155263441 1.452024236e-20)
(1.138039418 -0.1359522342 -1.44095879e-20)
(1.10702921 -0.1516256333 -1.010362312e-20)
(1.075185755 -0.1542912622 3.01601774e-20)
(1.041422545 -0.1614659224 -1.560056545e-20)
(0.9988887123 -0.1494758492 -1.757423885e-20)
(0.9706155466 -0.1184232577 4.853235299e-20)
(0.9439723802 -0.1137351844 -1.817803998e-20)
(0.9019891976 -0.1124082441 9.662588474e-21)
(0.8424260658 -0.004037178511 -1.776267415e-20)
(0.8107416667 0.1408787712 -1.251302179e-20)
(0.8481394461 0.2923766933 -1.099314478e-20)
(1.040167983 0.3058841151 -5.104784787e-20)
(1.20223297 0.08614168648 -5.813375541e-20)
(1.2175739 -0.0647471534 2.916880275e-20)
(1.182212378 -0.1167104032 8.076538594e-21)
(1.132890618 -0.1531113503 1.374179065e-19)
(1.08715558 -0.2458640399 -4.944630862e-20)
(0.9716668503 -0.2767204036 -8.301845152e-20)
(0.8740949759 -0.09531449658 4.309919755e-21)
(0.7906028559 0.05651794798 4.318167306e-20)
(0.7610950926 0.2570784461 3.966322593e-20)
(0.9171403123 0.2730009658 1.194484631e-19)
(1.056731568 0.02638893668 3.496869158e-20)
(1.114986281 -0.0979846827 1.781563152e-20)
(1.08083225 -0.2625783104 9.898025836e-21)
(0.8541301745 -0.2870312762 1.229772115e-19)
(0.7526503448 0.1916240234 2.091358319e-19)
(0.9105310814 0.3062615993 -9.803458068e-20)
(1.060809298 -0.04326637721 -4.50144547e-21)
(0.9766070581 -0.1408793331 -2.605439151e-20)
(0.9060488402 0.01866116853 -5.019162157e-22)
(0.9276096982 0.06028468429 7.142525046e-21)
(0.9503184132 0.005379443747 8.73235796e-22)
(0.9449524748 -0.009014812213 -1.707417285e-21)
(0.94015278 0.0004142872697 1.120199359e-21)
(1.141645847 0.04700771016 -7.626140211e-21)
(1.142832556 0.04207588231 -1.708886545e-20)
(1.143726526 0.03732924963 2.526526271e-20)
(1.144407979 0.03263685962 2.017483329e-20)
(1.145091405 0.02828517124 1.42542721e-20)
(1.145940351 0.02381521746 -3.152639265e-20)
(1.147134184 0.01967265376 -4.238980694e-21)
(1.148961149 0.01483358412 3.314172762e-20)
(1.151238561 0.00994601838 2.858874581e-20)
(1.154520493 0.003361167123 4.898429176e-21)
(1.157657048 -0.004226898995 -1.054839053e-20)
(1.161576907 -0.01454838082 7.085841629e-21)
(1.163562112 -0.02729206048 -2.415994851e-20)
(1.164660597 -0.04274690359 5.389212868e-21)
(1.161150315 -0.06107405338 2.257864953e-20)
(1.153857358 -0.07998865144 3.790016855e-20)
(1.13984971 -0.0990619809 5.74197745e-21)
(1.121509483 -0.1147302781 -3.087238968e-22)
(1.096160206 -0.1278437328 2.490883278e-20)
(1.069412677 -0.1303040434 2.431008778e-20)
(1.041616703 -0.1349095545 -2.65238594e-20)
(1.004774959 -0.1256013388 6.611526079e-21)
(0.9804937868 -0.1004629882 -8.929772982e-21)
(0.9592665123 -0.09102461509 -2.733408065e-23)
(0.9195161394 -0.08383707619 8.554191206e-21)
(0.869987622 0.01579755319 -7.269927042e-21)
(0.8744815752 0.1284525765 1.783017366e-20)
(0.9401261959 0.2222271141 -1.293300098e-20)
(1.10429919 0.2234267258 6.921590083e-20)
(1.216208067 0.05503368411 -5.251007107e-20)
(1.204652125 -0.05607367297 -1.638831554e-20)
(1.168338675 -0.09832279259 -7.836645809e-21)
(1.118708175 -0.1340410465 1.017598745e-19)
(1.078337129 -0.2139272605 4.122431141e-20)
(0.9588871848 -0.2338172462 -3.944492706e-20)
(0.850287579 -0.0603217585 -4.007936497e-20)
(0.7894301557 0.0739557682 3.843648899e-21)
(0.7791050929 0.2312331975 -1.38000162e-20)
(0.9554515405 0.2237337183 1.917441118e-19)
(1.082889127 0.001251623139 -1.130258549e-21)
(1.10996082 -0.1004566779 -2.091881648e-21)
(1.077867076 -0.2294547871 3.56005212e-20)
(0.8393710292 -0.2388879886 -2.269689411e-19)
(0.7220336566 0.1857267261 -2.922124775e-19)
(0.9188120232 0.2637926562 1.482881073e-20)
(1.070247213 -0.0496018211 -9.97506346e-21)
(0.9706382692 -0.122755761 -2.816923241e-20)
(0.896609299 0.02385482274 2.436514975e-20)
(0.9266943702 0.05513635313 2.160604e-21)
(0.9519739781 0.003708741766 1.843541364e-21)
(0.9447057072 -0.008010602454 -6.66558246e-21)
(0.939845136 0.000832330556 2.826628488e-21)
(1.128353824 0.04375507743 -2.876698925e-21)
(1.129980909 0.03942347568 7.927449648e-21)
(1.13139646 0.03509556357 7.24624197e-22)
(1.132630495 0.03064043391 -1.216946146e-20)
(1.133791122 0.02627643567 -8.468837291e-21)
(1.134981157 0.02163045741 -1.277069051e-20)
(1.136232747 0.01708367217 2.452330454e-20)
(1.137792585 0.01183600997 -7.202330759e-21)
(1.139351417 0.006482587661 -8.494618873e-21)
(1.141470765 -0.0002326746765 -2.513822343e-20)
(1.143023939 -0.007585350515 -2.078799659e-21)
(1.144957587 -0.01691458396 -1.615044239e-20)
(1.144993205 -0.02768665017 -1.507389972e-20)
(1.144445523 -0.04028630015 3.93966948e-20)
(1.140111652 -0.05461714016 3.37911724e-21)
(1.133424549 -0.06912360587 -1.011927528e-20)
(1.121412723 -0.08397812851 1.539306835e-21)
(1.106426553 -0.09574299714 3.232579686e-21)
(1.086069763 -0.1061964083 -7.835714068e-21)
(1.063665637 -0.1083846069 -2.420663902e-20)
(1.041092403 -0.1107323927 -1.150563338e-20)
(1.010841882 -0.1032070612 -2.124086467e-20)
(0.9900052134 -0.08388216606 -4.628959576e-21)
(0.9722099854 -0.07016164392 4.108727515e-20)
(0.9416365747 -0.05795922459 -1.541795053e-20)
(0.9057412995 0.02287210805 1.424602499e-22)
(0.9319023334 0.1005018455 -1.368792587e-21)
(0.9985242878 0.156653522 7.835208804e-21)
(1.118556928 0.1583227664 1.758239467e-20)
(1.19342736 0.03682750282 1.653471257e-20)
(1.173372213 -0.04226547425 -3.433415e-21)
(1.148439076 -0.0799521231 -8.400359231e-22)
(1.10154082 -0.1152888487 -3.908261743e-20)
(1.065787791 -0.1802440013 1.467930135e-20)
(0.9513629699 -0.1862670814 6.458530019e-20)
(0.8415738426 -0.02638599732 -2.567808995e-20)
(0.8155887976 0.08308256154 -2.200332282e-20)
(0.8271491382 0.1959779205 -1.43747596e-19)
(1.004552943 0.1712519667 1.235478644e-20)
(1.107576723 -0.01841425377 -4.217512109e-21)
(1.099318742 -0.09812521 4.376496528e-20)
(1.073262398 -0.1928384366 -1.878944685e-20)
(0.8379213174 -0.184169261 1.732688005e-20)
(0.7103672741 0.174578826 -4.237256797e-20)
(0.9376808719 0.2133165729 1.320048908e-19)
(1.079952901 -0.05485871897 1.07993342e-20)
(0.9663776499 -0.1009385064 4.569588792e-20)
(0.8925575151 0.02886356769 3.562302998e-20)
(0.9319135577 0.04834411941 -3.020125748e-21)
(0.9582193641 0.001803004874 1.420850384e-21)
(0.948735245 -0.006701709287 2.483950277e-21)
(0.9437650068 0.001306447677 -6.639310919e-22)
(1.11514946 0.03953014369 1.397274563e-21)
(1.116931701 0.03575829477 6.061995705e-21)
(1.118555607 0.0318802155 4.297415828e-21)
(1.120017688 0.02778442557 1.261960174e-20)
(1.121362816 0.02362290827 5.012686777e-21)
(1.122646672 0.0191157652 1.524169488e-21)
(1.123831317 0.01456257315 -6.904001212e-22)
(1.125103853 0.009372043785 -1.154523998e-20)
(1.126133574 0.004057021689 5.490731481e-21)
(1.127395944 -0.002330621494 8.49134322e-21)
(1.12789812 -0.009103858054 -2.747916361e-21)
(1.128561855 -0.01731391714 -2.482385765e-20)
(1.127439736 -0.02628779544 3.084899909e-20)
(1.125962307 -0.03650922882 1.50081942e-20)
(1.121326472 -0.04766168325 -2.28569499e-20)
(1.115331083 -0.05876518156 -1.537921817e-21)
(1.105112099 -0.07011334995 -1.421188296e-20)
(1.092859659 -0.07887263751 -2.336166461e-20)
(1.076723928 -0.08680608464 -5.601419849e-21)
(1.058271702 -0.08863121914 3.098925799e-21)
(1.040215022 -0.08931142349 3.292563577e-20)
(1.016359792 -0.08299349876 -2.215134223e-20)
(0.9992002589 -0.06836190341 2.753804225e-20)
(0.98386698 -0.0529050685 1.485552272e-20)
(0.9640384107 -0.03872693372 -1.230831947e-20)
(0.9420682967 0.02144490365 -1.563399253e-20)
(0.9719335923 0.0704515383 1.229396775e-20)
(1.021046135 0.105256665 -7.564454726e-21)
(1.103166507 0.109254103 -5.176270195e-21)
(1.156200034 0.02481973248 2.733922824e-20)
(1.137676714 -0.02958812381 1.394224617e-20)
(1.126598033 -0.06412725512 2.413593407e-21)
(1.084393872 -0.09641563465 -1.502562139e-20)
(1.051030801 -0.1457775513 4.064583914e-20)
(0.9511837751 -0.1385551 -3.411020021e-20)
(0.858431493 -0.0007546754725 3.4002015e-20)
(0.871177036 0.08014653174 -1.314413482e-21)
(0.899351892 0.1555222856 -1.107725963e-21)
(1.053695614 0.1220974734 -6.757733391e-20)
(1.124128144 -0.02933253546 -4.549903374e-23)
(1.083505628 -0.08955845603 6.318673809e-20)
(1.064768316 -0.1554021935 -1.888957146e-20)
(0.8547699746 -0.1265799361 1.16569674e-19)
(0.7313289901 0.1579443242 1.297205788e-19)
(0.9678485759 0.1582021279 -4.727806863e-20)
(1.087951488 -0.05788327439 -8.181952243e-21)
(0.9655436823 -0.0759270044 2.985511352e-20)
(0.8981493363 0.03290994645 -5.498855711e-20)
(0.9454259948 0.03984257289 1.384248605e-21)
(0.9700131634 -0.00012276646 9.838074709e-22)
(0.958392817 -0.005016562842 7.596687492e-22)
(0.953327052 0.001843626827 -1.6728678e-21)
(1.10213093 0.03478818584 -1.744228454e-20)
(1.103872973 0.03154149911 -9.370700433e-21)
(1.105491575 0.0281327111 7.040490627e-21)
(1.106963537 0.02447792085 6.146788271e-21)
(1.108301371 0.02067200747 -7.573301117e-21)
(1.109522171 0.01652323456 1.755579735e-21)
(1.110570571 0.01224494426 -4.027915339e-21)
(1.111566691 0.007426656726 -7.392855745e-22)
(1.112215051 0.002473010993 4.618826228e-21)
(1.112885041 -0.003305294482 -8.948067342e-21)
(1.1127689 -0.00929324583 2.274145635e-21)
(1.112659272 -0.01632230797 6.875198955e-21)
(1.110968223 -0.02368602656 8.559003813e-21)
(1.109047605 -0.0319177829 -1.155371845e-20)
(1.104552715 -0.04051137584 1.162274798e-20)
(1.099276897 -0.0490156669 8.121346041e-22)
(1.090741791 -0.05748593775 -4.721283274e-21)
(1.080784721 -0.06401811675 2.558637399e-20)
(1.068137605 -0.06972449956 1.04097922e-20)
(1.053353278 -0.07115875929 1.701973208e-20)
(1.039101425 -0.07080569219 -9.005240163e-21)
(1.020906555 -0.06545336576 -3.037318505e-20)
(1.007355087 -0.05449768127 1.509088784e-20)
(0.994806089 -0.03964563723 7.778738563e-21)
(0.9831962254 -0.02642828941 5.714106169e-21)
(0.9714933695 0.01605620271 1.595086131e-20)
(0.9965575165 0.04573433281 -2.934617035e-20)
(1.027482062 0.06826957655 -8.577896469e-21)
(1.08267507 0.07163081053 -1.809511087e-21)
(1.120466332 0.0153354943 -6.868447146e-21)
(1.106330517 -0.02056260411 -2.206776846e-21)
(1.104537123 -0.0516343999 2.202686851e-23)
(1.068821852 -0.07735614612 -4.62913607e-21)
(1.037508053 -0.1124376421 1.130421075e-20)
(0.9577810926 -0.09643065469 -2.583130259e-20)
(0.8947203891 0.01163154211 7.334706886e-21)
(0.9337404589 0.0663614001 1.024407117e-20)
(0.9671690676 0.1169106589 -3.301482322e-21)
(1.083808781 0.08224640856 2.761293921e-20)
(1.124652293 -0.03011617593 -1.340137662e-21)
(1.065794373 -0.0746960145 -5.777500242e-20)
(1.050632829 -0.1208831163 -1.181636708e-22)
(0.8874974858 -0.07292322158 -1.375199888e-20)
(0.7926221958 0.1385360687 5.167754413e-20)
(1.007044104 0.1056111751 -3.478851248e-20)
(1.09087565 -0.05656774582 4.240775512e-21)
(0.9696010288 -0.04917395468 -1.190109187e-20)
(0.9170284139 0.0350665959 -4.145883718e-20)
(0.9678915736 0.0301273824 4.866085002e-21)
(0.9870586413 -0.001671293949 2.439839667e-21)
(0.9740206827 -0.002936849608 -2.818366914e-22)
(0.9690363896 0.002440619824 8.716727424e-22)
(1.089442653 0.02990446354 -1.47693726e-20)
(1.091026305 0.02715014119 1.590375389e-21)
(1.092511134 0.024216504 -5.021714609e-21)
(1.09386368 0.0210467076 -6.757894857e-21)
(1.095083428 0.01769088077 1.457581361e-22)
(1.096158197 0.01403173562 8.914987796e-22)
(1.097041662 0.01020467107 -1.435101748e-21)
(1.097789534 0.005946798584 6.084883074e-21)
(1.098183937 0.001548939682 2.856361839e-21)
(1.098461295 -0.003457906183 1.788824215e-21)
(1.098039651 -0.00858016188 -4.506198773e-21)
(1.09749771 -0.01444353399 -6.047777131e-21)
(1.095667 -0.02038482865 6.01946895e-21)
(1.093615464 -0.02694976935 1.435339679e-20)
(1.089578457 -0.03348522796 1.0547653e-20)
(1.085031843 -0.04001439159 -1.753679037e-20)
(1.078068598 -0.04617049668 -4.104065479e-21)
(1.070117896 -0.051089214 1.406693333e-20)
(1.060274536 -0.05496687552 -4.602998963e-21)
(1.048845996 -0.0560920309 1.073851023e-20)
(1.037699126 -0.05521612447 -1.855049129e-20)
(1.024338086 -0.05078294851 -2.073972799e-20)
(1.01387366 -0.04268586787 9.824737789e-21)
(1.004419915 -0.02999577277 1.059371572e-20)
(0.9979421382 -0.01919329921 -4.596777613e-22)
(0.9922007399 0.009835997703 1.456467732e-20)
(1.010631364 0.02721468106 -1.400681157e-20)
(1.029075006 0.04239499407 6.709650059e-21)
(1.065670364 0.04355437785 5.780980044e-21)
(1.090831537 0.007936594709 -3.017055772e-21)
(1.081723377 -0.01488247597 -6.749978216e-21)
(1.083337956 -0.04179170422 3.282824583e-21)
(1.054988364 -0.0592194665 -1.228487384e-21)
(1.027562822 -0.0830103938 -2.478230891e-21)
(0.9691121867 -0.06408156414 1.042640569e-21)
(0.9340540164 0.01220878776 -1.339763035e-21)
(0.9762894622 0.04742510588 2.681944142e-21)
(1.005522804 0.08524666077 -9.618895669e-21)
(1.086698625 0.05316549027 1.260654045e-20)
(1.108006491 -0.02409836689 -1.187714725e-21)
(1.051595895 -0.05613699346 -4.591342133e-20)
(1.033772374 -0.09241598292 5.817198149e-21)
(0.9227491978 -0.03274161864 -2.252011917e-21)
(0.8767087753 0.1171395613 2.441174677e-20)
(1.044363419 0.06299927187 6.603987325e-21)
(1.084204704 -0.04937823222 -1.839723517e-21)
(0.9781470495 -0.02355324099 1.683205044e-21)
(0.9486006487 0.03465237748 5.460104584e-21)
(0.9961893998 0.02055434872 1.100413341e-20)
(1.006529359 -0.002274405155 -7.553486158e-23)
(0.993581991 -0.0005626758758 -1.052524976e-21)
(0.9891924913 0.003074021784 9.414524335e-23)
(1.077259137 0.02516476947 -1.551028006e-20)
(1.078626479 0.02286827126 -2.842037072e-21)
(1.079913638 0.02039982215 -1.024739935e-21)
(1.08108338 0.01772441078 -2.788492988e-21)
(1.082132979 0.01486180667 1.784027481e-21)
(1.083030854 0.01174910433 1.160188303e-21)
(1.083750502 0.008462209825 8.731286387e-22)
(1.084294752 0.004848740841 5.190043502e-22)
(1.084530627 0.001099272283 -8.884354144e-21)
(1.084560693 -0.003084285608 1.55798204e-21)
(1.084044452 -0.007334182677 4.38673147e-21)
(1.083306553 -0.01210111296 6.723524834e-22)
(1.081608005 -0.01680871027 5.8602638e-21)
(1.07963425 -0.02197916147 7.521616776e-21)
(1.076226659 -0.02688121101 -1.384374173e-20)
(1.072421481 -0.03189211413 -1.045836685e-20)
(1.066877389 -0.03626089836 6.13767974e-21)
(1.060695081 -0.04000291541 1.609333077e-21)
(1.053086085 -0.04251371409 -5.580304913e-21)
(1.044594526 -0.04342765169 -4.01566691e-21)
(1.035945069 -0.04239421661 -2.045665717e-20)
(1.026518203 -0.03890787291 2.050671119e-21)
(1.018536287 -0.0330969549 6.526220879e-21)
(1.011873843 -0.02309980197 -9.81809008e-22)
(1.008179402 -0.01519941997 2.12994475e-20)
(1.005598164 0.004191368324 -3.295967245e-21)
(1.01797938 0.0139284364 7.465976324e-21)
(1.028722079 0.02445820909 -9.729774773e-21)
(1.052466494 0.0237927738 -5.982881569e-22)
(1.067509594 0.002306576487 4.868408886e-22)
(1.063132378 -0.01167307433 -3.492836669e-22)
(1.064128782 -0.03355544767 -1.570866128e-21)
(1.043145993 -0.04342420227 9.001459626e-22)
(1.021692099 -0.05937126525 -1.834438065e-22)
(0.9814308477 -0.04135687822 -1.769493751e-21)
(0.9650707282 0.008113808494 1.247434635e-22)
(0.9949590089 0.03029492508 6.295226395e-23)
(1.017646037 0.06114718894 -7.321543818e-23)
(1.073364681 0.03285659915 -1.218631451e-21)
(1.08235933 -0.01674325293 -1.005002084e-21)
(1.042818943 -0.03783442744 -2.321034278e-22)
(1.021185641 -0.06958092836 3.631747455e-22)
(0.9491140381 -0.01022421301 2.841556694e-21)
(0.9485476383 0.09313122183 -9.015746357e-21)
(1.064389995 0.0345288219 1.067761595e-20)
(1.066650717 -0.03721702948 -4.381307555e-21)
(0.9887311789 -0.003771831062 4.984483473e-22)
(0.9843484532 0.03095219807 -4.825862252e-21)
(1.021807973 0.01272128131 -4.272647836e-21)
(1.022698983 -0.001552000025 -2.720095982e-21)
(1.012018068 0.00175294786 -1.144906987e-21)
(1.009147799 0.003628399949 7.93715075e-22)
(1.065766973 0.02076198796 -4.745375221e-21)
(1.066902568 0.01888439268 1.328512249e-20)
(1.067973007 0.01685612944 9.401165856e-21)
(1.068942295 0.01465673369 -5.046392724e-21)
(1.069809328 0.01228966975 -2.631101343e-21)
(1.070533184 0.009725463379 8.47166342e-22)
(1.071106914 0.007002346907 -3.552517942e-21)
(1.071495511 0.004039739315 -1.376345226e-21)
(1.071640923 0.0009542534119 1.04722935e-21)
(1.071542601 -0.002429696104 1.193960037e-21)
(1.071051206 -0.005853805061 1.642668508e-21)
(1.070281564 -0.009632181176 -7.893088265e-21)
(1.068848676 -0.01329511371 -2.333926384e-21)
(1.067092904 -0.01730137893 -1.155651261e-20)
(1.064362862 -0.02094022961 4.199959875e-21)
(1.061283022 -0.02475626291 -4.47376216e-22)
(1.056989232 -0.02782646441 -2.999359371e-21)
(1.052319047 -0.03067290936 -2.824037915e-21)
(1.046509235 -0.03227649444 2.321718693e-21)
(1.040430284 -0.03303915893 6.831551901e-21)
(1.033793383 -0.03212216696 -3.833130727e-21)
(1.027374844 -0.02954154009 -1.126492543e-20)
(1.021339217 -0.02557493152 7.628496924e-21)
(1.016884993 -0.01822013805 -2.485089399e-21)
(1.014466411 -0.0128935975 -2.490533941e-21)
(1.013423335 -0.0002608230961 2.943650008e-21)
(1.021140299 0.004884693743 1.705380123e-21)
(1.027091056 0.01216741156 -5.898407738e-21)
(1.042106778 0.01072998402 1.378066714e-21)
(1.049849933 -0.001708502372 -1.34724357e-21)
(1.048853755 -0.009966874641 2.575869029e-22)
(1.047965023 -0.02637606117 -2.224569193e-21)
(1.033605366 -0.03085038568 -2.880608548e-21)
(1.018368302 -0.04152500042 5.605950765e-21)
(0.9911595371 -0.02646320036 -1.097982692e-21)
(0.9856441903 0.00414256723 2.660079952e-21)
(1.001308098 0.01776247213 -9.903611888e-22)
(1.018606021 0.04243325135 8.059070425e-22)
(1.05692949 0.0192618766 -2.46371111e-21)
(1.057399813 -0.01091447644 4.041953669e-21)
(1.036654133 -0.02332383224 3.056887498e-21)
(1.015190481 -0.05030677437 6.739843538e-22)
(0.9661688709 -0.0007888344176 -5.676288255e-21)
(0.9898709291 0.06866071668 1.28686165e-21)
(1.063319685 0.01887041672 3.417076028e-21)
(1.045479432 -0.02361916167 3.604720275e-21)
(0.9992006444 0.007209815488 6.605079105e-22)
(1.011807161 0.02468227824 8.611315072e-21)
(1.035674708 0.007801570636 -6.823727647e-21)
(1.030777169 0.000184043978 -1.212995271e-21)
(1.024155903 0.003436073848 -8.473057645e-22)
(1.023387904 0.003910635072 1.21210214e-22)
(1.055149551 0.01680922453 -4.342720777e-21)
(1.056065264 0.01530743761 -3.776484531e-21)
(1.056928414 0.01368230857 -1.598694874e-22)
(1.057708024 0.01192159878 6.028257627e-21)
(1.058403881 0.01002260131 7.175404115e-22)
(1.058975504 0.007973046429 -7.392481201e-23)
(1.059427221 0.005791379549 2.101788375e-21)
(1.059707482 0.003437593393 1.3852944e-21)
(1.059807294 0.0009817040787 -6.562081742e-22)
(1.059668137 -0.001675261354 5.062572337e-21)
(1.059257573 -0.00435902705 -4.414271988e-21)
(1.058563388 -0.007278507472 -8.358347446e-21)
(1.057434254 -0.01008030764 9.624868293e-21)
(1.055977988 -0.01312239362 8.484587997e-21)
(1.053886386 -0.01581166382 4.933350536e-21)
(1.051486552 -0.01867267511 -1.231727083e-20)
(1.048261317 -0.02084953562 6.315602939e-21)
(1.044826031 -0.02299090206 -4.575481989e-21)
(1.040490083 -0.02406376444 5.351918554e-21)
(1.036238001 -0.02470550928 2.411772193e-21)
(1.031260588 -0.02405876687 -7.447583587e-22)
(1.026983235 -0.02228355216 -1.777495387e-21)
(1.022448652 -0.01973180312 1.754944389e-20)
(1.019565395 -0.01468613331 -7.437015313e-21)
(1.017688932 -0.01131752578 -1.893118254e-20)
(1.017214904 -0.003322688478 6.049761172e-21)
(1.021664906 -0.0007353151787 2.02985677e-21)
(1.024674302 0.004063776424 4.014427913e-21)
(1.033742165 0.002669167059 -3.663059872e-21)
(1.036937568 -0.004267419809 -1.02270632e-21)
(1.037640582 -0.008968110748 4.005612072e-22)
(1.035280303 -0.02017453923 -5.606183715e-22)
(1.026130374 -0.02163533664 1.00190915e-21)
(1.0160791 -0.02848689019 1.198941626e-21)
(0.9977042095 -0.01697249495 -1.685650873e-22)
(0.997719927 0.001455047976 -4.412994765e-22)
(1.003843943 0.009626803573 2.97062359e-22)
(1.016630254 0.02788904165 5.552488793e-22)
(1.042335598 0.01072899941 -1.572065972e-21)
(1.038306251 -0.00696594527 3.208875274e-21)
(1.03038395 -0.01360818247 1.884731883e-23)
(1.012749561 -0.03403945173 1.089565019e-21)
(0.9783835026 0.002377625457 -3.177550604e-22)
(1.006809433 0.04721229174 -3.606022616e-21)
(1.050740162 0.01158201559 -4.686427356e-22)
(1.029442695 -0.01228653042 -2.358679899e-21)
(1.007425283 0.01072709133 -2.190093275e-21)
(1.024651629 0.01820740776 1.780855805e-21)
(1.036995112 0.005625959382 2.242135926e-21)
(1.031573747 0.0018919152 -1.76542741e-22)
(1.02883743 0.004082738734 1.86490173e-22)
(1.029636806 0.003832872698 -9.738537491e-22)
(1.045572921 0.01334256558 -1.912426727e-20)
(1.046296319 0.01217006032 4.295726304e-21)
(1.046977749 0.01090174164 2.581186692e-21)
(1.047593514 0.009529770212 1.186371943e-21)
(1.048142474 0.008050663033 1.817474497e-21)
(1.048591336 0.006459802761 1.391653101e-22)
(1.048947028 0.004766056482 4.063378273e-22)
(1.049159037 0.002951208394 2.022479144e-22)
(1.049239676 0.001056125107 4.44364084e-22)
(1.049114804 -0.0009717798735 4.781404241e-21)
(1.048801068 -0.003020370768 -1.882769508e-21)
(1.048239543 -0.005218798168 -3.207805656e-21)
(1.04739722 -0.007325535416 4.01754626e-21)
(1.046265313 -0.009585004638 8.072175845e-21)
(1.044728044 -0.01156875925 -1.068685791e-20)
(1.042928611 -0.013672563 -8.458740115e-21)
(1.040585787 -0.01525083746 8.308145593e-21)
(1.038114016 -0.01683582248 -1.102919366e-21)
(1.034975071 -0.0176280388 1.398394278e-21)
(1.03203224 -0.01817178856 -8.068355075e-22)
(1.028411139 -0.01782271015 1.313036723e-21)
(1.025554433 -0.01672362612 -4.602207901e-21)
(1.022215718 -0.01518715047 1.21463508e-20)
(1.020298248 -0.01197853891 7.719468844e-21)
(1.01872336 -0.009954649496 -6.669217154e-21)
(1.018359673 -0.005116430378 -7.201974752e-21)
(1.020557081 -0.003796181032 3.547497673e-22)
(1.021850066 -0.0008651853693 4.169263153e-21)
(1.026928557 -0.001873820146 2.15276754e-21)
(1.02769931 -0.005540556616 -2.319629629e-22)
(1.028717891 -0.008157753871 6.143738789e-23)
(1.025877355 -0.01508538443 2.338188739e-22)
(1.020279763 -0.01516476133 2.363690229e-21)
(1.013937242 -0.01922440699 2.350998523e-21)
(1.001777504 -0.01109463658 1.788905878e-21)
(1.003728117 -0.0001997908576 -2.240959322e-21)
(1.005178855 0.004686281085 1.246960377e-21)
(1.013998325 0.01707063095 -2.417960152e-21)
(1.030316515 0.005709863518 -2.320360189e-22)
(1.025532172 -0.004352269343 5.799473803e-22)
(1.023623543 -0.007677820262 -1.480211977e-21)
(1.011037609 -0.0212834609 -1.40474198e-21)
(0.9881163113 0.003141853581 -1.353006336e-23)
(1.011381943 0.03084851883 -6.515092478e-21)
(1.036602465 0.00828179921 3.252654271e-21)
(1.020414099 -0.004691250458 -6.122942657e-22)
(1.011840133 0.01036516742 2.460927524e-21)
(1.026267528 0.01328819852 -4.696521371e-21)
(1.032107832 0.004896475096 -6.87682648e-21)
(1.028963807 0.002849284297 9.112046116e-23)
(1.028393423 0.003975401092 1.265600815e-21)
(1.029827576 0.003547038588 5.579024765e-23)
(1.037161513 0.01037011749 -2.052308729e-23)
(1.037724812 0.009480088385 -1.689464382e-21)
(1.038255817 0.008518798719 -4.927921011e-21)
(1.038737736 0.007481068802 -1.527968154e-21)
(1.039168095 0.006364072013 -3.189092276e-22)
(1.039522547 0.005166618496 -1.312198378e-21)
(1.039806301 0.003892653264 -9.438101896e-22)
(1.039979189 0.002535344965 -2.695831112e-22)
(1.040055774 0.001117292518 -1.662882814e-22)
(1.03997502 -0.0003869778379 1.257340523e-22)
(1.039758795 -0.001909834197 -4.303264428e-21)
(1.039347202 -0.003522607397 -8.811383877e-22)
(1.038750518 -0.005077445018 3.654106598e-21)
(1.037924432 -0.006718416816 -4.312786035e-22)
(1.036838472 -0.008174653182 -8.183904351e-21)
(1.035542884 -0.009694579273 6.17936448e-21)
(1.033896726 -0.01086042972 3.621657264e-21)
(1.032154513 -0.01202245234 1.817978769e-21)
(1.029955863 -0.01265852209 4.574914581e-22)
(1.027918409 -0.01312941615 -4.985931184e-22)
(1.025364454 -0.01302837768 1.926622966e-21)
(1.023410818 -0.01244672354 -1.256935154e-20)
(1.021001403 -0.01160510941 1.279982962e-20)
(1.019638339 -0.009743229872 -5.718471777e-23)
(1.018280235 -0.008582068448 -6.501171627e-21)
(1.017849681 -0.00584300545 2.352650635e-21)
(1.018618916 -0.005141639821 -3.899221482e-21)
(1.018934461 -0.003441520511 -7.608567413e-22)
(1.021414915 -0.004059825534 1.685660371e-21)
(1.021092637 -0.005852355917 1.264433668e-21)
(1.021723548 -0.007246842339 -5.969779547e-22)
(1.019144823 -0.0111182281 -9.612556742e-22)
(1.015666364 -0.01067598937 4.177833874e-22)
(1.01177867 -0.0128376372 2.611021851e-21)
(1.004044543 -0.007484202777 -7.680401562e-22)
(1.005944317 -0.001101530223 -6.860060154e-22)
(1.005709408 0.001808131173 1.25563556e-21)
(1.011277854 0.009613868755 -1.833156694e-21)
(1.020910868 0.00284714182 1.418976689e-22)
(1.017292508 -0.002668614407 1.182048904e-21)
(1.017241756 -0.004163373145 4.379815355e-22)
(1.009275639 -0.01222785837 -1.096284941e-21)
(0.9952128067 0.002994549499 4.710929542e-22)
(1.011067445 0.0194949749 3.014823687e-21)
(1.025273677 0.006391912813 3.489457101e-21)
(1.015626185 -0.0003899072896 -3.387232442e-21)
(1.012865574 0.008775543301 2.255129083e-21)
(1.023100249 0.009883844181 6.308298595e-21)
(1.026311073 0.004491733505 1.067340377e-21)
(1.025472362 0.003113514176 7.495426806e-23)
(1.025634607 0.003560971023 -1.228449434e-21)
(1.027232914 0.003173675696 9.751466943e-23)
(1.030014127 0.007806139951 5.78365794e-21)
(1.030452115 0.007152090711 1.365175984e-21)
(1.030865432 0.006447053428 -7.118490752e-21)
(1.031242899 0.005688079217 9.201279442e-22)
(1.031581685 0.004873081438 2.381939263e-21)
(1.031865475 0.004002377098 2.485302194e-22)
(1.032096556 0.003077487331 2.181489429e-23)
(1.032247548 0.002096724059 -8.064049372e-22)
(1.032326591 0.001072168484 -1.564848203e-22)
(1.03229343 -7.160733875e-06 -1.421148034e-22)
(1.032161943 -0.001104173092 -1.598527301e-22)
(1.03188807 -0.002253075702 2.413304439e-22)
(1.031487911 -0.003371314531 1.102129829e-21)
(1.03092114 -0.00453401989 5.641019833e-22)
(1.030182078 -0.005586035204 -1.479719678e-21)
(1.029287024 -0.006664510191 1.104896915e-21)
(1.028163617 -0.007526282079 -3.974747188e-21)
(1.026961606 -0.008372458255 -3.348904928e-21)
(1.025460625 -0.00889716165 1.584451315e-21)
(1.024053473 -0.009311035561 2.255619312e-21)
(1.022285622 -0.009371826911 -1.370140444e-21)
(1.02090863 -0.009144406034 -7.976529556e-21)
(1.019182635 -0.008746698194 1.77620824e-20)
(1.018134262 -0.007774198055 2.117942008e-21)
(1.016968184 -0.007161303625 -6.545093481e-21)
(1.01642823 -0.005703947339 1.00247699e-21)
(1.016389106 -0.005342401636 -3.519173631e-21)
(1.016158747 -0.004382487209 1.649077067e-21)
(1.017057368 -0.004716465874 -8.917067149e-22)
(1.016320996 -0.005489215374 6.434783927e-22)
(1.016398855 -0.006149963045 -4.303849645e-22)
(1.014371366 -0.008114322387 -1.196343066e-21)
(1.012052877 -0.007520012133 -1.120334105e-21)
(1.009697781 -0.008507366823 3.455151113e-21)
(1.004927658 -0.005181866494 2.320818746e-22)
(1.006145943 -0.001456825431 -1.345286495e-21)
(1.005529813 0.0002543655401 3.38087227e-22)
(1.008714797 0.004916186237 -1.956507224e-22)
(1.013975922 0.001261527357 -2.508228207e-22)
(1.01181316 -0.001580692924 5.871505315e-22)
(1.011973088 -0.002079208766 -2.483962114e-22)
(1.007503479 -0.006382222844 -3.889734572e-22)
(0.9994901091 0.002537442065 -1.018413217e-22)
(1.009283376 0.01207466329 2.384083246e-21)
(1.017290326 0.004959101353 -2.704881637e-21)
(1.012557417 0.001640480285 -3.043410621e-21)
(1.012006164 0.007008342762 6.995288418e-23)
(1.019087337 0.007409843611 3.706172716e-22)
(1.021341359 0.003999221315 2.494191646e-21)
(1.021992353 0.002955067491 7.952280418e-22)
(1.022349689 0.003015783224 6.008483129e-23)
(1.02402809 0.002717109213 -6.56370898e-22)
(1.024163871 0.00567189106 -7.41474407e-21)
(1.02450644 0.005210834182 -2.893036056e-21)
(1.024832432 0.004714426131 2.894113681e-21)
(1.025134105 0.004181195812 3.303735874e-22)
(1.025408025 0.00360973818 -2.662440711e-21)
(1.025643995 0.003000707993 -1.72776288e-22)
(1.025841109 0.002354608622 1.690106572e-21)
(1.025982883 0.001671640433 1.328671729e-21)
(1.026071295 0.0009580135826 -3.007457828e-23)
(1.026081212 0.000210020852 -2.158036824e-22)
(1.026017779 -0.0005529333926 6.10973731e-22)
(1.025856398 -0.001345248094 1.283715284e-22)
(1.025604803 -0.002123608921 -7.967144092e-22)
(1.025239024 -0.002924244193 -1.435488299e-22)
(1.024754162 -0.003663737299 1.998924701e-21)
(1.024158311 -0.004412451073 -4.380370651e-22)
(1.023407543 -0.005036788235 5.026043223e-22)
(1.022592697 -0.005645067399 1.706356319e-21)
(1.021577408 -0.006066303777 7.12066407e-22)
(1.020609026 -0.006420083962 6.475898886e-22)
(1.019394105 -0.006564395122 -3.474423e-21)
(1.018399442 -0.006547047695 -4.048527774e-21)
(1.017150168 -0.006417333881 6.501554858e-21)
(1.01629587 -0.00597760918 -2.217838209e-21)
(1.015298418 -0.005705182585 -1.929300796e-22)
(1.014676349 -0.004982168469 9.27377686e-22)
(1.014220948 -0.004819287153 -4.488967975e-21)
(1.013696282 -0.004290720688 3.081779921e-21)
(1.013709398 -0.004446715435 -3.064618817e-22)
(1.012857916 -0.004712119384 7.278718047e-22)
(1.012496118 -0.004948830721 -1.388997415e-22)
(1.010999165 -0.005840687049 -7.583612661e-22)
(1.009318362 -0.0052807761 -1.255976293e-21)
(1.007874383 -0.005628378408 1.583950794e-21)
(1.004932809 -0.003662180364 3.927261433e-22)
(1.00549429 -0.001509238503 1.796244981e-22)
(1.004859159 -0.0005101666788 1.036960064e-21)
(1.006503962 0.002156886156 8.855002262e-23)
(1.009117858 0.000390907299 -7.10737191e-22)
(1.008014514 -0.0009275281698 -9.236444553e-23)
(1.008010693 -0.000934866684 8.549783297e-22)
(1.005842972 -0.002970486413 5.34852047e-23)
(1.001533508 0.002014058395 -1.137189589e-22)
(1.007355182 0.007315804807 -9.695469653e-22)
(1.011879057 0.003732689322 7.133975022e-22)
(1.010182415 0.002276264398 -8.225065997e-22)
(1.010480893 0.005341869801 9.874172664e-22)
(1.015548924 0.00545470958 -2.910733177e-24)
(1.017349371 0.003374117713 -1.999682377e-21)
(1.018860592 0.002577165012 -9.07656678e-22)
(1.019311731 0.002430257773 5.370723896e-22)
(1.021090056 0.002210521959 -3.226799426e-22)
(1.019656209 0.003719018057 -9.802832782e-22)
(1.019927566 0.003419987915 4.910991093e-22)
(1.020186856 0.003098955752 -2.968492973e-22)
(1.020429223 0.002755122954 -8.913412048e-22)
(1.020651838 0.002387562398 2.01823047e-21)
(1.020848635 0.001996736159 1.041999368e-21)
(1.021017598 0.001582768844 -2.69766861e-21)
(1.021149413 0.001146280111 -2.280462792e-22)
(1.021242507 0.0006900442448 1.123445936e-21)
(1.021284609 0.0002131831029 -3.594645361e-22)
(1.021274651 -0.0002749652755 3.796568433e-22)
(1.021198421 -0.0007800477847 -1.163685777e-21)
(1.021055453 -0.001280937085 9.619985346e-22)
(1.020834877 -0.001793406198 3.257351824e-22)
(1.02052654 -0.002275375105 -8.572161825e-22)
(1.020142643 -0.002760291676 -4.24530035e-22)
(1.019646764 -0.003179222721 3.511685146e-22)
(1.019101485 -0.003587440269 -7.30267626e-22)
(1.018412211 -0.003893772077 2.294517782e-22)
(1.017734461 -0.004163380255 1.508078634e-21)
(1.016875774 -0.004317417855 2.035410184e-21)
(1.01612984 -0.004386590071 -4.028253135e-21)
(1.015195509 -0.004385359444 -4.672373054e-22)
(1.014473331 -0.004223270908 1.745717766e-21)
(1.013614858 -0.004129851825 3.523146949e-21)
(1.012960975 -0.003799257797 7.13889019e-22)
(1.012327613 -0.003734518305 -3.149272684e-21)
(1.011672581 -0.003450118519 1.508541708e-22)
(1.011237855 -0.003499182357 -1.389926926e-21)
(1.010388472 -0.003540512089 6.591681403e-22)
(1.009749489 -0.003562934105 -6.975862872e-22)
(1.008617935 -0.00389495034 4.646435762e-22)
(1.007286218 -0.003459177636 6.607744334e-22)
(1.006329996 -0.003500581892 1.524924143e-21)
(1.004444548 -0.002414235366 -1.742728592e-21)
(1.004580318 -0.001230091891 -1.300212842e-21)
(1.003974394 -0.0006601628283 1.486020157e-21)
(1.004737866 0.000761961827 4.127416444e-22)
(1.005850425 1.957617339e-05 -1.881043054e-22)
(1.005358217 -0.0004852671766 -7.318230323e-23)
(1.00522681 -0.000332309294 7.435030569e-22)
(1.004392428 -0.001154903697 3.619339172e-22)
(1.002152951 0.001468820713 -3.984315739e-22)
(1.005699301 0.004213399021 -6.750251999e-22)
(1.008301002 0.002585060939 4.683128066e-22)
(1.008247048 0.002064340196 -6.407827582e-22)
(1.008882322 0.003710898318 1.353048686e-21)
(1.012726698 0.003704344658 1.299230178e-21)
(1.01423249 0.002506113859 2.577962069e-22)
(1.016193205 0.001946996586 2.062535788e-22)
(1.016741212 0.001712202922 -3.313279336e-22)
(1.018610825 0.001569768789 1.337451163e-22)
(1.016569596 0.002121657885 -1.269283131e-20)
(1.01680556 0.001944561739 -5.538859085e-22)
(1.017030721 0.001754328416 7.51639015e-21)
(1.017242064 0.001550984483 -2.827245383e-21)
(1.017437882 0.001334257258 -5.179126568e-21)
(1.017614967 0.001104528109 4.117577211e-22)
(1.017770532 0.0008618341186 2.707973892e-21)
(1.017898572 0.000606658626 7.443281935e-22)
(1.017995095 0.0003402172137 -7.474912787e-22)
(1.018052312 6.269082806e-05 -1.036576855e-21)
(1.018065838 -0.0002220556986 4.10630363e-23)
(1.01803068 -0.0005153067037 -2.957725581e-22)
(1.017944043 -0.0008081574834 6.089068694e-22)
(1.017804441 -0.001106412892 8.113238245e-22)
(1.017598551 -0.001391695193 -1.904612864e-21)
(1.017336687 -0.001677343337 -3.182181423e-22)
(1.016987058 -0.001933033893 5.560924909e-21)
(1.016594632 -0.002181865702 -3.312463697e-22)
(1.016091755 -0.002382779184 -1.242957645e-22)
(1.015580935 -0.002564289647 -4.186856323e-21)
(1.014935326 -0.002688241275 -2.526877235e-21)
(1.014336209 -0.002768723917 1.916505105e-21)
(1.013589953 -0.002808762811 3.261871185e-21)
(1.01294369 -0.002770626229 -5.699334797e-21)
(1.012174058 -0.002751933106 -8.157188852e-22)
(1.011504588 -0.00261859101 4.339138259e-21)
(1.010790133 -0.002590778967 -6.715090807e-22)
(1.010072 -0.002448687259 -2.852093256e-22)
(1.009412836 -0.002443378549 -1.113985087e-21)
(1.008581545 -0.002409889127 2.399638386e-21)
(1.007800981 -0.002358348049 5.61291309e-22)
(1.006867748 -0.002425983512 -8.986007036e-22)
(1.005734599 -0.002142721733 -1.52839042e-21)
(1.004966389 -0.002057567939 2.550178587e-21)
(1.003610379 -0.001499250417 -5.979554246e-24)
(1.003460685 -0.0008878841959 -1.644693813e-21)
(1.002847515 -0.0005561485231 1.434620467e-22)
(1.003132361 0.0001308211315 -5.534179167e-22)
(1.003469038 -8.980717508e-05 2.166797695e-22)
(1.003255041 -0.000196536343 -3.94160698e-24)
(1.003040006 -3.741180776e-05 -4.007555813e-22)
(1.002852204 -0.0002506017698 -3.205955996e-22)
(1.0017279 0.0009795573757 -9.258034431e-22)
(1.00405389 0.002210724743 4.224701044e-22)
(1.005625167 0.001598639363 2.374235778e-21)
(1.006366771 0.001519155143 -1.443464261e-21)
(1.007163645 0.00229414564 1.712332232e-22)
(1.010261238 0.002247267094 -1.752994877e-22)
(1.011590629 0.001620246951 -8.892002133e-22)
(1.013731046 0.00127928474 9.629526971e-22)
(1.014368496 0.001044705252 -2.254044713e-22)
(1.016274197 0.0009284965415 -2.805428966e-22)
(1.01374461 0.0004804407743 1.076488456e-20)
(1.01390381 0.0004360186376 -2.368665661e-21)
(1.014056289 0.0003879417342 -1.194047174e-20)
(1.014200367 0.0003362503126 -4.153374533e-21)
(1.014332511 0.000281036425 -3.300911962e-22)
(1.014448861 0.000222444636 3.774103921e-21)
(1.014545954 0.0001604782678 8.77277909e-21)
(1.01462014 9.532037576e-05 3.258907799e-22)
(1.014668005 2.722335684e-05 -2.867838261e-21)
(1.014685594 -4.3389285e-05 3.231067948e-22)
(1.014668962 -0.0001156552768 -7.197411532e-23)
(1.014612315 -0.0001888900161 4.151854981e-22)
(1.014508989 -0.000261967209 4.674664321e-22)
(1.014357461 -0.0003350979129 8.885022267e-22)
(1.014148518 -0.0004061388007 -3.765397771e-21)
(1.013887722 -0.0004759880603 3.034860225e-21)
(1.013557388 -0.0005405282315 6.758556321e-21)
(1.013178841 -0.0006017016646 -9.703116183e-21)
(1.012717798 -0.0006537777278 -4.904773116e-22)
(1.012222452 -0.0006997388073 5.086806634e-21)
(1.011634143 -0.0007341259601 -3.874620686e-22)
(1.011036807 -0.0007583925487 -1.706736115e-21)
(1.010344416 -0.0007726978102 6.467139134e-21)
(1.009669709 -0.0007712069664 -3.894050026e-21)
(1.00891622 -0.0007688359849 7.986563073e-22)
(1.008188118 -0.000744580668 2.111156934e-21)
(1.007421043 -0.0007342666994 -4.217753712e-21)
(1.006646084 -0.0007002933404 6.859221887e-22)
(1.005877358 -0.0006886484156 -1.101503307e-21)
(1.005049721 -0.0006646388889 -2.897775571e-23)
(1.004221058 -0.000641278235 -1.054255523e-21)
(1.003374092 -0.0006286915879 -4.971819807e-22)
(1.002421188 -0.0005625683733 -3.302351155e-22)
(1.001713069 -0.0005204802198 4.596151854e-21)
(1.000768759 -0.0004014748257 -6.362449482e-22)
(1.000436483 -0.0002665052767 -2.982311175e-21)
(0.9999530154 -0.0001786070875 2.309878338e-21)
(0.9999675744 -3.881324976e-05 -1.320622245e-22)
(0.9999978467 -4.06691674e-05 -5.327116837e-22)
(0.9999320938 -2.411873398e-05 1.991078647e-22)
(0.9998435294 2.790051589e-05 -1.806159324e-22)
(0.9999286514 5.2779739e-05 5.937384925e-22)
(0.999634987 0.0002731849684 -5.14677116e-22)
(1.001189861 0.0004647216506 -4.954648991e-22)
(1.002337519 0.0004008005604 1.384733169e-21)
(1.003345975 0.0004466401881 -1.750487788e-21)
(1.004395275 0.0005745175156 1.491462539e-22)
(1.006781341 0.0005454784234 1.291002585e-21)
(1.008047043 0.0004094764874 -2.368091426e-22)
(1.009848341 0.0003220959983 2.799570109e-22)
(1.010522547 0.0002403787731 -2.12996707e-22)
(1.011953488 0.0001961745564 -4.474079442e-22)
(1.201998405 0.157810539 -1.039948279e-19)
(1.207384923 0.1517948172 3.126788093e-20)
(1.21327995 0.144805627 6.362708927e-20)
(1.219676086 0.1365324249 -2.328851561e-19)
(1.226396118 0.1270217701 -2.575134865e-19)
(1.233969926 0.1156104479 1.064466687e-20)
(1.240118367 0.1023318054 4.958699152e-20)
(1.250805923 0.08726860175 1.306125894e-20)
(1.248987545 0.06578503795 3.499042938e-20)
(1.269534551 0.05038144786 8.493080665e-20)
(1.236102578 0.005283439091 3.750149729e-20)
(1.18576798 0.145964018 2.132601371e-19)
(1.190447541 0.1410653082 4.623278934e-20)
(1.195448698 0.1353352475 9.239917035e-21)
(1.20137921 0.1285991917 2.558604275e-20)
(1.206739378 0.1205441904 7.468869636e-21)
(1.215001059 0.1115767571 -1.743953918e-19)
(1.218459099 0.09934036414 -7.279741646e-20)
(1.232256186 0.08890516429 1.086435793e-20)
(1.228306296 0.06742767871 2.244667993e-20)
(1.249184126 0.05836536246 2.322979076e-21)
(1.240872266 0.02076222 2.917106698e-20)
(1.170841379 0.1346411993 -2.469370542e-19)
(1.175003273 0.1306663322 2.238053009e-19)
(1.179321273 0.1259336384 2.772717975e-19)
(1.18483056 0.1206134655 -1.326440488e-19)
(1.189235096 0.1137095522 -9.206281153e-20)
(1.197298308 0.1071031925 3.308751778e-20)
(1.200020023 0.09600931447 3.385376953e-20)
(1.212317274 0.0891048498 9.681317605e-20)
(1.212438686 0.07004164553 7.392945392e-20)
(1.224174112 0.06325750614 -6.185046161e-20)
(1.232311181 0.03389955985 3.106194496e-21)
(1.156928104 0.1233518989 -2.337391689e-20)
(1.160597223 0.1201739763 -8.504507313e-20)
(1.164444328 0.116314879 4.66196828e-20)
(1.169312289 0.1121612538 1.111905965e-19)
(1.173508988 0.1064125464 2.727699356e-20)
(1.180238133 0.1014442336 -5.126717133e-20)
(1.184289595 0.09219663229 -9.352110041e-20)
(1.192599609 0.08692146027 -1.183327486e-19)
(1.198320447 0.07202316049 3.736145058e-20)
(1.202468093 0.06561353225 -5.148065129e-20)
(1.216699397 0.04400393622 -9.175476856e-20)
(1.144070547 0.1124676386 -1.283333578e-19)
(1.147248299 0.1099333518 6.190866829e-20)
(1.150721334 0.1068453692 9.252394255e-20)
(1.154835894 0.1035421045 3.988336684e-20)
(1.159067539 0.09898754765 9.296569595e-20)
(1.164243033 0.09495202004 -1.135311567e-20)
(1.16965378 0.0878942594 3.453916125e-20)
(1.174859581 0.08316689763 -6.011571146e-20)
(1.183551929 0.07243183948 -9.471969424e-20)
(1.185065285 0.06615407292 5.217364604e-20)
(1.199624522 0.05079118205 2.447672654e-20)
(1.132153448 0.1019859536 -1.567000778e-20)
(1.134893368 0.09996336286 -9.277183915e-20)
(1.138007699 0.09753419075 -2.380647636e-20)
(1.141484205 0.09486782124 -9.440640802e-20)
(1.145570832 0.09139443449 -2.110490295e-20)
(1.149686285 0.08798696718 6.116380391e-20)
(1.155460199 0.08287087528 8.379171376e-20)
(1.159313919 0.07854757114 4.374712352e-20)
(1.168368109 0.071085713 -4.963879686e-20)
(1.169981901 0.06524976826 2.143407452e-20)
(1.183423374 0.05463721661 8.618041308e-20)
(1.121064984 0.09190671995 -4.8025765e-20)
(1.123432542 0.09029545903 1.037583958e-20)
(1.126183844 0.08839745371 4.578344988e-20)
(1.129179394 0.08624565441 -3.654924106e-20)
(1.132917496 0.08362487598 -6.629231674e-21)
(1.136435519 0.08076886298 -2.216681251e-20)
(1.1418698 0.07710382577 -6.244543738e-21)
(1.145306004 0.07329618422 4.538880664e-20)
(1.15368387 0.06818900805 7.870985152e-21)
(1.15586745 0.06297219278 -3.332304489e-20)
(1.168253078 0.05592168509 -2.557876006e-20)
(1.110672962 0.08225599934 5.844203895e-21)
(1.112720778 0.08097345586 1.165009089e-19)
(1.115124083 0.07948632206 2.223206272e-19)
(1.117736112 0.07775918161 -9.741767863e-20)
(1.121054875 0.07576750548 -1.678784911e-19)
(1.124172728 0.07341364124 -1.860602494e-20)
(1.129054394 0.07076937928 1.320869931e-20)
(1.132277293 0.06750777429 7.77487178e-21)
(1.139831827 0.06405502322 -1.630712226e-21)
(1.142339069 0.05946022548 1.609471931e-22)
(1.153782559 0.05498357271 -1.883517161e-20)
(1.100838393 0.07304144739 -3.525013352e-20)
(1.102606242 0.07201763583 -1.424064516e-19)
(1.104691271 0.07084313665 -6.285070981e-20)
(1.106969961 0.06945886768 1.281546707e-19)
(1.109879369 0.06792432007 5.365329618e-20)
(1.11264973 0.06600161824 -7.718318594e-20)
(1.116972537 0.06406590661 1.497092593e-20)
(1.119956185 0.06130904181 4.609767225e-20)
(1.126723542 0.05898601016 -4.461550315e-21)
(1.129316188 0.05497583867 -2.530267443e-20)
(1.13979729 0.05224181911 -2.465486573e-21)
(1.091444439 0.06428737054 4.245478823e-20)
(1.092963286 0.06346451897 3.255303464e-20)
(1.094760429 0.06252659228 5.320195148e-20)
(1.096737043 0.061412486 -4.678416195e-20)
(1.099265363 0.06020898962 4.660707736e-20)
(1.101705765 0.05864105165 2.465054154e-20)
(1.1054966 0.0571888381 -3.854139571e-20)
(1.108203662 0.05487746316 -2.069940895e-20)
(1.114204992 0.05328639455 1.730637163e-20)
(1.116733389 0.04982459145 3.645516255e-20)
(1.126191219 0.04818095599 -1.463072736e-20)
(1.082405661 0.05602329757 -8.217327414e-20)
(1.083701458 0.05535559933 2.612612801e-20)
(1.085237976 0.05459675507 4.257936209e-20)
(1.086938151 0.05369306758 -4.389580747e-20)
(1.08911306 0.05272957192 5.646633308e-21)
(1.091238886 0.05144845616 5.447650059e-21)
(1.094522205 0.05032055658 6.537574876e-21)
(1.09693394 0.04839548811 1.336914581e-20)
(1.102177744 0.04725170841 -2.162635655e-20)
(1.104543788 0.04429816222 -1.079323533e-20)
(1.112923413 0.04327712122 8.079330393e-21)
(1.073673541 0.04828724438 2.744455026e-21)
(1.074768895 0.04773990766 -1.997149522e-20)
(1.076069187 0.04711794452 -6.697888483e-21)
(1.077516127 0.04637822125 -2.141971533e-20)
(1.079363848 0.04559092543 -4.394369355e-21)
(1.081192156 0.04454019027 3.461724654e-20)
(1.083992993 0.04363001884 -4.559108797e-21)
(1.086104026 0.04203474763 -6.749889982e-21)
(1.090604218 0.04115131338 -1.170892808e-20)
(1.092745819 0.03865938834 1.005771426e-20)
(1.100014486 0.03795396964 1.561656019e-20)
(1.065236257 0.04111866428 6.375835211e-20)
(1.066151826 0.04066621284 4.686516901e-22)
(1.06723884 0.04015117103 1.507487587e-23)
(1.068454819 0.03954083797 -2.612651596e-22)
(1.070002036 0.03888698231 -1.684013301e-21)
(1.071551914 0.03802195445 1.718623913e-20)
(1.073900008 0.03726324529 -1.021806918e-20)
(1.075714895 0.03594686418 -2.343850974e-20)
(1.07949883 0.03521281055 -4.171867636e-20)
(1.081383016 0.03313357551 2.469656337e-20)
(1.087540951 0.03256269383 5.114089153e-20)
(1.057120976 0.03455310544 -4.209358626e-20)
(1.057876339 0.03417751178 3.390556441e-20)
(1.058772447 0.03374879688 -1.380529017e-21)
(1.059779669 0.03324307004 -4.171019696e-20)
(1.061054476 0.03269519854 8.213051834e-21)
(1.06234735 0.03198193449 1.6138854e-20)
(1.064278533 0.0313368053 2.12395901e-20)
(1.065810029 0.03025583961 2.954894024e-21)
(1.068921074 0.02961400452 -3.162832141e-20)
(1.070537752 0.02789954387 2.253565817e-21)
(1.075622583 0.02737363906 3.265279746e-20)
(1.049392147 0.02861593795 -5.500028723e-20)
(1.050006365 0.02830458744 7.168005436e-21)
(1.05073383 0.02794816764 6.96211158e-20)
(1.051554939 0.02752957552 -2.518592268e-20)
(1.052587047 0.02707039409 6.647027339e-21)
(1.053646832 0.02648366925 1.317901544e-20)
(1.055202726 0.02593219104 8.129931351e-21)
(1.056470394 0.02505065315 -1.049117747e-20)
(1.058966923 0.02447777504 -4.202665174e-20)
(1.060322744 0.02308279173 -5.320314633e-21)
(1.064406518 0.0225712664 3.130427124e-20)
(1.042141325 0.02331878026 -4.954679228e-20)
(1.042633269 0.02306277192 -4.330120432e-20)
(1.043214453 0.02276893866 5.556707463e-20)
(1.043872771 0.02242510727 1.950263044e-20)
(1.044693274 0.02204352444 -7.199347117e-21)
(1.045546293 0.0215646321 -7.248050004e-22)
(1.046773023 0.02109693587 -2.508126189e-20)
(1.047801985 0.02038540756 3.51120947e-21)
(1.049754225 0.01987676821 2.215247473e-20)
(1.050867589 0.0187592354 -5.501378758e-21)
(1.054050181 0.01826468546 1.069604756e-21)
(1.03547528 0.01864990251 1.311699876e-20)
(1.035863325 0.01844240485 3.898508392e-20)
(1.036320216 0.01820375701 -6.898693025e-21)
(1.036839189 0.01792526113 -2.91876012e-20)
(1.037479568 0.01761318055 1.160295708e-20)
(1.038153618 0.01722755772 2.767556954e-20)
(1.039099733 0.01683791406 -1.223223158e-20)
(1.039918862 0.01627188837 -2.848265228e-20)
(1.041404814 0.01582986445 1.824528873e-20)
(1.0423016 0.01495090421 1.166661938e-20)
(1.044703552 0.01448878757 -2.785874315e-20)
(1.029492464 0.01458938484 -1.330896963e-20)
(1.029794796 0.01442509887 6.027438201e-21)
(1.030149221 0.01423585451 2.02856751e-20)
(1.030552548 0.01401538657 -7.571611639e-21)
(1.031044325 0.01376648594 -2.376329125e-20)
(1.031568373 0.01346267431 -7.746126299e-21)
(1.032283089 0.01314704984 1.826490768e-20)
(1.032923992 0.01270629131 -2.086884967e-21)
(1.034024559 0.01233527555 -1.386731305e-20)
(1.034735071 0.01166003994 5.433793402e-21)
(1.036485722 0.01124979389 1.90552602e-20)
(1.024299402 0.01106134336 -4.164977613e-20)
(1.024532041 0.01093480762 -1.355161521e-20)
(1.024803334 0.0107889171 3.709801708e-20)
(1.025112412 0.0106191543 1.435994753e-20)
(1.025484291 0.01042648057 -1.077903745e-22)
(1.025885533 0.01019353401 -4.109783484e-21)
(1.026415028 0.009946148585 -2.298309518e-21)
(1.026908774 0.009611892249 1.097474479e-21)
(1.027702656 0.009312340359 1.661147102e-21)
(1.02825871 0.008807666969 -4.095478868e-21)
(1.029490787 0.008461408077 5.6886841e-21)
(1.019944591 0.008063819132 1.635852029e-20)
(1.020124871 0.007971141289 -1.489288311e-20)
(1.020333693 0.007864209614 -2.587476398e-20)
(1.020571429 0.007739810918 1.533847313e-20)
(1.020852767 0.007598085502 1.572811661e-20)
(1.021159835 0.007427810447 -1.209727733e-20)
(1.021549141 0.007243988751 -6.069787313e-21)
(1.021928189 0.007001723102 1.166963706e-20)
(1.02248947 0.006773762002 3.036953362e-21)
(1.022922905 0.006412637498 2.616210131e-21)
(1.023758706 0.006139945022 -2.912331678e-21)
(1.016553549 0.005345439233 -4.563041364e-20)
(1.016692403 0.005282330078 -4.214058844e-20)
(1.01685218 0.00520948643 -3.239700293e-21)
(1.017034057 0.005124748378 2.189241483e-20)
(1.017245964 0.005027982165 1.13297409e-20)
(1.017480239 0.004912255552 2.162460048e-20)
(1.017765046 0.004785867165 -4.152334122e-21)
(1.018056083 0.004622481806 -1.974549516e-20)
(1.018448036 0.004463090585 -8.778660794e-21)
(1.018787811 0.004222755756 7.244616794e-21)
(1.019337733 0.004028260793 1.176020892e-20)
(1.014117977 0.00312598598 2.511215312e-20)
(1.014232503 0.003087087396 3.583852097e-20)
(1.014363337 0.003042169913 1.60784762e-20)
(1.01451192 0.002989967053 -3.496183514e-20)
(1.014682346 0.002930235171 -3.680985272e-21)
(1.014872431 0.002859208133 2.200188708e-20)
(1.015094627 0.00278063636 -1.620003255e-20)
(1.015331603 0.002681096033 -6.364034756e-21)
(1.015623572 0.002579900515 1.743061804e-20)
(1.015907242 0.00243495353 1.210920598e-21)
(1.016294063 0.002306974211 -8.926012554e-21)
(1.012010491 0.0007052926567 -4.371753022e-21)
(1.012095818 0.0006962079835 8.398238312e-21)
(1.012193133 0.000685893901 4.188312027e-22)
(1.01230437 0.0006739528645 -2.916855819e-20)
(1.012430535 0.000660481082 9.367344792e-21)
(1.012571998 0.0006444251156 5.732737104e-21)
(1.012730857 0.0006272087251 -5.288279084e-21)
(1.012906068 0.000604732714 3.713909214e-21)
(1.013102025 0.0005834161394 -7.884035151e-22)
(1.013311786 0.0005500052747 -4.424433041e-21)
(1.013543869 0.0005242934864 9.634415251e-21)
(1.167376189 0.1892201693 -2.380948071e-20)
(1.17368938 0.1843124422 -7.285848539e-21)
(1.179780247 0.1792584522 4.483763485e-20)
(1.185655565 0.1740690373 -2.04762938e-20)
(1.191318321 0.1687550245 8.218878854e-20)
(1.19676937 0.1633238159 8.280305964e-20)
(1.156609961 0.1715491374 2.125759846e-19)
(1.161856035 0.1675295272 -2.033992482e-19)
(1.166943517 0.163406335 -1.514784549e-19)
(1.171880307 0.159182286 -2.298477811e-19)
(1.176664996 0.1548627579 -2.704113356e-19)
(1.181309887 0.1504461044 2.028298911e-19)
(1.145546341 0.1555609435 -1.622598863e-19)
(1.15005491 0.1522801183 2.630847865e-19)
(1.154444385 0.1489109684 1.69336117e-19)
(1.158723898 0.1454570384 1.856152171e-19)
(1.162884466 0.1419229292 1.378413768e-19)
(1.166950344 0.1383110234 -2.736532469e-19)
(1.135072286 0.1403726215 5.422022119e-20)
(1.138912818 0.1376800644 -1.278638436e-20)
(1.14267386 0.1349265454 4.584072297e-20)
(1.146362465 0.1321144828 -7.821489425e-20)
(1.149969217 0.1292444944 -5.572399407e-20)
(1.153516409 0.1263223534 9.349625984e-20)
(1.125257221 0.1261809787 -1.54524097e-19)
(1.128524 0.123998343 5.266326148e-20)
(1.131738436 0.1217727266 5.101012322e-20)
(1.134904564 0.119505634 -7.656071185e-20)
(1.13801787 0.1171959782 -1.027375103e-19)
(1.141088362 0.1148497558 -5.897457807e-20)
(1.116009495 0.113007942 9.158965226e-20)
(1.11878101 0.1112415564 -1.071973722e-20)
(1.121520121 0.1094453582 2.383447149e-20)
(1.124228843 0.1076203418 4.480073378e-20)
(1.126907638 0.1057659236 6.358360278e-20)
(1.129555587 0.103885524 1.043154534e-19)
(1.107232078 0.1007464526 -1.08683865e-20)
(1.109581083 0.09931849237 -1.07718323e-20)
(1.11191274 0.09787105925 5.468949108e-20)
(1.114227876 0.09640464261 9.88578581e-21)
(1.11652921 0.09491940027 -1.301044586e-20)
(1.118810788 0.09341574749 -7.042848738e-21)
(1.098836955 0.08934738727 4.183736551e-20)
(1.100826527 0.08819333982 8.123474594e-21)
(1.102809715 0.0870270446 -6.705901841e-20)
(1.10478668 0.08584861 -6.78424359e-20)
(1.106760557 0.08465863303 1.402232045e-20)
(1.108724329 0.08345571642 7.72096659e-20)
(1.090729928 0.07875242429 -1.546461765e-21)
(1.092413656 0.077817033 4.549731666e-22)
(1.094098224 0.07687413673 8.103839859e-20)
(1.095783661 0.07592364126 1.165149068e-19)
(1.097473054 0.074966327 -7.838429131e-20)
(1.099159737 0.0739999755 -8.088833378e-20)
(1.082839148 0.06891719797 -1.457628858e-20)
(1.084260991 0.06815506499 -1.255455885e-20)
(1.085688247 0.06738831895 8.087518291e-22)
(1.0871209 0.06661679818 -6.342176631e-20)
(1.088561867 0.06584133354 -7.854318406e-20)
(1.090005049 0.06505936782 7.820335296e-20)
(1.075116101 0.05980894966 -2.119726065e-21)
(1.076312063 0.05918363194 -1.598005358e-20)
(1.077516287 0.05855536082 2.065060734e-20)
(1.078728561 0.05792393815 3.18904519e-20)
(1.079951443 0.05729018026 1.841081345e-20)
(1.081179309 0.05665140154 -2.892619129e-20)
(1.067540482 0.05140964034 1.309376116e-20)
(1.068541314 0.05089297197 -3.609355397e-20)
(1.069551414 0.05037421121 -2.150402113e-20)
(1.070570516 0.04985311733 1.813993446e-20)
(1.071600955 0.04933047257 2.116864183e-20)
(1.072637531 0.04880356772 2.055790607e-20)
(1.060121038 0.0437120524 8.557150281e-20)
(1.060952661 0.04328279318 -7.096219192e-20)
(1.061793424 0.04285181674 -6.113362926e-20)
(1.062642992 0.04241887102 -6.653487481e-20)
(1.063503502 0.04198470361 -6.345702068e-20)
(1.064370124 0.04154663402 6.770075721e-20)
(1.052898736 0.03671391399 -3.078513548e-21)
(1.053583795 0.036356518 1.29644478e-19)
(1.054277119 0.03599755776 -4.428224334e-20)
(1.054978307 0.03563677676 -2.164388151e-20)
(1.05568931 0.03527488484 5.673006802e-20)
(1.0564056 0.03490926652 -4.62460488e-20)
(1.04594702 0.03041280833 -6.602288166e-20)
(1.046505947 0.03011601959 -5.902978123e-20)
(1.04707186 0.02981773164 6.79189454e-20)
(1.047644163 0.02951768763 4.930524886e-20)
(1.048224679 0.02921657164 -2.094049908e-20)
(1.048809198 0.02891187143 2.004874297e-20)
(1.039364664 0.02480087586 1.394132347e-21)
(1.039815859 0.02455649142 -6.787555022e-21)
(1.040272383 0.02431064409 -1.240823526e-20)
(1.040733941 0.02406312667 -7.886437465e-22)
(1.041202121 0.02381459431 6.645644748e-21)
(1.041672867 0.02356265958 2.691039757e-20)
(1.033263037 0.01985552294 -1.650950525e-20)
(1.033623962 0.01965699109 -3.810796408e-20)
(1.033988723 0.01945714699 2.494526031e-20)
(1.034356875 0.01925577277 1.283109047e-20)
(1.034729894 0.01905347684 9.05516768e-21)
(1.035104048 0.01884802456 7.304679218e-21)
(1.027745643 0.0155478061 -5.026006754e-20)
(1.028032353 0.01539021435 -2.063047973e-20)
(1.028321495 0.01523145294 1.552152914e-20)
(1.028612633 0.01507132207 2.014561053e-20)
(1.028907101 0.01491039888 7.825521874e-21)
(1.029201496 0.01474661245 8.430187245e-22)
(1.022931234 0.01180378189 5.358253935e-20)
(1.023157653 0.01168176093 3.782435646e-20)
(1.02338532 0.01155878884 -3.790406074e-20)
(1.023613826 0.01143467793 -4.58780963e-20)
(1.023844328 0.01130996797 9.360228148e-21)
(1.02407379 0.01118276355 7.724327922e-21)
(1.018861454 0.008610599433 3.254631004e-21)
(1.019042581 0.008520840729 5.992704287e-22)
(1.019223983 0.008430325247 -3.313346147e-22)
(1.019405324 0.008338873189 6.100667178e-21)
(1.019587598 0.008247000262 -3.242273814e-21)
(1.019768215 0.008152947767 5.792714417e-21)
(1.015698897 0.005720731929 -9.237418042e-21)
(1.015843343 0.005659096444 -9.455000936e-21)
(1.015987465 0.005596951005 1.295854987e-22)
(1.016130976 0.005534120128 2.817955385e-20)
(1.016274638 0.005471091668 2.41144373e-20)
(1.016416374 0.005406242384 -2.105735788e-20)
(1.01339418 0.003359934496 -7.333458004e-21)
(1.013517942 0.003321343775 4.459552899e-21)
(1.0136409 0.003282521415 2.651920645e-20)
(1.013762808 0.003243280457 -6.316003121e-21)
(1.013884302 0.003204042195 -3.379349791e-20)
(1.014003654 0.003163374188 8.288568204e-21)
(1.0114455 0.0007602171805 8.054043593e-22)
(1.011543769 0.0007506487536 2.40835788e-21)
(1.011640964 0.0007413047615 -1.656997112e-20)
(1.011735102 0.0007318927011 -1.750728697e-20)
(1.011831394 0.0007226062947 1.188543961e-20)
(1.011917127 0.0007132738967 2.060830097e-20)
(0.9768329876 0.2321132405 -2.266528939e-20)
(1.011142216 0.2359962957 -1.147470229e-20)
(1.042183586 0.2359940608 -1.738755507e-20)
(1.068309799 0.2329546268 1.123282721e-19)
(1.089899253 0.2280259982 8.090677865e-20)
(1.107741409 0.2221615409 -2.155228427e-19)
(1.122549292 0.216006094 -2.432867441e-19)
(1.134849387 0.2099322557 -2.343297795e-20)
(1.145076523 0.2041746147 6.066062609e-20)
(1.153645402 0.1988332147 1.33764572e-19)
(1.160855218 0.1939502996 1.512704767e-19)
(0.9972093398 0.2157440421 1.814825746e-20)
(1.028322843 0.2170827123 2.495195507e-20)
(1.055160638 0.2149635055 4.885123786e-20)
(1.07678982 0.2107405192 -8.49588922e-20)
(1.094187139 0.2054638998 -1.071785184e-19)
(1.108410606 0.1998193366 3.409639607e-19)
(1.120203326 0.1942198809 4.531411015e-19)
(1.130051547 0.1888957097 -2.457616845e-19)
(1.138328428 0.1839701113 -6.229163463e-19)
(1.145316179 0.1794905686 -1.462352109e-19)
(1.151226814 0.1754425674 3.292864343e-19)
(1.01370457 0.1971835964 2.230384523e-20)
(1.039363635 0.1961357061 1.516307723e-20)
(1.061214556 0.1928727911 -5.369229726e-20)
(1.078805189 0.1884566647 8.421469143e-20)
(1.093010892 0.1836035386 1.691583953e-19)
(1.104734077 0.1787233152 -1.024161746e-19)
(1.114573569 0.1740413859 -2.449655165e-19)
(1.122895613 0.1696732693 2.315943011e-19)
(1.129935826 0.1656659059 1.238699431e-19)
(1.135891824 0.1620236613 -5.16008801e-20)
(1.140938364 0.1587318051 -2.059009289e-19)
(1.026804232 0.1787393364 1.005680377e-21)
(1.047784178 0.1763049012 1.158447568e-19)
(1.065533427 0.1725893801 6.427723705e-20)
(1.079841309 0.1683122627 -2.664866769e-19)
(1.091437489 0.1639406884 -2.276484461e-19)
(1.101057373 0.1597159925 1.183143892e-19)
(1.109180789 0.1557478368 1.212818887e-19)
(1.116084829 0.1520834915 -1.995637584e-20)
(1.121950041 0.1487357617 9.754111058e-20)
(1.126932603 0.1457083823 -3.122777337e-21)
(1.131174352 0.1429851482 2.575604014e-21)
(1.036798104 0.1606651737 3.672653462e-20)
(1.053748718 0.1574672528 -5.490662458e-20)
(1.068050388 0.1536628739 -8.824389153e-20)
(1.07963225 0.1496930841 4.332296931e-20)
(1.08907579 0.1458298748 4.423936962e-21)
(1.09695178 0.142198721 2.145468461e-20)
(1.103635854 0.1388450563 9.217029106e-20)
(1.109345348 0.1357835609 5.332630807e-20)
(1.114225175 0.1330129699 7.683063853e-20)
(1.118394158 0.1305270895 4.186029384e-20)
(1.121960594 0.1283046342 -2.357669936e-19)
(1.044018891 0.1433200958 4.020063545e-20)
(1.057574403 0.1398632629 5.655964267e-20)
(1.069029507 0.1362281489 -9.571607712e-20)
(1.078370091 0.1326579705 -8.569095259e-21)
(1.0860401 0.1292967386 5.5238593e-20)
(1.092475872 0.1262025906 2.740129132e-20)
(1.097968226 0.1233877552 -1.954485814e-21)
(1.102687843 0.1208477367 -2.36893848e-20)
(1.106745266 0.1185692457 -1.563775419e-19)
(1.110231021 0.1165376965 -1.362170126e-19)
(1.113226688 0.1147301785 1.36646926e-19)
(1.04883751 0.1269842302 1.516280519e-20)
(1.059586852 0.1235789852 2.414949866e-20)
(1.068711998 0.1202426788 8.10128705e-21)
(1.076217692 0.117095193 9.988768386e-21)
(1.082433065 0.1142037935 -2.990205235e-20)
(1.087685469 0.1115871485 -5.650542934e-20)
(1.092195915 0.1092371663 -1.072337912e-20)
(1.096094461 0.1071374092 6.371773059e-20)
(1.09946433 0.1052677473 -1.624429486e-20)
(1.102374229 0.1036101816 -3.006795753e-20)
(1.104886204 0.1021418268 4.635145257e-20)
(1.05159528 0.1117895634 1.260847599e-20)
(1.060055602 0.1086083936 1.49050239e-20)
(1.067287236 0.1056293541 -2.087038663e-21)
(1.07329854 0.1028981652 -2.624601046e-21)
(1.078325982 0.1004359615 -8.526783841e-21)
(1.082609157 0.09823768969 -1.660114324e-20)
(1.086311669 0.09628388411 -2.121195899e-20)
(1.089530707 0.09455226929 4.610097139e-20)
(1.092328218 0.09302034622 -8.850512215e-21)
(1.094756156 0.09166919569 -4.52470393e-20)
(1.096861032 0.09047732514 1.745544718e-20)
(1.052589961 0.09777761327 -1.044646441e-20)
(1.059206658 0.09490863159 1.241833853e-20)
(1.064913367 0.09230291778 -9.217852162e-21)
(1.069715294 0.08996292288 2.143610578e-20)
(1.073776317 0.08788284753 -3.579884434e-20)
(1.077266613 0.0860447464 -3.654660391e-20)
(1.080304324 0.08442417986 7.335304273e-20)
(1.082960489 0.08299723447 9.330019811e-20)
(1.085280913 0.08174156386 1.526206648e-20)
(1.087304502 0.08063884017 -8.206600984e-20)
(1.089066665 0.07966962806 -6.060411394e-20)
(1.052093108 0.08494031229 2.173895208e-20)
(1.057244392 0.08241815008 -2.072977649e-20)
(1.061734575 0.08017479685 -5.866309456e-21)
(1.065563581 0.07818942712 -5.794692312e-21)
(1.068840388 0.07644225302 2.496146121e-20)
(1.071682429 0.07490971162 2.79171993e-20)
(1.074172875 0.07356656072 -1.989487044e-20)
(1.076362659 0.07238971706 -9.940020973e-20)
(1.078285179 0.07135847206 -4.962966612e-20)
(1.07996938 0.07045590632 8.774765744e-20)
(1.081441944 0.06966502166 5.558625885e-20)
(1.050361453 0.07324133749 4.924573491e-20)
(1.05436164 0.07106670125 2.408516838e-20)
(1.057889098 0.06915889649 2.046897493e-20)
(1.060938896 0.06748683732 -3.036979645e-20)
(1.063580259 0.06602518137 -8.037088293e-20)
(1.06589186 0.06474932722 -1.393968708e-20)
(1.067930805 0.063635578 6.865844216e-20)
(1.069732859 0.06266299067 4.300588184e-20)
(1.071322115 0.06181321539 -2.572991002e-21)
(1.072719973 0.06107118537 -2.823238549e-23)
(1.073946654 0.0604224405 9.897297652e-21)
(1.047635584 0.06262871634 -2.075570462e-20)
(1.050740128 0.06078247384 -1.979011636e-20)
(1.053510239 0.05917615461 3.615207415e-21)
(1.055937739 0.05777641706 2.153233479e-20)
(1.058064314 0.05655749705 3.579711821e-20)
(1.059941126 0.05549638224 3.744598643e-20)
(1.061606484 0.0545721253 -6.190721502e-20)
(1.063085053 0.05376651764 -2.204559051e-20)
(1.064394107 0.05306385148 -2.177664937e-21)
(1.065549434 0.05245104204 -4.272410511e-20)
(1.066566474 0.05191611515 1.68359899e-20)
(1.044139774 0.05304522484 2.805512401e-20)
(1.046552838 0.05149854861 -5.767593544e-20)
(1.048729976 0.050158299 -2.345830031e-20)
(1.050661596 0.04899340094 1.129843255e-19)
(1.052371255 0.04798049618 3.166583691e-20)
(1.053891305 0.04709949387 -6.807789943e-20)
(1.055246966 0.04633266505 -2.0070743e-20)
(1.056455036 0.04566467659 3.849337884e-21)
(1.057527945 0.0450824434 -9.828923148e-20)
(1.058477358 0.04457481895 1.067822316e-20)
(1.059315292 0.0441321411 1.688275397e-19)
(1.040086606 0.04443514926 1.12058497e-20)
(1.041969879 0.04315599184 4.203797756e-20)
(1.043685051 0.04204836988 1.630726306e-20)
(1.045222729 0.0410857026 -4.764243131e-20)
(1.046595326 0.04024833782 -9.03489877e-20)
(1.047822896 0.03951960341 2.386832573e-20)
(1.048921932 0.03888501151 1.187171812e-19)
(1.04990388 0.0383319886 3.473188741e-20)
(1.050777876 0.03784989206 -6.566071499e-20)
(1.051552599 0.03742937577 -3.089641559e-20)
(1.052237688 0.03706286157 -7.898445429e-20)
(1.035686707 0.03674705841 1.539632054e-20)
(1.037167169 0.03570384 -1.971654253e-21)
(1.038524371 0.03479884063 -1.766232792e-20)
(1.039750337 0.03401078893 1.603283397e-20)
(1.040851318 0.03332409795 -6.760338613e-21)
(1.041839806 0.03272551087 -5.016540051e-22)
(1.042726802 0.03220355544 -3.257142619e-20)
(1.043520311 0.03174816879 -3.974233084e-20)
(1.044227347 0.03135089297 8.59889417e-20)
(1.04485448 0.03100400492 5.125176198e-20)
(1.045409766 0.03070176116 -3.489717016e-20)
(1.031149709 0.02993427484 4.279678943e-21)
(1.032325692 0.02909718921 -1.641902643e-21)
(1.03340678 0.02836818414 -3.699619626e-21)
(1.034387182 0.02773127607 3.214546713e-21)
(1.035270318 0.02717476257 7.240034474e-23)
(1.036064387 0.02668852181 1.973783179e-21)
(1.036777189 0.02626374475 -1.049319361e-20)
(1.037414686 0.02589255978 4.508857649e-21)
(1.03798263 0.0255683982 2.460890309e-21)
(1.038486147 0.02528495679 -3.203675749e-22)
(1.038932228 0.02503807636 -1.526387084e-21)
(1.02667612 0.02394741679 1.728090515e-20)
(1.027622653 0.02328888061 2.658225546e-21)
(1.02849148 0.02271222582 -1.658618351e-20)
(1.029279417 0.0222062122 -2.10651529e-20)
(1.029989142 0.02176251266 -1.250939945e-20)
(1.030626648 0.02137370991 3.022359962e-20)
(1.031197974 0.02103327 6.257766544e-20)
(1.031707902 0.02073520755 2.257173971e-20)
(1.032161451 0.02047456863 -5.897624682e-20)
(1.032562762 0.02024629596 -5.547776391e-20)
(1.032918185 0.02004756304 1.533318331e-20)
(1.022448875 0.01873420636 9.791938623e-21)
(1.023222741 0.01822827589 5.435196967e-21)
(1.023928659 0.01778246694 -1.195192695e-20)
(1.024565964 0.01738952587 1.0891649e-20)
(1.025137758 0.01704384314 9.796853577e-21)
(1.025649306 0.01674014475 -1.465668451e-20)
(1.02610604 0.01647368303 -3.460659854e-20)
(1.026512305 0.0162399729 -2.392895398e-20)
(1.026872768 0.01603536609 5.864527762e-20)
(1.027190863 0.01585585008 5.007106612e-20)
(1.02747241 0.01569970872 -2.595133323e-20)
(1.018627342 0.01421988241 1.890167786e-21)
(1.019272145 0.0138428835 -1.154878434e-20)
(1.019855715 0.01350797757 -8.246645045e-21)
(1.020379351 0.0132110098 9.015985343e-21)
(1.020846464 0.01294857684 1.721597542e-20)
(1.021261649 0.01271723323 1.932502887e-20)
(1.021629801 0.01251376767 -4.136989791e-21)
(1.021955022 0.01233497463 -3.092886939e-20)
(1.022241912 0.01217828925 -2.896503056e-20)
(1.022493658 0.01204057989 -2.989291432e-21)
(1.022715876 0.01192100525 2.273383302e-20)
(1.015341764 0.01035496042 7.836279884e-21)
(1.015886654 0.01008568122 3.628435628e-21)
(1.016372397 0.009845212534 2.53926775e-21)
(1.016803205 0.009631351812 -3.49108737e-20)
(1.017184315 0.009441941675 -4.10783969e-20)
(1.017521018 0.009274623861 4.217832285e-21)
(1.017818318 0.009127211304 3.207232544e-20)
(1.01808007 0.008997439315 5.344255523e-20)
(1.018310385 0.008883617343 -1.21973689e-20)
(1.018511845 0.008783341273 -1.518659047e-20)
(1.018689431 0.008696552375 1.290590078e-20)
(1.012719735 0.006902352062 -3.582916192e-21)
(1.013200805 0.006721446046 3.04860077e-21)
(1.01362626 0.006558932178 -4.643247147e-21)
(1.013999891 0.006413983965 1.594785626e-20)
(1.014326221 0.00628546924 4.29937272e-20)
(1.014610223 0.006171904041 -3.956824418e-21)
(1.014857193 0.006071862851 -5.564978883e-20)
(1.015071672 0.005983755271 -2.401698111e-20)
(1.015258313 0.005906517894 9.170200247e-21)
(1.015420088 0.00583831425 1.55898491e-20)
(1.015561841 0.005779630612 -3.024253169e-21)
(1.010808793 0.004084068058 7.993058644e-21)
(1.011236414 0.00397600126 -7.952320117e-21)
(1.011608451 0.003877717859 -1.391383768e-21)
(1.011932178 0.003789210089 -6.526743639e-21)
(1.012213968 0.003710177131 -6.966741364e-21)
(1.012459021 0.003639993891 4.972904355e-21)
(1.012672029 0.003578019632 2.967862707e-21)
(1.012856756 0.003523343114 3.573298307e-20)
(1.013017161 0.003475468963 -1.196571528e-21)
(1.013155757 0.003433035503 -3.893415234e-20)
(1.013276899 0.00339700429 -1.203645251e-20)
(1.009321521 0.000956179148 1.997624705e-21)
(1.009688031 0.0009235821958 7.874426136e-21)
(1.010003432 0.0008952091411 6.689373832e-21)
(1.0102744 0.0008706395389 2.280516736e-21)
(1.010507371 0.0008494442348 -9.247704085e-22)
(1.010706793 0.0008310941406 -2.146728594e-21)
(1.010878566 0.0008152582676 3.111077188e-22)
(1.011025017 0.0008014526382 -1.1505756e-20)
(1.011152776 0.0007896176583 -2.117216542e-20)
(1.011258921 0.0007790379194 1.444400654e-20)
(1.01135925 0.0007706276265 2.011452214e-20)
(1.001537088 0.001114344609 2.477306684e-20)
(0.9971085483 0.008829544107 5.618320975e-21)
(0.9939618256 0.01043472501 -1.6221084e-20)
(0.9862782922 0.01911042782 1.284799327e-21)
(0.9803435136 0.02393470588 -3.729322343e-20)
(0.9706564715 0.03661647863 9.507744173e-21)
(0.9633730126 0.04652404609 -3.16373109e-20)
(0.9534760059 0.06530349979 3.045242699e-20)
(0.9475604053 0.0810329812 -3.708127936e-20)
(0.9402438784 0.1070777061 -2.985316384e-20)
(0.9397354409 0.1274462113 -1.071422823e-20)
(0.9375561808 0.160506533 1.13394328e-19)
(0.9477738312 0.1807652049 3.749733103e-20)
(0.9484462641 0.2199166305 -4.625329068e-20)
(1.002098889 0.001195481242 -7.162021603e-21)
(0.9965646753 0.009682993643 4.069388835e-21)
(0.995262743 0.01144545771 6.833216598e-21)
(0.9866759543 0.02101956818 4.458178639e-20)
(0.9833007326 0.02591072137 -9.043891763e-20)
(0.9729635652 0.03957818243 7.717840344e-20)
(0.9694138409 0.04919873757 -1.048981698e-20)
(0.9590610623 0.06876169222 9.215479342e-20)
(0.9585677204 0.0832735734 6.532140161e-20)
(0.9504617834 0.1092742227 5.068467843e-20)
(0.9572684706 0.1267326059 -5.88967576e-20)
(0.9528502664 0.1580232304 -2.69109877e-21)
(0.9708343118 0.1734425286 -1.215457303e-19)
(0.9680738943 0.2079344309 -3.816172827e-20)
(1.002643732 0.001307980188 -2.374886096e-20)
(0.9960126183 0.01055362493 2.9646723e-20)
(0.9966055407 0.01246802331 8.012420783e-21)
(0.9871795215 0.02290378373 -8.213877223e-22)
(0.9863962016 0.02783622947 -2.561850976e-20)
(0.975625778 0.04229477491 9.091797709e-21)
(0.9755775056 0.05155344772 2.49739822e-20)
(0.9653692116 0.07138747732 -4.074722887e-20)
(0.9691296905 0.08452928969 -1.56909031e-20)
(0.9617618394 0.1096035517 -1.170413535e-20)
(0.9724424192 0.1240260999 -5.370695449e-20)
(0.9692475663 0.1525950356 4.408719628e-20)
(0.988351986 0.1634557437 -2.650676577e-20)
(0.9878635761 0.1936064733 2.146133481e-20)
(1.002978973 0.001438578334 4.283154998e-21)
(0.995742703 0.01141611016 2.208826608e-20)
(0.9977443359 0.01343385689 1.748571397e-20)
(0.9881711904 0.02470615414 -6.902342688e-20)
(0.9892524757 0.02957596514 4.355352062e-20)
(0.9790860878 0.04465526168 -2.256115176e-20)
(0.9812746378 0.05336891386 2.662814384e-20)
(0.9726936371 0.07309860987 -1.260007626e-20)
(0.9785699224 0.08466941981 -2.375017352e-21)
(0.9737539967 0.1082986295 -1.755149953e-20)
(0.9853217919 0.1197873826 1.203387518e-19)
(0.9850182693 0.1452080672 -3.113188366e-20)
(1.00262727 0.1524988793 -9.784099782e-20)
(1.004963226 0.1781428078 2.095801618e-20)
(1.00292645 0.001578328606 2.007637068e-20)
(0.9959818572 0.01224263048 2.68122122e-21)
(0.998502077 0.0143177698 -2.24511756e-20)
(0.9898650964 0.02634138353 -6.747114908e-21)
(0.9917283118 0.0310667677 4.206068008e-20)
(0.9833840212 0.04649767122 1.486444491e-20)
(0.9864776471 0.05453202757 2.441806296e-20)
(0.9806288038 0.07368682497 7.573152611e-21)
(0.9871075295 0.083654182 1.956847668e-20)
(0.9854115718 0.1052574246 -9.244851089e-21)
(0.9965100175 0.1142346531 9.982116877e-21)
(0.9989460425 0.1361367635 -1.407421397e-19)
(1.014387478 0.1408233659 3.846512848e-20)
(1.018807655 0.1620024888 6.263445008e-20)
(1.002468578 0.001716898849 -2.28506907e-20)
(0.9967032296 0.01298714602 -3.00415089e-20)
(0.9989388999 0.01512906354 -3.765864863e-20)
(0.9921197604 0.02768816782 4.21631422e-20)
(0.9939921161 0.03228733399 5.698398972e-21)
(0.9881391728 0.04764891626 -3.765720253e-20)
(0.9914353068 0.0550189992 -3.299363653e-20)
(0.988516425 0.07302687834 -2.835305958e-20)
(0.9949719985 0.08153977036 -1.82436527e-21)
(0.9959954464 0.1006003671 9.65719344e-21)
(1.006191693 0.1075714646 -2.772307345e-21)
(1.010588064 0.1258345835 4.970520505e-22)
(1.02379471 0.1286738314 4.908880514e-20)
(1.029465746 0.1457415178 -6.962071881e-20)
(1.001775704 0.001863051912 -1.214799617e-20)
(0.9976550261 0.01356361038 4.110819268e-21)
(0.9992634127 0.01589789453 2.888387332e-20)
(0.9946033084 0.02861000689 1.209510167e-20)
(0.9962505797 0.03320322374 -3.869331512e-20)
(0.9929170793 0.04798288612 -1.897174974e-20)
(0.9962477169 0.05479070098 -4.773414784e-20)
(0.9958626567 0.07112308232 1.644420562e-20)
(1.002106072 0.07837973787 1.031185411e-20)
(1.00513368 0.09463412316 2.484275132e-20)
(1.014307544 0.1000155092 -7.625282131e-21)
(1.019870193 0.1148279097 8.159053619e-21)
(1.030982225 0.1163920774 1.735617105e-20)
(1.037230835 0.1298815657 -4.111261896e-20)
(1.001074674 0.002038106635 7.34599028e-21)
(0.9985765001 0.01388074901 2.447045333e-20)
(0.9996347923 0.01661471156 3.244168633e-22)
(0.9970342917 0.02902214358 -3.258468292e-21)
(0.9985529231 0.03373195389 -5.262259254e-21)
(0.9974107775 0.04747248743 2.96380922e-20)
(1.000795524 0.05377868528 2.650753132e-20)
(1.00236011 0.06809978777 2.782060328e-20)
(1.008314518 0.07425002439 -1.60146814e-20)
(1.012645588 0.08771909581 -2.104581293e-20)
(1.020776874 0.09182075197 5.533716769e-21)
(1.026870711 0.1035759784 1.765701917e-20)
(1.036103373 0.1042794152 -3.325697787e-20)
(1.042449631 0.1147794956 -6.205060087e-20)
(1.000509297 0.002252586233 -1.434673239e-20)
(0.999344031 0.01388676205 9.498454099e-21)
(1.000098239 0.01720910539 4.144397017e-21)
(0.9992559156 0.0289087585 -9.988219425e-21)
(1.000819245 0.03377206843 1.108216831e-20)
(1.001424833 0.04615554128 8.219742294e-21)
(1.004874159 0.05194503837 6.057809336e-21)
(1.007811878 0.06414746527 -1.702940107e-20)
(1.013414053 0.06928874254 -2.087695662e-20)
(1.018462444 0.08019247936 1.300504029e-20)
(1.025574864 0.08325661142 -8.052715636e-21)
(1.031740053 0.09242433292 -3.144476229e-20)
(1.039330566 0.09256234696 3.375035267e-20)
(1.045456595 0.10063403 1.423085103e-20)
(1.00011243 0.00249169589 1.295594292e-20)
(0.9999515744 0.01359346394 -8.256380388e-21)
(1.000631352 0.01757114615 2.440272412e-20)
(1.001193614 0.02829776604 4.874265004e-21)
(1.002924628 0.03323810293 -8.035755315e-21)
(1.004822943 0.04409726574 6.590558534e-22)
(1.008306254 0.04931607512 -8.052359665e-21)
(1.012107775 0.05946944813 -6.279516616e-22)
(1.017298668 0.06368656539 1.214412432e-20)
(1.022608465 0.07234286182 -2.200930819e-20)
(1.028754218 0.07457527655 -3.242225635e-20)
(1.034678664 0.08161883346 2.421390565e-20)
(1.040865615 0.0814036173 2.435370598e-20)
(1.046572605 0.08753972215 -7.255626647e-21)
(0.9998584716 0.002717239063 1.131696386e-20)
(1.00042542 0.01306138089 -3.121381475e-20)
(1.001192505 0.01759333345 -8.218177593e-21)
(1.002800368 0.02722800454 -5.973933717e-21)
(1.00474467 0.03208906707 -1.256567976e-21)
(1.007516545 0.04139322183 -7.611252668e-22)
(1.010976107 0.04599243356 6.913168757e-21)
(1.015217668 0.05426922886 4.264670958e-21)
(1.019950557 0.05765881531 -1.899662746e-20)
(1.025187138 0.06441249337 9.464931815e-21)
(1.030439449 0.06599413389 1.153767441e-20)
(1.035926135 0.07133107975 -7.104906475e-20)
(1.040936355 0.07091450972 -2.220765806e-21)
(1.046110571 0.07552757858 7.469065213e-20)
(0.9997103307 0.002887201031 -6.337299545e-21)
(1.000780746 0.01234801175 -4.137784281e-21)
(1.00172872 0.01722440161 -2.389654531e-20)
(1.004042749 0.02572862224 1.344313462e-22)
(1.006180975 0.0303495629 4.834346865e-21)
(1.009463015 0.03816247893 5.798757832e-21)
(1.01282891 0.04212423726 1.703645821e-21)
(1.017176943 0.04874529601 -7.869482276e-21)
(1.021424094 0.05141732974 9.141263208e-21)
(1.026358563 0.05660043168 2.375465373e-20)
(1.030804175 0.05768770752 3.13504712e-20)
(1.035742346 0.06167522726 2.563429501e-20)
(1.03978146 0.06116335059 -4.352709256e-20)
(1.044369117 0.064588664 -7.118255136e-20)
(0.9996356009 0.0029655452 -4.989442723e-21)
(1.001024949 0.01149234584 1.823397047e-20)
(1.002180457 0.01646269074 9.886177638e-21)
(1.004896134 0.02384339592 7.429409739e-21)
(1.007171311 0.02809827859 -1.241390792e-20)
(1.010664991 0.03453893675 -9.346240059e-21)
(1.013867805 0.03787974441 -3.549801754e-22)
(1.018075044 0.04308217219 1.179539071e-20)
(1.021829329 0.0451520323 6.882589554e-21)
(1.026319398 0.0490647562 -4.945635658e-20)
(1.030051434 0.049787857 6.89167979e-21)
(1.034391876 0.05272167714 3.886236977e-20)
(1.037639301 0.05218576607 -7.181812282e-21)
(1.041627052 0.0546910746 1.060821299e-20)
(0.9996121998 0.002930467019 5.057817376e-21)
(1.001159402 0.01051998446 -1.418704477e-21)
(1.002494641 0.01533935245 2.844035092e-21)
(1.005361959 0.02164146511 -1.216646309e-20)
(1.007695306 0.02544852348 -9.976807632e-22)
(1.011167424 0.03066484941 1.571143679e-20)
(1.014148569 0.03342707131 1.354578059e-20)
(1.018045638 0.03744411616 -1.045256692e-20)
(1.021318589 0.0390233139 -2.058164496e-20)
(1.025288393 0.04192653163 7.721701221e-22)
(1.028400346 0.04238943952 4.145005586e-20)
(1.032135604 0.04450930871 -1.075920078e-20)
(1.034743835 0.04399485193 -3.4085165e-20)
(1.038144331 0.0457922708 -2.44968898e-20)
(0.9996250709 0.002784521647 8.487120878e-21)
(1.001192148 0.009438211968 2.459224614e-21)
(1.002640757 0.01391756861 -4.850122393e-21)
(1.005469181 0.01921016841 -3.938957824e-21)
(1.007777559 0.02252738699 4.591932747e-21)
(1.011058387 0.02667968552 -1.129255613e-20)
(1.013776438 0.02892177273 -7.815257477e-21)
(1.017261267 0.03197009882 1.641496412e-20)
(1.020079244 0.03315926372 1.557570109e-20)
(1.023501593 0.03527356862 -3.205487931e-20)
(1.026082225 0.03555650757 -2.28543192e-20)
(1.029232482 0.03705459098 3.416475698e-20)
(1.031328504 0.03658873325 1.597698749e-20)
(1.034171417 0.03784621739 -1.696456027e-20)
(0.9996607395 0.00254244604 -4.463306683e-21)
(1.001139106 0.008264432426 -2.186117504e-21)
(1.002623547 0.01228129082 1.686067062e-21)
(1.005276112 0.01665016724 1.372519671e-21)
(1.007482983 0.01946725176 -6.521362612e-21)
(1.01046119 0.02271509878 -3.114683524e-21)
(1.01289316 0.02450222576 8.775153428e-21)
(1.015919115 0.02677417722 -2.362961804e-21)
(1.018318772 0.02765874536 -1.470303364e-20)
(1.021201968 0.02916670389 -5.064206102e-21)
(1.023331772 0.02932954533 3.657355619e-20)
(1.025936171 0.0303593393 2.084226124e-20)
(1.027623632 0.02995632648 -2.028162204e-20)
(1.029951429 0.03080763579 -3.306100241e-21)
(0.9997084642 0.002228332954 -1.961905197e-21)
(1.001030139 0.007039498786 -6.235678952e-23)
(1.002473 0.01052246376 -6.837973441e-22)
(1.004857179 0.01405981954 3.385817173e-21)
(1.00689953 0.01639012673 -6.811242243e-21)
(1.00951525 0.01888325733 2.651845189e-21)
(1.011655325 0.02028037668 7.599642451e-21)
(1.014219376 0.02194049181 -2.232837437e-21)
(1.016243991 0.02258954804 6.664602266e-21)
(1.018622736 0.02363931258 -4.501331788e-21)
(1.020373192 0.0237252498 1.171442774e-20)
(1.02248458 0.02440905008 -1.1245833e-20)
(1.02384689 0.0240742715 -2.628230235e-20)
(1.025712424 0.02462637847 -7.535543422e-21)
(0.9997600253 0.001874041088 4.536446889e-21)
(1.000891067 0.005806106304 -5.481966142e-22)
(1.002229762 0.008720745057 -6.050928528e-22)
(1.004296133 0.01152086162 -3.769329053e-22)
(1.006130828 0.01339626342 -7.508149516e-21)
(1.008366112 0.01527113742 2.415708953e-22)
(1.010222236 0.01633993197 -4.522415208e-23)
(1.012352465 0.01752603055 5.905017694e-21)
(1.014048794 0.01799402302 3.245384586e-21)
(1.015976385 0.0187042474 5.584535076e-21)
(1.017410791 0.01874318445 5.85760171e-21)
(1.019091346 0.01917805202 -1.045175798e-20)
(1.020195271 0.0189104865 -7.028336149e-21)
(1.021658993 0.01924899676 -6.968450201e-21)
(0.9998092622 0.001505355179 -1.652077392e-21)
(1.000744232 0.004602255045 -2.555826753e-21)
(1.001941304 0.006942680797 3.988727778e-21)
(1.003680336 0.009094040455 -5.566263441e-21)
(1.005287031 0.01055465604 -1.868051907e-21)
(1.007155724 0.01192813595 8.01842091e-21)
(1.008746623 0.01272344066 -1.441635297e-21)
(1.010491236 0.01354667512 -2.182789716e-21)
(1.011907414 0.01387561341 2.218864376e-21)
(1.013448911 0.01433841534 -2.203970467e-21)
(1.014623936 0.01435039869 -4.459218074e-21)
(1.015941387 0.01461112977 9.375682615e-21)
(1.016840566 0.01440629968 4.693802387e-21)
(1.017967255 0.01459753477 -1.956424074e-21)
(0.9998523681 0.001142671024 -4.696368793e-22)
(1.0006058 0.003464959432 2.152918945e-21)
(1.001648815 0.005247871116 2.802969322e-21)
(1.00308333 0.006834193162 -3.769393386e-21)
(1.004465414 0.007923649047 5.311681925e-22)
(1.006005331 0.008896489877 4.13594732e-21)
(1.007359623 0.009467042793 1.990961032e-21)
(1.008778623 0.01001917737 -6.369398904e-21)
(1.009963589 0.01024176311 -7.329824472e-21)
(1.011190374 0.01053039667 1.697463841e-21)
(1.012159004 0.01052738524 -1.574995662e-22)
(1.013184088 0.01067328887 -1.42080303e-21)
(1.013923996 0.01052308432 -8.850899068e-22)
(1.014779551 0.01062170306 1.113443285e-22)
(0.9998864698 0.0007917997515 2.007917954e-22)
(1.000491989 0.002385780436 1.909293763e-21)
(1.001394958 0.003624280212 -1.381319627e-21)
(1.002576996 0.004697954274 -4.356180246e-21)
(1.003762472 0.0054417142 -4.093677676e-21)
(1.005031668 0.006076857786 2.916115179e-21)
(1.006186691 0.006452168049 -2.284776796e-21)
(1.007345522 0.006791940039 -2.442098814e-22)
(1.00834525 0.006927819273 1.353516649e-20)
(1.009328437 0.007089110098 3.17641976e-22)
(1.010138628 0.007076676226 -5.193094082e-21)
(1.010943945 0.007144642197 6.772391844e-21)
(1.01156785 0.007040406324 6.634718288e-21)
(1.012224213 0.007078658556 -1.091298948e-20)
(0.9999108058 0.0004800828629 -1.067267878e-22)
(1.000400898 0.001440162741 4.231687441e-22)
(1.001186078 0.002195429581 1.974850797e-21)
(1.00217961 0.00283827109 -1.56392157e-21)
(1.003211661 0.003288434825 -5.586948918e-21)
(1.004283884 0.003659464714 5.714011722e-21)
(1.005289559 0.003881469959 5.455626429e-21)
(1.006264866 0.004070267741 8.311722444e-23)
(1.007131808 0.004146435598 -3.03311394e-21)
(1.00794854 0.004227490638 1.739495001e-21)
(1.008647838 0.004216415329 4.281725642e-21)
(1.009304052 0.004242384725 -8.754303927e-21)
(1.009844424 0.004179522651 -6.984434939e-21)
(1.010364736 0.004187683346 1.112541518e-20)
(0.9999253257 0.0001144615642 4.079994885e-22)
(1.000366129 0.0003466071702 1.729390149e-21)
(1.001082068 0.000525048242 -9.926326675e-22)
(1.00195876 0.0006801318589 -2.596277846e-21)
(1.002874799 0.0007851447622 -4.084351883e-21)
(1.003803763 0.0008744924282 2.180136408e-21)
(1.004680199 0.0009241046013 4.192498099e-21)
(1.00551104 0.0009693864849 -6.819480827e-21)
(1.0062543 0.0009836420224 -2.566176033e-21)
(1.006937498 0.001003393102 1.093745589e-21)
(1.007528552 0.0009966462879 -1.9432846e-21)
(1.008067382 0.001004080062 1.365622069e-21)
(1.008519604 0.0009847106228 -2.191769292e-21)
(1.008938347 0.0009894838537 -1.446433831e-21)
(1.000409146 0.0002002030693 -3.303481737e-22)
(0.9978793949 0.0001640360657 4.667635583e-22)
(0.9924947254 -0.0007309651249 1.962995457e-23)
(0.9854713387 -0.001325136257 -4.053685727e-21)
(0.9765686438 -0.002031352023 5.463937868e-21)
(0.96580427 -0.001972477497 4.146523277e-21)
(0.9530467209 -0.002012850065 -5.115458643e-21)
(0.93820282 -0.001092251774 -7.9424906e-21)
(0.9211699112 -0.0003780912262 -1.420752966e-20)
(0.9018373497 0.001541732141 2.679340963e-21)
(0.8800178148 0.003054602111 -5.306966224e-21)
(0.8557299997 0.006248630732 5.166995133e-20)
(0.8285581242 0.008585931437 1.982349238e-20)
(0.7990726965 0.0136667012 -6.322317453e-20)
(1.000345528 0.0003322112817 -1.849148647e-21)
(0.9979952027 0.001407955067 2.420709362e-21)
(0.992417616 0.000965006248 4.069842438e-21)
(0.9855830358 0.001654096336 -4.16408238e-21)
(0.9765293133 0.001840143039 -1.625939443e-21)
(0.9659777801 0.003707993695 1.514978381e-20)
(0.9531398369 0.00518002993 -1.050532817e-20)
(0.9386511865 0.008893876983 -8.89212708e-21)
(0.921732269 0.01203497461 -6.807047787e-21)
(0.9030921576 0.01826511976 -4.120939974e-21)
(0.8817405472 0.02348194217 -3.80397454e-20)
(0.8588281113 0.03328927075 4.485635298e-20)
(0.832681346 0.04079380668 3.453456362e-20)
(0.8057268544 0.05608598866 -6.822802948e-20)
(1.000264272 0.0004573983797 -4.911608119e-21)
(0.9981558584 0.002658586091 2.931219889e-21)
(0.9923205597 0.002649257364 1.058103958e-20)
(0.9858093825 0.004613514316 -2.125243065e-21)
(0.9765444424 0.00572893521 -1.351647488e-20)
(0.9664207441 0.009344996777 7.50564912e-21)
(0.9535351538 0.01243520021 1.490522184e-20)
(0.9397756402 0.01880533643 -8.056769056e-21)
(0.9231698664 0.02452140611 -8.344461473e-21)
(0.9059379946 0.03478311944 1.499975331e-21)
(0.885604341 0.04379647302 3.324039166e-20)
(0.865432989 0.05961817099 -1.296705976e-20)
(0.8413733171 0.07213588395 -8.732312676e-20)
(0.8194253946 0.09642396684 1.134735524e-20)
(1.000234182 0.0005772895521 4.897089518e-21)
(0.9982790854 0.003922357713 -7.874145042e-21)
(0.9922707658 0.004310260266 -9.177097942e-21)
(0.9860795709 0.007566976754 1.365069382e-20)
(0.9766740881 0.009617862317 6.481765442e-22)
(0.967078353 0.0149453661 -4.211892022e-21)
(0.9542657117 0.01975030258 6.086203092e-21)
(0.941521689 0.02858923418 6.183187512e-21)
(0.9255237762 0.03703121279 -1.568536754e-21)
(0.9103146629 0.050917934 -1.568318082e-20)
(0.8916059583 0.06381725178 1.584954832e-20)
(0.8753415237 0.08474614372 6.372906817e-20)
(0.85438514 0.1020014407 -4.687184923e-20)
(0.8395759504 0.1333925505 -8.277688856e-20)
(1.000323513 0.0006975620072 1.643654743e-20)
(0.9982748186 0.005203115433 8.346692755e-22)
(0.9923506582 0.005933951975 -9.259741712e-21)
(0.9862968992 0.01054036976 1.172144051e-21)
(0.9769951498 0.01347026657 -3.409445984e-21)
(0.967852617 0.02053788764 -8.941337206e-21)
(0.9553961084 0.02704454339 3.537694816e-21)
(0.9437874079 0.03824731481 6.126007022e-21)
(0.9288359014 0.04942463696 -3.016065458e-22)
(0.9161038751 0.0664785258 -4.534873493e-21)
(0.8997395636 0.08323855787 -2.72973215e-20)
(0.8882873695 0.108152714 -4.982395715e-21)
(0.871416189 0.1301036273 1.126646745e-19)
(0.865305458 0.166107892 -9.460510917e-20)
(1.000576211 0.0008312634047 -2.065353856e-20)
(0.9980759669 0.006493061255 -1.201488021e-20)
(0.9926213855 0.007525184183 1.33302015e-20)
(0.9863543054 0.01355747637 1.622477323e-20)
(0.9775736643 0.01726114575 1.276017498e-20)
(0.9685682283 0.02621281919 -5.778898048e-21)
(0.9569754844 0.03424134992 1.146280816e-20)
(0.9463065557 0.04789669885 1.690508757e-20)
(0.9330920742 0.06144164441 2.988791281e-20)
(0.9229472986 0.08131857884 2.558498916e-20)
(0.9099335678 0.1009994912 2.915114909e-20)
(0.903968425 0.1284516062 -1.61295322e-20)
(0.8923921738 0.1531449234 2.35281585e-20)
(0.8958273856 0.1912581461 4.394372994e-20)
(1.001002579 0.0009997510838 -9.45585571e-21)
(0.9976385727 0.007764371206 -3.848140759e-22)
(0.993056067 0.009151610383 -5.419670111e-21)
(0.9861184249 0.01663464988 6.433948743e-21)
(0.9782938595 0.0211549509 2.522392849e-20)
(0.9688689418 0.03223816967 -2.520827136e-20)
(0.9586691642 0.04189833022 -2.979843475e-20)
(0.9481912245 0.05868165236 -5.365565522e-20)
(0.9374671376 0.07487168795 -6.475422066e-20)
(0.9288037473 0.09883926625 -6.19000756e-20)
(0.9203872147 0.1218759081 -4.316308259e-21)
(0.9186742308 0.1531792893 4.376670229e-20)
(0.9141567144 0.1808119588 -4.409798217e-20)
(0.9299596939 0.2187180839 1.969229301e-20)
(-0.0002342798091 -0.003671592695 -1.941453982e-19)
(-0.0008964022887 -0.01139001915 -3.401582041e-19)
(-0.001910053788 -0.02005094694 9.543091259e-19)
(-0.003384298607 -0.02972218751 -3.460973878e-19)
(-0.00540943708 -0.04045434137 4.348771488e-21)
(-0.008091756458 -0.0522665595 4.774174869e-21)
(-0.0115502676 -0.0651312375 -2.276745069e-20)
(-0.01590972425 -0.07895696849 -8.344230186e-20)
(-0.02129447495 -0.09357247452 2.719567415e-20)
(-0.02782181026 -0.1087180474 8.380338599e-20)
(-0.03559237551 -0.1240540784 -5.274275734e-20)
(-0.04467593498 -0.1391982733 -3.049680559e-20)
(-0.05509044675 -0.1538001696 6.104821916e-20)
(-0.0667726004 -0.1676486265 6.603205011e-20)
(-0.07954002662 -0.1807828722 -1.243029555e-19)
(-0.0930495772 -0.1935484173 7.153187811e-20)
(-0.1067597194 -0.2065283794 7.918361874e-23)
(-0.1199029549 -0.2203153199 -5.697770551e-20)
(-0.1314686309 -0.2351634646 1.362347443e-19)
(-0.1401821153 -0.2506222076 -5.791545375e-20)
(-0.1443626802 -0.2652052254 -1.607879442e-19)
(-0.1413897391 -0.2759553484 1.465607376e-19)
(-0.1276037053 -0.2772897811 -7.168084537e-20)
(-0.0007460270357 -0.004350973989 -3.365907737e-20)
(-0.002346227608 -0.0134317293 -1.366189302e-19)
(-0.004201369892 -0.02355225362 1.022896413e-19)
(-0.00635357059 -0.03477947478 7.713616968e-22)
(-0.008839635072 -0.04716169488 -3.15260159e-22)
(-0.01169827129 -0.06071472267 -1.463499858e-22)
(-0.01496762711 -0.07540607934 -7.743035482e-22)
(-0.01868152333 -0.0911362256 -3.951330484e-23)
(-0.02286512185 -0.1077189383 -4.121544638e-21)
(-0.02752998085 -0.124866032 1.341313254e-21)
(-0.03266741682 -0.1421849972 -5.690959549e-21)
(-0.03823875958 -0.1592012115 -1.908111134e-21)
(-0.04415950051 -0.1754163273 8.415130668e-21)
(-0.05027255516 -0.1904061382 6.308944481e-20)
(-0.05630538295 -0.2039402093 -1.103395326e-19)
(-0.06180929522 -0.2160740556 -3.101537989e-21)
(-0.06608812534 -0.2271394937 4.090177739e-20)
(-0.06813217364 -0.2375695884 5.885891336e-21)
(-0.06657145175 -0.2475581778 5.831108289e-20)
(-0.05966456272 -0.256643426 -1.373297188e-20)
(-0.04531902242 -0.2633008808 -2.824004417e-20)
(-0.02200634511 -0.2645998252 5.322461283e-20)
(0.02104230086 -0.2528540696 -7.746741e-20)
(-0.001173732574 -0.00410811958 -3.079563755e-21)
(-0.003583050537 -0.01273928137 -9.401739485e-20)
(-0.006200318502 -0.02243751278 6.980790312e-20)
(-0.00901656105 -0.03328936175 1.331568984e-19)
(-0.01202316921 -0.04536232628 -1.259529612e-19)
(-0.01519692872 -0.0586957572 -1.186604718e-21)
(-0.01849553769 -0.07328459335 1.076793639e-20)
(-0.02185298915 -0.08905895409 6.677180099e-21)
(-0.02517300488 -0.1058616205 -1.478656555e-20)
(-0.02832170736 -0.1234267533 -5.296258465e-20)
(-0.03112020673 -0.1413663015 3.352311256e-20)
(-0.03333720365 -0.1591740005 4.107830003e-20)
(-0.03467993834 -0.1762589819 -3.422964255e-20)
(-0.03477903986 -0.1920178287 3.098504142e-20)
(-0.03315965219 -0.205940731 -1.010755372e-21)
(-0.02919083544 -0.2177220319 -3.718608388e-20)
(-0.02201218529 -0.2273155218 2.346169301e-20)
(-0.01045141565 -0.2348624783 1.533715998e-20)
(0.007053707359 -0.240449748 -1.670850682e-20)
(0.03246281505 -0.2437448613 1.824737995e-20)
(0.06891060886 -0.2434132392 -8.224647371e-20)
(0.1122306807 -0.2383897685 6.140652856e-20)
(0.1926190004 -0.2127141506 7.691102782e-20)
(-0.001383728322 -0.003377275409 -6.866359673e-21)
(-0.004230584521 -0.01054884289 -1.592741603e-19)
(-0.007315679275 -0.01870420243 1.277175174e-19)
(-0.01061151243 -0.02793831743 2.284692638e-19)
(-0.01408463598 -0.03832798366 -1.998960538e-19)
(-0.0176717428 -0.04992741787 4.956185094e-20)
(-0.02127061877 -0.06275324199 1.469343586e-20)
(-0.02473060893 -0.0767653714 3.989288459e-22)
(-0.02784042932 -0.09184568633 2.749609164e-21)
(-0.03031523466 -0.1077761556 -1.362117271e-20)
(-0.03178489932 -0.1242204408 -2.399740716e-20)
(-0.03178529703 -0.1407159317 -7.974158499e-20)
(-0.0297531787 -0.156685896 9.741589106e-20)
(-0.02502262378 -0.1714814347 1.719181043e-20)
(-0.01681653659 -0.1844566636 -2.720142197e-20)
(-0.00422222971 -0.195064343 -1.455661951e-20)
(0.01385978875 -0.202934219 5.074346132e-22)
(0.03878898974 -0.2078728303 2.610315423e-20)
(0.07232415623 -0.2097327986 3.521228957e-21)
(0.1161306285 -0.2080120347 -2.440445625e-21)
(0.1784670135 -0.2015811669 -3.298831685e-20)
(0.2361414256 -0.1943323924 -4.524541918e-21)
(0.3696591811 -0.1543729692 2.663706845e-19)
(-0.001490371871 -0.002711108376 -1.806104078e-23)
(-0.004600039589 -0.008463152544 2.217421397e-21)
(-0.008027405032 -0.01499765012 9.605888828e-21)
(-0.01174777294 -0.02238199364 -4.686715629e-21)
(-0.01571270928 -0.03066871843 -1.517195177e-20)
(-0.0198306595 -0.03989122277 1.519145772e-20)
(-0.02395248504 -0.05005262187 -1.580497951e-20)
(-0.02785509848 -0.06111205297 3.739473113e-20)
(-0.03122254103 -0.07296943831 8.329441296e-22)
(-0.03362630644 -0.08544924284 -1.125376513e-19)
(-0.03450689033 -0.09828525369 -1.073331506e-19)
(-0.03315875727 -0.1111103208 -1.37832516e-19)
(-0.0287201044 -0.1234572719 2.818051721e-19)
(-0.02016635208 -0.1347783818 5.838688881e-20)
(-0.006301244115 -0.1444884321 -6.022819055e-20)
(0.01426731731 -0.1520273284 2.289148722e-20)
(0.04318554948 -0.1569221205 1.571011366e-20)
(0.08243490552 -0.1588014661 -1.060471997e-20)
(0.1346411921 -0.1574221123 3.600532167e-20)
(0.2008396127 -0.1515745495 2.133029019e-21)
(0.2997536142 -0.1416131582 1.496376847e-20)
(0.3751055522 -0.1330059588 -1.12419318e-20)
(0.5890042131 -0.08974244481 5.78875668e-20)
(-0.0017615876 -0.002473771692 2.611081275e-22)
(-0.005409387926 -0.007562055747 -1.961933156e-21)
(-0.009411836052 -0.01314796223 2.006786117e-20)
(-0.01373103508 -0.0192351633 -8.43070963e-21)
(-0.01828182244 -0.02581738917 -8.255502628e-20)
(-0.02292102294 -0.03287069399 7.630168017e-20)
(-0.02742772207 -0.04034860251 7.909319669e-20)
(-0.03147993541 -0.04817701483 -5.591135485e-20)
(-0.03462803735 -0.05624860179 -5.483343781e-20)
(-0.03626587195 -0.06441644231 -4.179916582e-20)
(-0.03559983324 -0.07248758189 8.946883168e-20)
(-0.03161639719 -0.08021795595 -6.262129623e-20)
(-0.0230479161 -0.08731159869 1.229321959e-20)
(-0.008335160417 -0.09342835958 9.460212408e-20)
(0.01441697187 -0.09820375743 -4.762738467e-20)
(0.04749249461 -0.1012818947 1.786392456e-21)
(0.09362185337 -0.1023570635 -2.703701589e-20)
(0.1559706658 -0.1011885936 3.11809773e-22)
(0.2383660668 -0.09789753603 -1.522550367e-20)
(0.3410531347 -0.09072633061 4.966433818e-20)
(0.4855935808 -0.08246360097 2.551447415e-20)
(0.5977158391 -0.07182977747 -2.027197055e-20)
(0.8712748101 -0.04741773523 -1.035790626e-19)
(-0.002289534006 -0.002546958751 8.404310602e-21)
(-0.006852884977 -0.007552719136 7.676519634e-21)
(-0.01164857747 -0.01276699764 1.573136207e-20)
(-0.01656898009 -0.0181213187 7.953642176e-20)
(-0.02143443185 -0.02353924951 -2.199915174e-19)
(-0.02598273519 -0.02892863074 -2.44378118e-19)
(-0.02984411028 -0.03418372976 4.858012925e-19)
(-0.03251010772 -0.03918968554 -1.275737004e-19)
(-0.03329692299 -0.04382761988 -6.714040281e-22)
(-0.03130223566 -0.04797998711 9.677627806e-20)
(-0.02535426757 -0.05153578101 -8.76983157e-20)
(-0.01395261328 -0.05439540628 -1.950207769e-19)
(0.004797179109 -0.05647626848 2.085763017e-19)
(0.03324638509 -0.05772088573 6.411341059e-20)
(0.07424229456 -0.05811233909 -5.19558979e-20)
(0.1310965285 -0.05770061921 3.176573913e-20)
(0.2073908731 -0.05663631126 -1.057280027e-19)
(0.3064717139 -0.05517448897 8.870497794e-21)
(0.4306275498 -0.05378728231 8.509730992e-21)
(0.5783106088 -0.05215819384 3.317175519e-20)
(0.7523048601 -0.05087892671 -9.735926066e-22)
(0.9109007851 -0.0477944713 -7.771217467e-21)
(1.142390052 -0.04561698761 -2.134790608e-20)
(-0.002813314088 -0.00250357614 1.100420207e-20)
(-0.008124752411 -0.00723974668 4.274996078e-20)
(-0.01331008594 -0.01196101365 -1.24204907e-19)
(-0.01811480132 -0.01655482402 2.770511532e-19)
(-0.02218492297 -0.02089506583 -1.602868665e-19)
(-0.02504285664 -0.02484534466 -7.620170586e-19)
(-0.02605585458 -0.02826716957 9.34147551e-19)
(-0.02439708808 -0.03103195635 -2.550960304e-19)
(-0.01899817611 -0.03303632111 3.407151014e-20)
(-0.008492748068 -0.03422003459 2.955598728e-20)
(0.008847703011 -0.03458557957 1.823091809e-19)
(0.03517925041 -0.03421862158 -2.088294906e-19)
(0.07313385439 -0.033308876 -1.496507927e-19)
(0.1258097401 -0.0321717978 4.421325931e-19)
(0.1966259988 -0.03126938726 -2.925133242e-19)
(0.2889158414 -0.03121979807 -1.725268705e-19)
(0.4050998251 -0.0327641264 2.439930839e-19)
(0.5453615214 -0.0366592948 -1.251826473e-19)
(0.7058157642 -0.04304247693 8.30413368e-22)
(0.8778715849 -0.05261695298 4.893481655e-20)
(1.044397046 -0.05935801855 -6.110120771e-21)
(1.195894084 -0.07109239994 1.334803427e-20)
(1.299202223 -0.05803983188 1.146295813e-21)
(-0.00278374668 -0.002008182186 -2.492356065e-20)
(-0.007616487743 -0.005658460612 -8.62132048e-20)
(-0.01172085692 -0.009154439108 5.022636537e-20)
(-0.01464247117 -0.01239013968 -8.9298062e-20)
(-0.01579680619 -0.01523702384 4.24955089e-20)
(-0.01442438748 -0.01757085618 5.083845158e-19)
(-0.009553549097 -0.01928465702 2.331882029e-19)
(4.262792214e-05 -0.02030577895 -5.677485267e-19)
(0.0158964352 -0.02061965226 -2.37896905e-19)
(0.03989792406 -0.02029895542 -8.881827382e-20)
(0.07433838755 -0.01953628446 2.453441379e-19)
(0.1219195335 -0.01867734932 3.006169181e-19)
(0.1856774581 -0.01824993761 -3.425832265e-19)
(0.2687311694 -0.01897950944 2.782553823e-19)
(0.3737180215 -0.02176897484 -2.177006362e-19)
(0.5017576068 -0.02759746747 -3.563357327e-19)
(0.6508869651 -0.03726408058 4.078028762e-19)
(0.8142551056 -0.05088021874 -8.166577733e-20)
(0.9793444488 -0.06730132372 -9.522706809e-21)
(1.128029173 -0.08348810095 3.212006083e-20)
(1.246086357 -0.09514817853 -2.447413647e-20)
(1.313766786 -0.09960422788 1.008407435e-20)
(1.346026788 -0.08714594573 -5.133910518e-20)
(-0.001993620083 -0.001202029377 -8.707223453e-20)
(-0.00479767045 -0.003231171133 -4.3077936e-19)
(-0.0061376736 -0.005051348618 2.766384608e-19)
(-0.005353722776 -0.006606039564 -8.594546378e-20)
(-0.001625259045 -0.007809049456 -9.195534705e-20)
(0.006090586576 -0.008601123897 7.333577106e-19)
(0.01909778452 -0.008966951055 -8.0840324e-20)
(0.03900024788 -0.008955391003 -3.273574087e-19)
(0.06773853622 -0.00870908316 -2.58121009e-19)
(0.1076092797 -0.00850035233 1.835583142e-19)
(0.1612380605 -0.008767652414 4.831720212e-20)
(0.231452374 -0.01014400957 6.940472352e-20)
(0.3209639011 -0.01346136906 4.754403585e-20)
(0.4317278885 -0.01970017989 1.116204757e-19)
(0.563838123 -0.02983071838 2.615948535e-20)
(0.7139372522 -0.0444712931 -1.546274274e-19)
(0.8735422485 -0.06331063641 1.285903792e-20)
(1.028513672 -0.08447170938 -4.985437679e-20)
(1.161265896 -0.1041771479 1.347937292e-20)
(1.25725228 -0.1180766524 -4.058858315e-20)
(1.310130614 -0.1219938997 -3.023071227e-20)
(1.327582191 -0.1171304613 -3.216901933e-20)
(1.330971043 -0.1008771977 -6.01489242e-20)
(-0.0005850998008 -0.0003461854952 -2.086764593e-19)
(-0.0001111669966 -0.0007102242256 -2.471365393e-19)
(0.002647534248 -0.000883719954 1.200722127e-18)
(0.008542300397 -0.0008871599533 -5.55270195e-19)
(0.01861083459 -0.0007082819441 -2.492050211e-19)
(0.03414723716 -0.0003899707696 1.849146158e-19)
(0.05673484829 -4.986645415e-05 8.00724846e-19)
(0.08826840396 9.90933125e-05 -3.181699178e-19)
(0.1309557917 -0.0002813790998 -5.988739779e-19)
(0.1872694824 -0.001687295122 6.541194321e-20)
(0.2597961432 -0.004794428673 1.202736651e-19)
(0.3509022115 -0.0104506076 -6.972776785e-20)
(0.4620997487 -0.01960492938 7.580926962e-20)
(0.592994673 -0.03312096647 2.058213405e-19)
(0.739817855 -0.0514083378 -1.191387823e-19)
(0.8939399704 -0.07384780898 1.762695892e-20)
(1.041550773 -0.09818789554 -2.690815313e-20)
(1.16626871 -0.1204759546 -6.835415151e-20)
(1.255296815 -0.1362624029 -6.80888393e-20)
(1.305470718 -0.1427273426 2.291127975e-20)
(1.325218978 -0.1399674168 6.187844549e-20)
(1.32653299 -0.1315613749 6.595766502e-20)
(1.320557608 -0.1162853356 6.031064149e-21)
(0.001302255639 0.0004200132838 -1.994344008e-19)
(0.005990305782 0.001488155084 -1.726287469e-19)
(0.01380459998 0.002648236572 1.433283234e-18)
(0.0257603846 0.003785575906 -9.910557684e-19)
(0.0430755973 0.004820923634 3.238219717e-20)
(0.06723987072 0.005591443423 -1.859781238e-20)
(0.1000323057 0.005830936134 2.547308329e-19)
(0.1435128926 0.005153487499 -1.45281451e-19)
(0.1999678469 0.003030921016 -2.697392839e-19)
(0.2717629738 -0.001222338403 4.02999493e-19)
(0.3610342191 -0.008434520069 -1.00934541e-19)
(0.4691192286 -0.01949966604 -1.092624336e-19)
(0.5956329172 -0.03519161452 -4.325115529e-20)
(0.7371845057 -0.0558145345 3.076209229e-19)
(0.8860559095 -0.08067596503 -5.113029651e-21)
(1.029815038 -0.1075413391 -1.650524652e-19)
(1.153438112 -0.1325802917 2.84027176e-19)
(1.244598441 -0.1514698453 6.791094461e-20)
(1.299333154 -0.1613929856 2.186161861e-21)
(1.32328411 -0.1623630842 2.612451558e-21)
(1.326677493 -0.1562954131 -2.123954335e-19)
(1.318447586 -0.1458243854 -4.26047306e-20)
(1.306878329 -0.130283295 -3.268631121e-21)
(0.00350084595 0.001015200075 1.196463999e-20)
(0.01297854893 0.003133380534 1.009239616e-20)
(0.0263904576 0.00517616229 7.56871781e-19)
(0.04488027653 0.006927914281 -5.398725833e-19)
(0.06979979649 0.00821209559 -9.460108352e-19)
(0.1027677688 0.008743874816 6.363658163e-19)
(0.1456640558 0.00811383806 1.582421368e-20)
(0.2005785648 0.005781488151 7.318882439e-20)
(0.2696849203 0.001069280438 -8.936094866e-20)
(0.3549803745 -0.00682147913 -9.723406739e-20)
(0.4578128795 -0.01874050015 -2.46914896e-20)
(0.5781132019 -0.03542326381 7.513308392e-20)
(0.7133123571 -0.05718548232 -3.042056524e-22)
(0.8571503519 -0.08346210067 -5.10705332e-20)
(0.9990726185 -0.1123030759 -1.252690958e-19)
(1.12548466 -0.1402155846 -1.287547794e-19)
(1.223779343 -0.1629471662 2.055076894e-19)
(1.287588733 -0.1772225886 -1.190484681e-19)
(1.319226551 -0.182179178 -5.634098494e-20)
(1.327142102 -0.1791824403 -1.908069403e-19)
(1.321203545 -0.1704214502 -4.914286492e-20)
(1.308961287 -0.1582796694 6.609960218e-20)
(1.294943688 -0.1425269038 1.810490925e-19)
(0.005859743528 0.001411640656 -9.883310822e-21)
(0.0203842098 0.004157244158 1.35126e-20)
(0.03957834311 0.006610440193 7.405436049e-19)
(0.06467673088 0.008456478175 -2.94259417e-19)
(0.09711704169 0.009425377841 -1.144738922e-18)
(0.1385813573 0.00912041461 8.495688362e-19)
(0.1909605899 0.007009250473 -1.920445983e-20)
(0.25625411 0.002432690948 -9.728471479e-20)
(0.3363662069 -0.005376992324 8.591985191e-20)
(0.4327351218 -0.01723942981 8.189136407e-20)
(0.5457230652 -0.03389206577 -7.115192167e-20)
(0.673729529 -0.05573870013 4.49135076e-21)
(0.8121302638 -0.082459625 4.261036541e-19)
(0.9524790117 -0.1125450105 -7.911491897e-20)
(1.082904227 -0.1430112235 -2.961365945e-19)
(1.190741615 -0.1697903394 -1.556687688e-20)
(1.267077317 -0.1890734568 9.592718593e-20)
(1.310429004 -0.1989084287 -1.030842289e-19)
(1.326589847 -0.1997625915 3.135533259e-20)
(1.324955397 -0.1937060176 -6.359844772e-20)
(1.314188317 -0.1830931826 1.926304967e-19)
(1.299625015 -0.1698001317 -4.293225659e-20)
(1.284077431 -0.153729179 2.232032826e-19)
(0.008250301008 0.001614233689 -1.795312434e-21)
(0.02781789321 0.004589717048 -1.768922162e-19)
(0.05269910271 0.007027594642 5.778641084e-20)
(0.08418433338 0.008522002579 2.148573663e-19)
(0.1237534739 0.008719658861 -4.493133674e-20)
(0.1730946437 0.007129028173 -2.346374298e-20)
(0.2340359255 0.003122457032 1.998552459e-20)
(0.3083943734 -0.00403570236 -2.055966162e-19)
(0.3976989164 -0.01514169121 1.674065961e-19)
(0.5027252237 -0.03095120881 3.45203148e-20)
(0.6227933392 -0.05198390475 -1.398108201e-20)
(0.7548560485 -0.07820592703 -3.232818739e-19)
(0.8926143903 -0.1086120826 1.473784936e-19)
(1.026272539 -0.1408582148 2.82315302e-19)
(1.143870953 -0.1713000018 -3.721374099e-19)
(1.23467782 -0.1958423104 2.205830668e-19)
(1.29332073 -0.2114528035 5.937737584e-20)
(1.321790862 -0.2173409696 4.885548539e-20)
(1.327688775 -0.2148911996 -1.09016576e-19)
(1.32016819 -0.2065037991 1.346527759e-19)
(1.306486295 -0.1943657852 1.141491296e-19)
(1.290684876 -0.1799824959 8.763562662e-20)
(1.274240207 -0.1634117006 -9.033625509e-21)
(0.01057888382 0.001648010859 1.192671259e-19)
(0.03500079852 0.0045185218 -2.053280587e-19)
(0.065282749 0.006595828519 -1.033297104e-18)
(0.1027412614 0.007394571029 4.965392339e-19)
(0.1488626807 0.006491320145 -3.869292731e-20)
(0.2052966939 0.003319571351 1.111509104e-19)
(0.2737553008 -0.002814339771 3.012505297e-19)
(0.3558142494 -0.01268156652 -2.406722917e-19)
(0.4525721455 -0.02705289642 -2.823243431e-19)
(0.5641148028 -0.04655489707 3.391601796e-19)
(0.6887682897 -0.07142359652 -1.31025516e-19)
(0.8222417386 -0.1011496347 1.812340844e-19)
(0.9570125025 -0.1340868236 -1.19036349e-19)
(1.082650736 -0.1672485008 1.352263872e-19)
(1.18785374 -0.1966670032 -1.602206031e-19)
(1.264074165 -0.218533682 3.27557793e-20)
(1.308882024 -0.2306488538 -1.605553784e-20)
(1.326584156 -0.2331581177 -3.820602202e-20)
(1.325547892 -0.2280275305 2.868172615e-20)
(1.314313158 -0.2177503535 2.421268055e-19)
(1.298954978 -0.204347698 -3.472656203e-19)
(1.282429207 -0.1890366546 4.925920447e-21)
(1.265441261 -0.1719727616 -7.30308979e-20)
(0.01277189821 0.001546454927 -7.57762149e-21)
(0.04173002657 0.004048611753 1.248745217e-19)
(0.07700700118 0.005505399498 -2.12999418e-19)
(0.1199204601 0.005364653902 1.101459445e-19)
(0.1719348205 0.003148043196 -3.564073108e-20)
(0.2346292067 -0.001765785294 1.692851188e-20)
(0.3095655599 -0.01010966106 2.602978992e-19)
(0.3980479271 -0.02265601783 -2.870649767e-19)
(0.5007300349 -0.0401097155 -7.017993184e-19)
(0.6170333653 -0.06292677683 8.158135989e-19)
(0.7443964127 -0.09103139739 -2.169670347e-19)
(0.8775252139 -0.1234515417 -7.392607071e-20)
(1.008081482 -0.1579927221 6.911444819e-20)
(1.125508985 -0.1912200644 -2.294337447e-19)
(1.219519681 -0.2190837361 2.565738122e-19)
(1.283636997 -0.2382052582 -1.762939132e-20)
(1.317730497 -0.2471566453 -1.897020378e-20)
(1.32759512 -0.2468023551 7.244210436e-21)
(1.321807665 -0.2394700013 5.322491955e-20)
(1.308174196 -0.2276410764 -1.000297932e-20)
(1.29177542 -0.2131471407 -2.412483725e-19)
(1.274835786 -0.1969784849 1.031012459e-19)
(1.257515126 -0.1793811778 -1.197313367e-20)
(0.01482302984 0.001345057606 -8.597434429e-20)
(0.04796693789 0.003293852643 3.159355672e-19)
(0.08779359758 0.003956158481 8.860506236e-19)
(0.1356096248 0.002727697062 -7.57026102e-19)
(0.1928418621 -0.0009114609877 4.098728223e-20)
(0.2609811652 -0.007620068678 -1.47494678e-20)
(0.3414232039 -0.01814778881 2.572023947e-19)
(0.4351924166 -0.03324226788 -1.116649977e-19)
(0.5425108785 -0.05351553891 -6.768061031e-19)
(0.6621916849 -0.07923233026 3.724215537e-19)
(0.7909145792 -0.1100044872 2.620555467e-19)
(0.9226124088 -0.144438831 -3.541730556e-19)
(1.048454965 -0.1798970054 3.805216751e-19)
(1.158079411 -0.2126563133 -1.028513496e-19)
(1.242328525 -0.238735682 -6.072722897e-20)
(1.296543748 -0.2552307836 -3.28041015e-20)
(1.322341956 -0.2613862999 3.32232215e-20)
(1.326445953 -0.2586110297 3.32790354e-20)
(1.317342304 -0.2494487852 2.800023955e-20)
(1.302126268 -0.2363115786 4.113848842e-20)
(1.285095003 -0.2208631075 -4.580759367e-21)
(1.267930513 -0.2039257085 1.479210207e-19)
(1.250418488 -0.1858234096 -1.625120834e-20)
(0.01680363091 0.001050328501 -1.663376837e-21)
(0.05397786831 0.002272071637 -5.90671147e-19)
(0.09815885758 0.001975791353 5.846001628e-19)
(0.1506254173 -0.0004908144455 4.381728523e-19)
(0.2127491618 -0.005682893041 -5.01644165e-19)
(0.2859140478 -0.01428420198 -2.822705019e-20)
(0.3713317478 -0.02704469243 5.241899072e-19)
(0.4697343624 -0.04466701066 1.207258715e-19)
(0.5809135136 -0.06764796581 -1.066866901e-18)
(0.7031048692 -0.09604177595 -1.117212246e-19)
(0.8323123952 -0.1291430143 7.15244632e-19)
(0.9618501105 -0.1651631403 -9.960852405e-20)
(1.082612083 -0.2010902146 7.594001938e-20)
(1.184633033 -0.2330201169 2.737698546e-21)
(1.259946862 -0.2571366053 -4.609412759e-20)
(1.3055399 -0.2710355392 -1.130876607e-20)
(1.324433336 -0.2745732651 6.072418479e-20)
(1.323949319 -0.2695982444 -5.695412556e-20)
(1.312324875 -0.2587863312 8.4758552e-20)
(1.295971297 -0.2444523905 -1.977375819e-19)
(1.278522423 -0.2281020431 9.806339854e-20)
(1.261243175 -0.2104213851 2.362860161e-19)
(1.243615621 -0.1918002082 -1.342901769e-19)
(0.01887491417 0.0006448124446 6.994664089e-21)
(0.0602261645 0.000914318833 -8.13194097e-19)
(0.1088773266 -0.0005778213165 7.124896636e-19)
(0.166066911 -0.004526676677 1.296139347e-18)
(0.2330943014 -0.01151482794 -1.12229248e-18)
(0.3112137602 -0.02223879881 -2.310103221e-20)
(0.4014253115 -0.03743125193 2.732444378e-19)
(0.504139777 -0.05772610238 3.489075673e-20)
(0.6186961315 -0.08347571783 -5.306090707e-19)
(0.7427524753 -0.1144936065 -1.25483527e-19)
(0.8716820331 -0.1497365925 3.112424001e-19)
(0.9982931028 -0.1870270517 -1.888671191e-19)
(1.113384031 -0.2230286 1.83831065e-19)
(1.207577331 -0.2537448688 2.091973115e-19)
(1.274191614 -0.2756174089 -1.386540515e-19)
(1.311776682 -0.2867878968 4.214280613e-20)
(1.324536304 -0.2877003451 -7.988109747e-21)
(1.320158778 -0.2805751117 1.449482655e-20)
(1.306502956 -0.2681572859 1.026417011e-19)
(1.289296473 -0.2526379351 -9.978154518e-20)
(1.271582162 -0.2353676027 2.010928412e-19)
(1.254275686 -0.2169207226 1.45176979e-19)
(1.236601242 -0.1977388876 -2.767208484e-19)
(0.02099672984 0.0001204406984 -1.879235302e-21)
(0.06660430772 -0.0007953723263 -8.883929859e-19)
(0.1197764459 -0.00372393612 4.790542204e-19)
(0.181695214 -0.009395970492 1.631824198e-18)
(0.2535688784 -0.01841290818 -1.117016392e-18)
(0.3364995135 -0.03147063754 -9.728896079e-21)
(0.4312507576 -0.04926550284 5.680642302e-19)
(0.5378895795 -0.07233818893 -2.134655509e-19)
(0.6552911868 -0.1008687417 -1.012534377e-18)
(0.7805523194 -0.13440477 2.659408394e-19)
(0.9084797533 -0.1715546802 2.933378577e-19)
(1.031503094 -0.209771711 -1.883470202e-19)
(1.140499348 -0.2454564917 1.854925283e-19)
(1.226833332 -0.2746118232 3.163232869e-19)
(1.285146145 -0.2940172656 -2.26096984e-19)
(1.315425323 -0.3023844334 -9.822469074e-20)
(1.322829176 -0.3007037886 -4.564263606e-21)
(1.315208671 -0.2914958157 1.568778925e-20)
(1.299956329 -0.2775196877 2.871775647e-21)
(1.282142598 -0.2608263081 3.361928206e-19)
(1.264295284 -0.2426200427 -2.386588739e-19)
(1.247042667 -0.2233876926 -2.215129959e-19)
(1.229394579 -0.2036034374 1.182078121e-19)
(0.02316076023 -0.0005262795686 3.002377505e-21)
(0.07307882213 -0.002868165219 -4.630703162e-19)
(0.130790447 -0.007478229303 1.73888879e-19)
(0.1974069888 -0.01511489957 8.792038984e-19)
(0.274028114 -0.02638806432 -5.492938627e-19)
(0.3615832763 -0.04197810667 -3.700711291e-20)
(0.4605787087 -0.0625251903 6.288739484e-19)
(0.5707213249 -0.08845256399 2.138619926e-19)
(0.6904212273 -0.1197424119 -1.368711717e-18)
(0.8162427052 -0.155656717 2.38615812e-19)
(0.9425024143 -0.1944537047 3.227051621e-19)
(1.061381394 -0.2332476933 -5.871340161e-20)
(1.163993349 -0.2682437455 5.196293774e-20)
(1.242561853 -0.2955303413 2.347623635e-20)
(1.293045415 -0.3122895267 -5.792348934e-20)
(1.316723261 -0.3178099777 -6.336630757e-21)
(1.319494902 -0.313579738 1.581269947e-20)
(1.309206931 -0.3023521231 6.611518541e-21)
(1.292730165 -0.2868557534 6.919083006e-20)
(1.274518085 -0.2689926725 1.653834451e-19)
(1.256655962 -0.249832948 -2.583775924e-19)
(1.239535025 -0.2297978116 -2.327668047e-19)
(1.221988402 -0.2093725839 1.717610117e-19)
(0.02535002181 -0.001300365084 7.492244638e-21)
(0.07959758153 -0.00531300792 -4.083939066e-19)
(0.141828861 -0.01185076672 3.172064266e-19)
(0.2130705571 -0.02169041259 8.048151191e-19)
(0.2942972693 -0.0354390478 -5.790244869e-19)
(0.3862477781 -0.05374545328 -2.365643351e-20)
(0.4891542084 -0.07717288741 -4.363907463e-20)
(0.6023540555 -0.1060034299 5.271016863e-20)
(0.7238005316 -0.1399986721 -1.016333971e-20)
(0.8495654165 -0.1781211449 3.794193549e-20)
(0.9735598927 -0.2182857879 1.454794784e-20)
(1.087844444 -0.2573068648 -2.570892756e-20)
(1.183907449 -0.2912644783 2.955029236e-20)
(1.254911881 -0.3164124581 -3.452646767e-20)
(1.298094472 -0.3303851858 3.019142844e-20)
(1.315868986 -0.3330420465 1.964027557e-20)
(1.314680437 -0.3263151085 -3.701348937e-22)
(1.302236405 -0.3131282094 -8.989617923e-21)
(1.284856787 -0.2961436373 1.501961022e-19)
(1.266427345 -0.2771116585 -2.093244286e-19)
(1.248658067 -0.2569819182 -8.094016445e-20)
(1.231744863 -0.2361293252 5.452371645e-21)
(1.214376707 -0.2150270287 4.107682915e-20)
(0.02753433411 -0.002200938679 4.502951332e-21)
(0.08608377561 -0.008133267171 -4.71723647e-19)
(0.1527733876 -0.0168457265 1.864603853e-19)
(0.2285285773 -0.0291231827 8.982180486e-19)
(0.3141820003 -0.04555614279 -6.045112664e-19)
(0.4102653855 -0.066744612 -5.163992221e-20)
(0.5167239476 -0.09315466428 3.21674767e-19)
(0.6325226665 -0.1249055514 -2.46390989e-20)
(0.7551743907 -0.1615197435 -8.270150433e-19)
(0.8803068873 -0.2016532118 -6.101868891e-20)
(1.001514854 -0.2428928799 5.827046238e-19)
(1.11085961 -0.2817985943 1.134728402e-20)
(1.200320029 -0.314396241 5.876666129e-20)
(1.264046715 -0.3371754592 -3.735183053e-21)
(1.300489686 -0.3482582674 -9.316332618e-20)
(1.31303718 -0.3480571857 -6.468634514e-20)
(1.308504875 -0.3388926406 3.931626338e-20)
(1.2943566 -0.3238029998 -3.283496932e-20)
(1.276352797 -0.30535687 1.201073375e-19)
(1.25786533 -0.2851543515 -2.127736966e-19)
(1.240289292 -0.2640397334 -1.644451359e-19)
(1.223659031 -0.2423579885 1.182335158e-19)
(1.206550059 -0.2205457217 7.592448933e-20)
(0.0297329333 -0.003233753742 3.37534211e-22)
(0.0925481309 -0.01132731479 1.158219049e-20)
(0.1635978963 -0.02244735849 -7.52646774e-20)
(0.2437032064 -0.03737486685 3.807027035e-20)
(0.3335468784 -0.05667220874 -1.379307138e-21)
(0.4334444793 -0.08087438682 9.515407023e-20)
(0.5430488785 -0.1103309158 2.966643224e-19)
(0.6609580044 -0.144979061 1.404001665e-19)
(0.7842706416 -0.1840886718 -7.963778349e-19)
(0.9082279891 -0.2260095609 4.038333295e-20)
(1.026200599 -0.2680241177 3.239283144e-19)
(1.130363448 -0.3064883703 -5.164538743e-19)
(1.213278174 -0.3374419679 3.750989932e-19)
(1.270099495 -0.3576694325 -5.56309238e-20)
(1.300402026 -0.3658010342 3.990229834e-20)
(1.308386561 -0.3627749918 1.826365632e-19)
(1.301084195 -0.3512436198 2.044262296e-20)
(1.285637074 -0.3343104387 1.138194604e-19)
(1.26725511 -0.3144307176 -7.997157507e-20)
(1.248853189 -0.2930597346 -5.774792282e-20)
(1.231564547 -0.2709521024 -9.979669899e-20)
(1.215289921 -0.2484353775 1.13738238e-19)
(1.198528723 -0.2258871385 5.479829189e-20)
(0.03200727851 -0.004473826072 4.730378438e-22)
(0.09924065301 -0.01513158489 5.525661038e-19)
(0.1747866555 -0.02906520427 1.506900958e-19)
(0.2593329935 -0.04704167757 -4.011123908e-19)
(0.3533843047 -0.06958125087 -7.22429734e-19)
(0.4570124866 -0.09713158725 -8.908336699e-19)
(0.569553713 -0.1298981502 1.835466826e-18)
(0.6892238585 -0.1676061115 -3.648646082e-19)
(0.8127125255 -0.2092448704 -8.439240753e-19)
(0.9349120513 -0.2528418055 1.25482456e-18)
(1.049048226 -0.2953820198 -2.398758632e-19)
(1.147523341 -0.3330570512 -4.859971965e-19)
(1.223595519 -0.3619875178 6.646198478e-19)
(1.273484461 -0.3793256167 2.034151292e-20)
(1.297860061 -0.3842571664 1.602505666e-19)
(1.301628898 -0.3782496402 1.466735423e-19)
(1.291912791 -0.364253985 4.064128762e-20)
(1.275452998 -0.3453993147 2.176172017e-20)
(1.256892563 -0.324005741 -6.27588813e-20)
(1.238717617 -0.3013818882 -4.414147562e-20)
(1.221828254 -0.2782025319 1.079589959e-19)
(1.206008408 -0.2547831152 6.307656959e-20)
(1.189721439 -0.2314214573 -6.669409124e-20)
(0.03457329878 -0.006076074754 1.439567041e-19)
(0.106726844 -0.02001182677 2.859710384e-19)
(0.1872112062 -0.03749117739 -8.780560808e-19)
(0.2765533593 -0.05924781633 6.229688838e-19)
(0.3750449048 -0.08573356976 -1.052204659e-18)
(0.4824718987 -0.117273102 -1.355588047e-18)
(0.5978093536 -0.1538826345 2.411987009e-18)
(0.7188550745 -0.1950235728 -3.375788986e-19)
(0.8418785354 -0.2393544773 -1.174266125e-18)
(0.9614580147 -0.2845452413 9.166861994e-19)
(1.070771523 -0.3272826817 -1.538214957e-19)
(1.162603748 -0.3636422274 8.916014429e-20)
(1.231082709 -0.3899213379 -2.087546904e-19)
(1.273616535 -0.4037545965 2.077591986e-19)
(1.291986497 -0.4049718149 7.255138124e-20)
(1.29171206 -0.3955998004 -3.365745906e-19)
(1.279864568 -0.378860286 -6.974388177e-21)
(1.262674477 -0.3578609762 -4.577983085e-19)
(1.244169438 -0.3347536242 5.511156712e-19)
(1.226417832 -0.3106912156 -3.370148932e-19)
(1.210104494 -0.2862769537 2.15189432e-19)
(1.194909976 -0.2618109874 7.480190226e-20)
(1.179299889 -0.2374878016 -1.187452035e-19)
(0.03736094981 -0.008133482235 1.676629729e-19)
(0.1148158363 -0.02622709411 -4.149153016e-19)
(0.2005549196 -0.04814297681 -1.493455134e-18)
(0.2949057384 -0.07455080766 9.925993619e-19)
(0.3979025238 -0.1057990151 -6.371315974e-20)
(0.508998794 -0.1420434311 1.315146995e-20)
(0.626766698 -0.1830551325 9.108340914e-20)
(0.7485624944 -0.2279720614 -1.062005479e-20)
(0.870249233 -0.2750706797 1.212871747e-19)
(0.9861621988 -0.3216388324 4.657837853e-21)
(1.089569411 -0.3640875102 1.929049836e-21)
(1.173823201 -0.3984567568 1.53300791e-19)
(1.234096574 -0.4213467351 4.704360947e-19)
(1.269075267 -0.4310029762 -1.97392631e-19)
(1.2816098 -0.4279793867 -1.079010032e-18)
(1.2776834 -0.4148690551 1.990206943e-19)
(1.26414638 -0.3951118624 -2.127242317e-19)
(1.246616325 -0.3717382582 -1.831409e-19)
(1.228476514 -0.3467001311 4.045835086e-19)
(1.211408165 -0.3209920678 -4.652850462e-19)
(1.19591984 -0.2951653527 2.015237492e-19)
(1.181597897 -0.2694921073 1.412210479e-19)
(1.166943216 -0.2440321319 -1.704614952e-19)
(0.0403110928 -0.01075658296 -2.483304438e-20)
(0.123301549 -0.03409078086 -9.122610886e-20)
(0.2144291543 -0.06151821332 1.004258277e-18)
(0.3137828183 -0.0936035196 -5.068236154e-19)
(0.4210959256 -0.130544054 -1.50793779e-18)
(0.5354478747 -0.1722684799 1.587818889e-18)
(0.6549787086 -0.2182370674 -8.56664954e-21)
(0.7766023822 -0.2672007772 -3.5202238e-19)
(0.8958233845 -0.3170087175 -1.176316755e-19)
(1.006847168 -0.3645610764 4.303495179e-19)
(1.103208567 -0.4060467661 3.180417083e-21)
(1.179031378 -0.4375875665 -1.994446007e-19)
(1.230691712 -0.4562401226 6.672834947e-19)
(1.258190497 -0.4609963606 -5.499542752e-19)
(1.265338669 -0.4531994778 -1.100463872e-18)
(1.258380948 -0.4359903398 4.255243121e-19)
(1.243757774 -0.4129457863 1.431158368e-19)
(1.226396011 -0.3869580064 4.559879057e-19)
(1.209039967 -0.3597584818 -1.229352771e-19)
(1.193007347 -0.3321744707 3.08518225e-19)
(1.178700752 -0.3047477639 -1.448530995e-19)
(1.165611579 -0.2777040867 2.26532245e-19)
(1.152286708 -0.2509227905 -2.348627991e-19)
(0.04327200506 -0.01405805961 1.664705623e-20)
(0.1317224181 -0.04391031726 6.842382639e-20)
(0.2280346112 -0.0780924214 9.828028199e-19)
(0.3320208211 -0.1170087142 -7.22544247e-19)
(0.4430742851 -0.1606450771 -1.693331282e-18)
(0.5598699879 -0.2086327482 1.571143572e-18)
(0.6801080636 -0.2600477598 -4.975772636e-19)
(0.8002928952 -0.3131915659 -9.909238365e-20)
(0.9156623425 -0.3654549622 1.707348013e-19)
(1.020451901 -0.4133745803 1.133467582e-18)
(1.108673579 -0.453012335 2.221189091e-20)
(1.175427227 -0.480730177 -5.049770214e-19)
(1.218406062 -0.4942189214 -3.943955082e-19)
(1.238886306 -0.493347292 -4.435291952e-19)
(1.241448881 -0.4802849737 9.757936563e-19)
(1.232351887 -0.4586712552 7.744752476e-19)
(1.217449615 -0.4321028268 -7.120333171e-20)
(1.200916601 -0.4032536372 2.486831282e-20)
(1.18493232 -0.3736695511 1.022655615e-19)
(1.170429136 -0.3439817796 9.177780498e-20)
(1.157722302 -0.3147401144 -2.174530207e-19)
(1.146323439 -0.2861717929 1.473955302e-19)
(1.134812627 -0.2579445153 1.488219224e-19)
(0.04599522569 -0.01812945588 -1.854861926e-19)
(0.139332943 -0.05592454656 -8.581546953e-19)
(0.2401013135 -0.09821325953 7.674487234e-19)
(0.3478072345 -0.1451695373 -9.713966531e-19)
(0.4614788279 -0.196494473 8.793247038e-19)
(0.5793802008 -0.2514423504 1.926495782e-18)
(0.6987990673 -0.3086302545 -2.470534548e-18)
(0.8159090667 -0.3658591963 -6.096758853e-19)
(0.9258245428 -0.4200585483 1.355753701e-18)
(1.023014111 -0.4674683703 2.490267027e-18)
(1.102193336 -0.5041676419 -3.84250082e-18)
(1.159613092 -0.5269569751 -7.713028527e-20)
(1.194315551 -0.5343490846 3.099545037e-19)
(1.208712371 -0.527193567 2.950576112e-22)
(1.207881639 -0.5084720387 1.08495731e-19)
(1.197828427 -0.4822271571 -1.833383274e-20)
(1.183745424 -0.4519823866 -4.750908918e-19)
(1.168923138 -0.4200399152 -1.23569201e-19)
(1.154995351 -0.3878205554 2.096265322e-19)
(1.142602257 -0.3558873433 -2.112961523e-19)
(1.132016028 -0.3246698159 1.042354386e-19)
(1.122909604 -0.2943993974 -2.881781142e-19)
(1.11384764 -0.2646395281 6.487388406e-20)
(0.04809813278 -0.02299634283 -1.042362615e-19)
(0.1450052895 -0.07016953677 -3.277507792e-19)
(0.2487401378 -0.1218770818 4.286956932e-19)
(0.3584969137 -0.1779800064 -1.016711969e-18)
(0.4729413634 -0.2378134939 -1.883084194e-19)
(0.5899590044 -0.3001745702 2.596042351e-18)
(0.7065022272 -0.3631574504 1.084474915e-18)
(0.8185486534 -0.424038103 -3.471690548e-18)
(0.9212833426 -0.4793237518 -2.923835784e-18)
(1.009639817 -0.5250768123 5.533378871e-18)
(1.079250216 -0.5575851984 -7.553629746e-19)
(1.127621017 -0.5743233597 -2.160156086e-20)
(1.15505291 -0.5748027726 -1.080707679e-19)
(1.164854781 -0.5609044821 3.802722602e-19)
(1.162283281 -0.5363394635 2.433600421e-19)
(1.152853401 -0.5053131317 -1.809470163e-19)
(1.140889517 -0.4712644302 1.516027344e-20)
(1.128796714 -0.4362405139 1.849482006e-19)
(1.117737259 -0.4012796022 6.772111821e-20)
(1.108213701 -0.3669387591 -3.604201464e-19)
(1.100499407 -0.3336351 1.840026596e-19)
(1.094432272 -0.3015804407 -2.781983621e-20)
(1.088566774 -0.2702895328 -2.327189578e-19)
(0.04903417046 -0.02853611189 -9.620414318e-20)
(0.1471556063 -0.08624992987 -2.773482483e-19)
(0.2513423978 -0.1483644611 9.353142891e-19)
(0.3605061127 -0.2143417605 -1.203698843e-18)
(0.4729975503 -0.2830716907 3.76789979e-19)
(0.5864105942 -0.3528257561 4.317622513e-18)
(0.6975001007 -0.4211379625 6.399113324e-19)
(0.8022394616 -0.4847783609 -5.896493151e-18)
(0.8961144681 -0.5399280043 -3.248272568e-18)
(0.9747514309 -0.5826455597 2.860831326e-18)
(1.034851944 -0.6096473839 2.111334084e-18)
(1.075134431 -0.6193298563 9.967479832e-19)
(1.096992047 -0.6123607008 -1.04144769e-18)
(1.104303393 -0.5915596266 7.638546929e-19)
(1.102115249 -0.5612375378 -1.03106803e-18)
(1.0951597 -0.5256692864 -3.683208253e-19)
(1.086770666 -0.4879756008 1.855131925e-19)
(1.078707211 -0.4499079968 -1.726023011e-20)
(1.071667838 -0.4123038404 -1.083354618e-19)
(1.065988623 -0.3756294616 -1.970677814e-21)
(1.062005855 -0.3402807037 1.163627341e-19)
(1.059797676 -0.3065072925 2.568733455e-20)
(1.057995559 -0.2738408159 -1.825232029e-19)
(0.04815545438 -0.03439583973 -1.038847047e-19)
(0.1439231867 -0.1030902123 -2.267789112e-19)
(0.2448723534 -0.1758210682 7.144667343e-19)
(0.3497145405 -0.2515790601 -1.07093742e-18)
(0.4565909675 -0.3287538734 4.140315403e-19)
(0.5629559589 -0.4050612373 3.54718146e-18)
(0.6655694803 -0.4774878283 -2.383943976e-19)
(0.7606369254 -0.5423817139 -6.365303038e-18)
(0.8441826118 -0.5957707295 -3.241090614e-21)
(0.9127090101 -0.633953317 2.25561022e-19)
(0.9640224981 -0.6543524802 3.150556571e-18)
(0.9979670239 -0.65636471 -1.184506489e-18)
(1.016721159 -0.6417981689 -1.336350708e-18)
(1.024193154 -0.6144543084 1.485552213e-18)
(1.024863503 -0.5789715204 -3.278405023e-19)
(1.022522661 -0.539457824 -4.671694169e-19)
(1.019568829 -0.4986679529 -5.875222481e-19)
(1.017092619 -0.4580385951 6.855443272e-19)
(1.015452268 -0.4182259474 -1.876333307e-19)
(1.014839994 -0.3796236452 7.213677393e-20)
(1.015587751 -0.3426241104 1.899437097e-19)
(1.017988635 -0.3075780935 -9.516689402e-20)
(1.021143484 -0.2740532582 1.472112489e-19)
(0.04465801475 -0.03975497265 -4.271188505e-20)
(0.1330536588 -0.1183385747 9.874954038e-20)
(0.2257384449 -0.2003954822 -5.741236625e-21)
(0.3213699707 -0.2844156388 1.155798971e-18)
(0.418057997 -0.3682701241 -1.84538673e-18)
(0.513338229 -0.4491367792 -5.453698288e-18)
(0.6042266799 -0.523534461 7.45473107e-18)
(0.6874230689 -0.5875325947 -2.448741763e-18)
(0.75971711 -0.6372065153 -4.586013097e-19)
(0.8185857012 -0.6693475521 2.551281718e-18)
(0.8628540345 -0.6823019975 1.816618418e-18)
(0.8931617635 -0.6766340818 -4.650743117e-18)
(0.9119239657 -0.6552071766 2.48189085e-18)
(0.9226681325 -0.6224577999 -1.162065885e-19)
(0.9289843928 -0.5830913801 -5.636127013e-19)
(0.9336146342 -0.5408666817 1.574435265e-19)
(0.9381029998 -0.4981012692 5.547072768e-19)
(0.9430248863 -0.4559451632 1.298196639e-19)
(0.948454671 -0.4149338035 -5.72393341e-20)
(0.954371371 -0.3754039426 9.307280281e-20)
(0.9608831905 -0.3377614729 -5.541598494e-21)
(0.9682967361 -0.3025580627 -1.412113036e-19)
(0.9770430763 -0.2695831072 6.476712211e-20)
(0.0388668862 -0.04338002906 1.180273249e-20)
(0.1155146326 -0.1282878167 1.821052383e-20)
(0.1956148326 -0.2158142694 1.813494941e-21)
(0.2779628541 -0.3040193938 3.546818873e-19)
(0.3608561783 -0.3903766245 -1.128269183e-18)
(0.442163099 -0.471713917 -3.385862783e-18)
(0.5194127481 -0.5443394259 4.106338104e-18)
(0.5900081843 -0.6043620628 8.573530853e-19)
(0.6515926406 -0.648236058 3.89371263e-19)
(0.7025299442 -0.6734890798 1.276927515e-18)
(0.7423655996 -0.6794532458 -3.854225348e-18)
(0.7720568047 -0.6676787001 2.949484764e-19)
(0.7937802101 -0.6417084069 1.626428404e-18)
(0.810307925 -0.6061475901 -7.884855022e-19)
(0.8242115171 -0.5653978078 1.023066338e-19)
(0.8372823196 -0.5227056209 -8.955953053e-20)
(0.8504086977 -0.4799606414 5.316299547e-20)
(0.8638233576 -0.4380939678 -1.95779684e-19)
(0.8774240442 -0.397579815 1.347763341e-19)
(0.8909336078 -0.3587567219 -1.065751076e-19)
(0.9039048657 -0.3220652196 -1.032449158e-19)
(0.9159407686 -0.2882361397 -2.575473595e-20)
(0.927935333 -0.2577646576 -6.237713641e-21)
(0.03136299344 -0.04397698798 -3.0047458e-21)
(0.09326861698 -0.129448191 8.236667514e-20)
(0.1581435748 -0.2167345433 3.56824041e-20)
(0.2250940165 -0.3036594415 -1.892623381e-19)
(0.2927739385 -0.3875291126 -1.189300792e-19)
(0.359537155 -0.4650918908 5.54402931e-20)
(0.4235260375 -0.5327291137 -3.66589334e-19)
(0.4828470886 -0.5868363493 1.091157274e-18)
(0.5358564447 -0.6243885911 1.243533953e-18)
(0.5815087757 -0.6436144917 -2.088886859e-18)
(0.6196566868 -0.6445816392 -1.645010746e-18)
(0.6511498103 -0.6294017941 1.393479024e-18)
(0.6776223087 -0.6018226728 7.028889851e-19)
(0.701003074 -0.5662489119 -2.965165907e-19)
(0.7229597478 -0.5266092895 -2.421596445e-19)
(0.7445484538 -0.4856421384 -7.914997963e-20)
(0.7662047056 -0.4448764221 6.207648038e-20)
(0.7879670713 -0.4050659638 4.599107084e-20)
(0.8096881403 -0.3666189079 -2.582977209e-20)
(0.8310472935 -0.3298236513 1.138268097e-19)
(0.8514208623 -0.2949670141 -1.43858499e-20)
(0.8701099959 -0.2623578252 1.682406991e-21)
(0.8876447332 -0.2320200822 -8.022665539e-20)
(0.02321458758 -0.04163522338 -1.147651195e-19)
(0.0693103662 -0.1221121557 -4.178926714e-19)
(0.1181144083 -0.2037004384 1.908458212e-18)
(0.1691413808 -0.2841964435 -7.305303357e-19)
(0.2214990997 -0.3609623145 1.571337638e-19)
(0.2741009839 -0.4309070336 -6.7068423e-19)
(0.3257276217 -0.4907112948 -4.133258239e-20)
(0.3751391229 -0.5372238623 5.722802295e-19)
(0.421265094 -0.5679986059 6.565988846e-19)
(0.4634320852 -0.5818796693 -1.165773341e-18)
(0.5015451701 -0.5794412575 2.492726333e-19)
(0.5361258909 -0.5630340885 2.419663618e-19)
(0.5681463079 -0.5362826943 5.648641712e-20)
(0.5986985958 -0.5031472919 -1.398489527e-19)
(0.6286473314 -0.4669671505 3.744571789e-19)
(0.6584370478 -0.4299600953 -1.026844533e-19)
(0.6881255386 -0.3933285296 -7.037779967e-20)
(0.7175563166 -0.3576879752 -3.263854246e-20)
(0.7465024397 -0.323427882 -1.706960823e-19)
(0.7746596162 -0.2908754696 1.707543002e-19)
(0.8015497922 -0.2603469542 2.037035786e-20)
(0.8266946944 -0.2320635681 9.837784426e-20)
(0.8504326365 -0.2057366795 -3.458789535e-20)
(0.01526067089 -0.03627034933 3.880899383e-19)
(0.04607439974 -0.1060899965 -3.754543744e-18)
(0.07953613779 -0.176485811 -6.352132376e-19)
(0.1156041473 -0.2454481926 2.277296688e-18)
(0.1538637654 -0.3106281453 -1.528789338e-18)
(0.1937831292 -0.3693354119 5.800918227e-19)
(0.2347325163 -0.4187625019 4.868850602e-20)
(0.2760224869 -0.4563497261 -2.809237761e-19)
(0.3169989996 -0.4802476264 3.686039223e-19)
(0.35717008 -0.4897834481 -4.160639769e-19)
(0.3963129084 -0.4857633997 1.385771453e-19)
(0.4345064796 -0.4704189161 7.218016741e-21)
(0.4720558206 -0.4469072667 -7.882453787e-20)
(0.5093248325 -0.4185075848 -1.738052491e-19)
(0.5465529268 -0.3878752011 4.242154433e-21)
(0.5837496991 -0.356712168 2.327510236e-19)
(0.6207114229 -0.3259175618 -1.327609161e-19)
(0.6571178689 -0.2959532668 2.31137124e-19)
(0.6926172592 -0.267125969 -2.610501514e-19)
(0.7268337252 -0.239714543 -2.141062908e-19)
(0.7593483352 -0.2140290178 1.244387603e-19)
(0.7898591307 -0.1903943471 -2.616418721e-20)
(0.8186743062 -0.1688911868 8.907288254e-20)
(0.008396484995 -0.02824101071 5.540865336e-19)
(0.02610291286 -0.08245342891 -3.593212923e-18)
(0.0465096455 -0.1369090698 -3.091300444e-18)
(0.0699807992 -0.1899970441 4.182904407e-18)
(0.09653055059 -0.2398635542 -1.119515805e-18)
(0.1261059004 -0.284419234 1.456685408e-18)
(0.1585611354 -0.321527856 1.605917745e-19)
(0.19362675 -0.3492992875 -9.835876462e-19)
(0.230925122 -0.3664439848 -5.352173874e-19)
(0.2700240125 -0.3726109686 1.172480878e-18)
(0.3105038414 -0.3685804937 -4.045268531e-19)
(0.3520127176 -0.3561762516 2.105433834e-19)
(0.394283696 -0.337850351 -1.521318618e-19)
(0.437102393 -0.3160691097 3.367574887e-20)
(0.4802419854 -0.2927786544 1.378890828e-19)
(0.5234074096 -0.2692002684 4.013049808e-20)
(0.5662250076 -0.2459723884 -2.279849175e-19)
(0.6082754493 -0.2234255189 1.284506618e-19)
(0.6491309964 -0.2017752442 3.053444371e-19)
(0.6883676084 -0.1811967741 -3.802167391e-19)
(0.7255880212 -0.1618598191 -1.968365051e-19)
(0.7605481091 -0.1439493353 2.067320973e-19)
(0.7934044129 -0.1275924765 7.10419761e-20)
(0.00335067456 -0.01809741176 3.077586379e-20)
(0.01146169078 -0.05279193641 3.104995554e-19)
(0.02236307883 -0.08757783257 -2.664429941e-19)
(0.03672838475 -0.1214068384 3.394810764e-20)
(0.05489447744 -0.1530821224 1.682903845e-20)
(0.07715974664 -0.1812667824 1.27572856e-19)
(0.1037217995 -0.2046097511 1.448622591e-18)
(0.1345934557 -0.2219364884 -1.459507238e-18)
(0.1695616109 -0.2324736512 -2.026688131e-18)
(0.2081935014 -0.2360560882 2.967341066e-18)
(0.2498856317 -0.2332346626 -9.248942321e-19)
(0.2939467142 -0.2252037142 2.246019328e-19)
(0.3396897267 -0.2135264706 -7.513106043e-20)
(0.3864961199 -0.1997467572 -1.881385895e-19)
(0.4338269662 -0.1850641543 -1.472225751e-20)
(0.4811910816 -0.1702224374 9.595017937e-20)
(0.5281089788 -0.1556108765 5.076036471e-20)
(0.5741020189 -0.1414390519 -6.919269225e-20)
(0.6187016584 -0.1278534029 1.790233666e-19)
(0.6614656461 -0.114976151 4.226021404e-19)
(0.7020178133 -0.1029168183 -4.926309546e-19)
(0.7401285766 -0.09177952047 -2.731550481e-19)
(0.7757845319 -0.08163788281 1.973751694e-19)
(0.0006535067506 -0.006589205681 -6.026047157e-19)
(0.003645062378 -0.01925150513 1.625103916e-18)
(0.009487715324 -0.03198240786 4.586086185e-18)
(0.01902321039 -0.0444035398 -3.097806234e-18)
(0.03276264256 -0.05607924276 1.228059197e-20)
(0.05119160811 -0.06652026459 4.720907804e-20)
(0.07468730749 -0.07522874153 7.827763255e-20)
(0.1034058487 -0.08176765363 -1.654045523e-18)
(0.1372114852 -0.08584325166 1.103630639e-18)
(0.1756598088 -0.08738229331 2.910880629e-18)
(0.2180400962 -0.08657420926 -2.433576994e-18)
(0.2634760911 -0.08384781055 -3.751435607e-21)
(0.3110590118 -0.07977287316 -4.025876288e-20)
(0.3599614391 -0.07491718057 -1.021776186e-19)
(0.4094851995 -0.0697239762 -1.30665392e-19)
(0.459038909 -0.06446729022 4.026079577e-19)
(0.5080878253 -0.05928780082 1.411876906e-20)
(0.5561224826 -0.05425836875 -4.102623632e-19)
(0.60265692 -0.04942902431 4.365696167e-19)
(0.6472481192 -0.04484292695 3.178767396e-19)
(0.6895388609 -0.04054142908 -5.402061719e-19)
(0.7293035365 -0.03656665698 -2.954517938e-19)
(0.7664216899 -0.0329526377 3.074099275e-19)
(-0.1089583107 -0.2668746891 8.377899877e-20)
(-0.08648908701 -0.2376675597 -1.455701159e-19)
(-0.05346632426 -0.1862291523 7.722154297e-20)
(-0.01211148913 -0.1113088488 -4.569627709e-20)
(0.03724686876 -0.01251197123 2.377893981e-19)
(0.09378179522 0.1056379423 3.497250753e-20)
(0.1558882404 0.232888034 -3.370639466e-19)
(0.2183864962 0.3545599228 3.436340802e-19)
(0.273193539 0.4563608317 2.732160276e-20)
(0.3090014682 0.5295522143 -3.117422563e-21)
(0.3138995797 0.5787766637 5.598344123e-22)
(0.286186981 0.6104666107 -3.657763332e-22)
(0.2501872089 0.6071340887 -1.346241559e-20)
(0.2538301203 0.5239621489 1.130595898e-19)
(0.328154797 0.3341410974 -1.191819655e-19)
(0.4509732725 0.07447914817 -9.389700859e-20)
(0.5788359719 -0.177750396 2.253980386e-20)
(0.6765530529 -0.3724905189 -3.318079931e-20)
(0.7412341682 -0.4676765894 1.061172684e-19)
(0.7925029595 -0.4902390339 -1.174595737e-20)
(0.7780031613 -0.5088137048 2.656501151e-20)
(0.6900067018 -0.5433442459 -6.246115727e-20)
(0.6424255275 -0.4639817526 6.825836576e-21)
(0.6962217166 -0.2018214606 -1.408049257e-19)
(0.7827724979 0.0899538288 8.223669457e-20)
(0.8706229135 0.3042129395 -2.69208511e-20)
(0.9302269433 0.3530002715 -5.452820009e-21)
(0.9057740685 0.4061931964 6.777371423e-21)
(0.8210250714 0.4395777151 6.657668802e-21)
(0.8058214774 0.3477262657 5.874680133e-21)
(0.8633891822 0.1802992654 -7.671541923e-20)
(0.9164212627 -0.08709688331 5.512758509e-20)
(0.9309173415 -0.2501036044 -3.328262982e-20)
(0.9412235183 -0.4165904169 1.710822338e-20)
(0.9433408296 -0.419066641 -1.416885869e-20)
(0.9498796233 -0.1777723092 6.664736269e-21)
(0.9881379861 0.02420449591 -1.281787337e-21)
(1.019899978 0.3665798136 -3.285446157e-21)
(1.009448638 0.4440389544 -1.395756048e-21)
(1.009640651 0.1639354167 -1.970942666e-21)
(1.031770064 -0.03700320424 2.641799059e-22)
(1.040979097 -0.4173390369 -1.972492149e-22)
(1.058926703 -0.4368221981 3.095671242e-20)
(1.077863143 0.2414038178 -9.790898224e-20)
(1.04334273 0.4436020278 -7.101714551e-21)
(1.037482986 -0.05358515674 -1.144011212e-19)
(1.018542878 -0.2280700626 -2.375170424e-21)
(1.012125941 -0.007774917257 4.022736579e-20)
(1.006339037 0.07291872993 3.24906433e-24)
(0.999553897 0.007179576594 8.276399179e-22)
(0.9984689535 -0.01581724992 1.009370499e-21)
(0.9939855771 -0.003678645556 1.77453933e-21)
(0.06115502167 -0.2358060207 7.97425564e-20)
(0.09657130184 -0.200695461 -2.181077566e-19)
(0.1412334158 -0.1442552043 7.187063495e-20)
(0.1928686761 -0.06537389515 3.318009453e-20)
(0.2497307325 0.03536277377 4.668046887e-20)
(0.3102267931 0.1528160998 2.793537866e-19)
(0.3711181497 0.2779332935 -5.145046834e-19)
(0.4271827209 0.3950094751 -1.892767373e-19)
(0.4716021328 0.4857053974 4.289369423e-19)
(0.4971546925 0.5375054127 -2.427328395e-20)
(0.4949508627 0.5557777079 -3.625284223e-20)
(0.4524842776 0.5640648426 9.658488954e-21)
(0.3725758698 0.5705040687 -1.56651794e-21)
(0.3005087699 0.5343683476 1.256023575e-19)
(0.2995239717 0.3968318658 -1.334385455e-19)
(0.3804579244 0.1627248081 -1.953107575e-19)
(0.4942689246 -0.09517663793 -4.795133104e-20)
(0.6005257717 -0.3086888133 -1.720806776e-19)
(0.6940125999 -0.4231046009 9.814484324e-20)
(0.7614614061 -0.4771973059 -4.063335041e-20)
(0.748207494 -0.5317726795 2.897622696e-21)
(0.6725001327 -0.5727182217 -2.825228963e-20)
(0.6603872883 -0.4669543824 5.644878691e-21)
(0.7426537058 -0.1820644125 -1.814382652e-19)
(0.8352653912 0.1159336859 2.9623062e-19)
(0.9072041365 0.32762493 -1.648484833e-20)
(0.9528536631 0.3587489036 2.043204054e-20)
(0.9315725401 0.3851346164 8.346443311e-21)
(0.8463545611 0.4231986885 -2.302643769e-20)
(0.8313157464 0.3571072607 4.395926237e-20)
(0.8729197206 0.200062922 -4.413830719e-20)
(0.9104724112 -0.07512074694 1.468780257e-20)
(0.917034267 -0.2440112034 2.363465774e-20)
(0.9204137546 -0.4128425692 1.336705532e-20)
(0.9295297244 -0.4178039804 -9.159570229e-21)
(0.9438397153 -0.1759874164 1.002412592e-20)
(0.9964755434 0.02899636807 -2.360550823e-20)
(1.033883628 0.3651854729 7.271675924e-20)
(1.014182908 0.444801022 2.921393069e-21)
(1.01110559 0.1669714919 3.441561075e-20)
(1.01983749 -0.03137054253 -8.102163323e-20)
(1.02649631 -0.4129289424 6.113538516e-21)
(1.059136619 -0.4342715272 -5.831642021e-20)
(1.085269788 0.2352202341 -2.766454836e-19)
(1.043204244 0.4419388133 -1.483164812e-20)
(1.030516846 -0.05459243433 7.378284172e-21)
(1.014657878 -0.2288696121 -1.26717223e-20)
(1.01265146 -0.009138390699 9.224980655e-20)
(1.006276704 0.07201008549 -2.442165707e-21)
(0.9981108313 0.0067579374 -1.624149736e-21)
(0.9971890213 -0.01609095441 5.140704548e-22)
(0.9930854368 -0.003921849573 2.012004269e-21)
(0.2490851802 -0.1919941537 -1.39514755e-19)
(0.2978374334 -0.1567046759 8.351796608e-20)
(0.3515034342 -0.1016325481 -2.382393405e-19)
(0.4101545914 -0.02511676267 7.057525263e-20)
(0.4715504896 0.07145081162 2.131270177e-20)
(0.5329398468 0.1847737081 2.331743169e-19)
(0.5899945837 0.3057124643 -1.569628833e-19)
(0.636051783 0.4179184147 -5.513311928e-19)
(0.6633509209 0.502839084 4.686116717e-19)
(0.6681346857 0.5463732311 6.217479162e-20)
(0.6535396099 0.5440295601 -6.743675209e-20)
(0.6159100563 0.5156202186 -3.031815181e-20)
(0.5351473838 0.4991267062 -7.042079668e-21)
(0.4195934428 0.4906267384 2.394625592e-21)
(0.3362669624 0.4209435249 -1.592982544e-19)
(0.3494105086 0.2416268611 1.702088652e-19)
(0.4369374458 0.0001269972093 1.507477039e-19)
(0.5475318323 -0.2238482471 4.936363535e-20)
(0.6599462729 -0.3625525198 -1.335931716e-19)
(0.7330053414 -0.4546861632 -1.393900166e-19)
(0.7193794159 -0.5434248155 9.513533454e-20)
(0.6610038343 -0.5885046493 1.360881954e-20)
(0.6821662103 -0.4642116684 -4.566843279e-20)
(0.790076056 -0.167558553 -1.221935323e-19)
(0.8907997405 0.1302001691 5.795140434e-20)
(0.9480601831 0.340875076 -9.959695136e-21)
(0.977873815 0.3625594822 -3.722028089e-21)
(0.958970793 0.3643090713 1.418396622e-21)
(0.8723320459 0.406828277 -2.11986579e-20)
(0.8562755127 0.3667113655 3.026088526e-20)
(0.8863941871 0.220374187 -6.20850094e-21)
(0.9091574043 -0.06114870613 -2.083442849e-20)
(0.9055809948 -0.236355534 5.393943387e-20)
(0.8994055016 -0.4072533322 2.556785132e-20)
(0.9147530274 -0.4166631491 1.26629298e-21)
(0.9386129653 -0.1754187699 4.61634962e-21)
(1.004106778 0.03205803011 -6.142350521e-20)
(1.046495167 0.3609518253 5.426420678e-20)
(1.017483562 0.4448858024 -9.265015232e-22)
(1.010651091 0.1712400358 1.36906776e-20)
(1.006749938 -0.02449596446 -5.57631807e-20)
(1.01035326 -0.4057517308 -8.838460543e-21)
(1.056254744 -0.4320535947 3.795704725e-20)
(1.090825671 0.2265525804 7.252481834e-20)
(1.041431354 0.439428543 1.506113518e-21)
(1.021960427 -0.05404205385 3.611021914e-20)
(1.009463557 -0.229033199 -1.008763875e-20)
(1.01197771 -0.01075824384 4.701829047e-20)
(1.005151733 0.07089160723 -3.99740394e-21)
(0.9956864647 0.006363022903 6.426842619e-22)
(0.9949371811 -0.01631417823 1.011267186e-22)
(0.9912832213 -0.004149876839 -3.405628938e-22)
(0.4342135129 -0.135527149 -1.862122471e-19)
(0.4924660603 -0.1048958417 -2.213170913e-19)
(0.5536116684 -0.05606803065 9.406925267e-20)
(0.618890436 0.01203916976 -2.451017607e-21)
(0.6851849649 0.09917707183 1.415953371e-19)
(0.747913927 0.2028793937 5.984045084e-20)
(0.8020246588 0.3139643774 -1.097628407e-19)
(0.8386708329 0.416118574 1.350433647e-19)
(0.8490374337 0.4916732039 -3.140834521e-20)
(0.8298659988 0.531660199 -8.818128427e-20)
(0.7887994831 0.5324955026 -7.464924564e-21)
(0.7416420524 0.4926462507 7.628222233e-21)
(0.6811823493 0.4395044898 1.784444404e-20)
(0.576198687 0.4138275116 -1.170040968e-19)
(0.4446912412 0.3902982735 1.179911943e-19)
(0.3737870394 0.2889059207 1.312016725e-19)
(0.4095233534 0.09560636388 2.014238883e-19)
(0.5121605252 -0.1247377944 -2.2109335e-20)
(0.6316900714 -0.2888827597 6.628822073e-20)
(0.7050950641 -0.4238670748 -1.126029108e-19)
(0.6972157445 -0.5486113987 2.251979635e-20)
(0.6602177352 -0.5983418397 7.12048098e-20)
(0.7069765517 -0.461620781 -7.940478747e-20)
(0.8356076294 -0.1590384555 4.385993249e-20)
(0.9459499498 0.1339466089 -9.836943154e-20)
(0.9917500375 0.344478564 -8.187498953e-21)
(1.004202289 0.3646783406 -1.080523206e-20)
(0.9861247938 0.3436192329 7.402147088e-21)
(0.8990351575 0.3887832253 1.763478296e-21)
(0.8773199508 0.3757406624 -9.737842575e-22)
(0.9002683433 0.2418923352 1.494525577e-20)
(0.9112173927 -0.04534503387 -1.57932978e-21)
(0.8958438168 -0.228828836 -4.207050189e-20)
(0.8791083135 -0.401145707 3.374331102e-20)
(0.9001994791 -0.4155167069 -4.079335059e-21)
(0.9349231845 -0.1759109536 8.077298223e-21)
(1.011126674 0.03293468065 4.198065042e-20)
(1.057239246 0.3541195381 -1.052468768e-19)
(1.020197259 0.444379232 2.537541979e-22)
(1.008264564 0.176564829 -4.035515867e-23)
(0.9926436977 -0.0164940131 1.336061915e-20)
(0.9931475295 -0.3964807263 1.722599552e-20)
(1.050636827 -0.430034074 9.144829125e-20)
(1.094530463 0.2158486647 1.825945143e-19)
(1.038551921 0.4360330745 -3.385755003e-20)
(1.011967959 -0.05199707205 -6.6884802e-20)
(1.003065673 -0.2285760021 1.093066664e-20)
(1.010208967 -0.01258447695 -8.321938936e-20)
(1.003080313 0.0695848961 5.556292442e-21)
(0.9923849149 0.005994077733 -4.516451651e-21)
(0.9918064489 -0.01648486245 2.976142082e-22)
(0.9886496633 -0.004359135775 -2.150525053e-23)
(0.6479657367 -0.07404443944 1.283534361e-19)
(0.7020942926 -0.05022500933 -3.533935992e-19)
(0.7615131754 -0.01018038778 -4.449427333e-21)
(0.8256559013 0.04666843774 -9.857835779e-20)
(0.8899241774 0.1215429132 4.615077689e-20)
(0.9486628492 0.2115108528 2.538715755e-20)
(0.9945629787 0.308577946 -1.568269408e-19)
(1.0176728 0.3981320013 1.801937248e-19)
(1.010736198 0.4630374235 -1.990906225e-19)
(0.9741084171 0.4943033849 1.229124418e-19)
(0.9138164962 0.4968764794 -6.911170307e-20)
(0.8439352338 0.4715571679 8.961844669e-20)
(0.7828350323 0.4141170584 -5.111793565e-20)
(0.7130457618 0.3539689661 -3.413959586e-20)
(0.5959021324 0.3240432054 1.959844824e-19)
(0.4675557662 0.2821427953 -2.751819993e-20)
(0.4226085823 0.1645662661 -2.882555815e-20)
(0.483473015 -0.02277594687 -2.486199879e-19)
(0.5973405251 -0.2054577884 1.326380804e-19)
(0.6739421536 -0.3760667089 1.521590098e-19)
(0.6706958377 -0.5296224724 -1.746745905e-19)
(0.6507283374 -0.5925688083 1.960023565e-19)
(0.7234286996 -0.4588522991 -3.834419622e-20)
(0.8741505936 -0.1604083435 -4.99604247e-20)
(0.997197689 0.1272793917 1.500187149e-20)
(1.036072672 0.3383978077 -2.736832791e-20)
(1.031446298 0.3655639464 -3.519883639e-20)
(1.011804049 0.324582103 6.931416448e-21)
(0.9265460532 0.3676649626 -5.390836654e-22)
(0.8948015994 0.3833515078 -1.309817242e-20)
(0.91077216 0.2650179579 -8.079775588e-21)
(0.9147843322 -0.02649935981 -3.564587491e-20)
(0.8880513045 -0.2186493749 3.092556994e-20)
(0.859502418 -0.3921877282 -6.35711862e-20)
(0.8850340944 -0.4145048342 -1.687776154e-21)
(0.9321233107 -0.178711146 -1.017514605e-20)
(1.017911358 0.03082997102 6.297400108e-20)
(1.065798917 0.3440659904 -7.026170703e-20)
(1.023254185 0.4435409973 -1.886911252e-21)
(1.004150473 0.1828522855 -3.548024471e-21)
(0.9779646469 -0.00739061735 -2.415123866e-20)
(0.9746495901 -0.3838989194 4.413094384e-20)
(1.042002349 -0.4286147768 -5.490939734e-20)
(1.096574406 0.2027244914 -1.933673731e-20)
(1.035415428 0.4319789656 -7.961445278e-20)
(1.000763095 -0.04851696657 9.79814406e-21)
(0.9955631782 -0.2274831925 4.373933101e-20)
(1.007485613 -0.01461915959 -6.351826915e-20)
(1.000217016 0.06812151548 1.210638139e-21)
(0.9883519247 0.005646639878 6.914810329e-22)
(0.9879285908 -0.0166041235 4.854405886e-22)
(0.9852871895 -0.004547081822 1.797924377e-22)
(0.9127708 -0.03150374688 2.767484624e-19)
(0.9477755581 -0.01125328703 -1.388129115e-19)
(0.9898185102 0.02206520015 -2.469755638e-19)
(1.037561092 0.06877121357 1.175804683e-19)
(1.086011994 0.1300564507 -9.891471137e-20)
(1.128368722 0.2041076195 -1.508692032e-19)
(1.156066629 0.2844722951 2.092517434e-19)
(1.15943997 0.3597657541 9.45495413e-20)
(1.133362309 0.4175307699 -2.783467642e-19)
(1.081850152 0.44797187 1.725985935e-19)
(1.014508637 0.4506083302 -8.409052471e-20)
(0.9369236887 0.433866261 7.168671223e-21)
(0.8602076981 0.3963035272 -2.336945989e-20)
(0.7998184963 0.3327717917 1.486589954e-20)
(0.7286323938 0.2723907674 1.063088336e-19)
(0.6103852893 0.2361871029 -1.119017612e-19)
(0.5009896169 0.183553612 1.024718662e-19)
(0.4814634771 0.0595912203 1.246991707e-19)
(0.5562216065 -0.1155014036 -2.134294586e-19)
(0.6340816068 -0.32308671 1.280432326e-19)
(0.6531596109 -0.5162383799 -1.40255249e-19)
(0.6646344423 -0.5890006285 -1.425906121e-19)
(0.7567791541 -0.4536863247 1.563827071e-19)
(0.9161758376 -0.1552089099 1.11097262e-19)
(1.044943006 0.1175872302 -5.296329165e-20)
(1.079075875 0.3229278397 5.027188884e-20)
(1.058790434 0.3638918842 -3.528292901e-20)
(1.036034156 0.3087834499 9.859891229e-21)
(0.9534952857 0.3428108454 1.502861585e-20)
(0.9104816101 0.3859607531 -1.166664247e-21)
(0.917580928 0.2925399303 -4.530288476e-21)
(0.9159846962 -0.009325362989 -2.593388877e-20)
(0.8811284836 -0.212464256 3.582157002e-20)
(0.843722289 -0.3859620755 -6.241813491e-20)
(0.8733985395 -0.4121811292 1.269060943e-20)
(0.9322190573 -0.179118556 -6.115925353e-20)
(1.025775405 0.02728338013 -7.680294322e-20)
(1.073026365 0.3302892765 -6.827498729e-20)
(1.026525322 0.4417434716 3.692642011e-23)
(0.9991095468 0.1903783846 -1.24302615e-20)
(0.961957401 0.0002054843964 -7.551390483e-22)
(0.9576692175 -0.3715756499 -7.452532014e-21)
(1.032393284 -0.4262070048 -3.591358771e-20)
(1.097976784 0.1868365595 4.318687531e-19)
(1.032522928 0.4272931701 7.200380218e-20)
(0.9887511507 -0.04403749462 -5.58812926e-20)
(0.9872842316 -0.2257760248 4.90561842e-21)
(1.004102747 -0.01647784112 1.620737003e-20)
(0.9967394315 0.06653229287 -2.030628868e-21)
(0.9837614985 0.005316760895 -2.086980078e-22)
(0.9834636352 -0.01667516124 1.571528859e-22)
(0.9813235033 -0.004712490696 1.571424453e-21)
(1.165234919 -0.02569728807 4.786564119e-21)
(1.177320369 -0.004608684757 2.331109465e-19)
(1.196175999 0.0240438759 -3.497917436e-19)
(1.220333024 0.06233995567 1.666010108e-19)
(1.245136995 0.1115423987 1.815224677e-20)
(1.264349243 0.1709281342 -1.390948607e-19)
(1.270412663 0.2364710776 -5.475793034e-20)
(1.255576489 0.3000835587 -4.08872315e-19)
(1.216749184 0.3529918063 -9.001073714e-20)
(1.15714061 0.3882638188 1.029386123e-19)
(1.085497532 0.4015268956 8.777176554e-20)
(1.01069326 0.3924761443 -9.468097651e-20)
(0.9323829333 0.3675025062 -2.177677673e-20)
(0.8598445128 0.3237620333 -4.31716211e-21)
(0.8082840133 0.2577834228 -8.104867558e-21)
(0.7386422996 0.1962312685 4.510540639e-21)
(0.6312175838 0.1579503072 8.450689358e-20)
(0.5424018543 0.0986053317 1.47179364e-19)
(0.5390947927 -0.01807008643 -1.262328261e-19)
(0.5853835625 -0.2145045335 7.026225367e-20)
(0.6149666029 -0.4367357466 4.776094598e-19)
(0.6426827132 -0.5602147665 -6.587995403e-19)
(0.7470203323 -0.4714387185 5.32328274e-20)
(0.9346497079 -0.1914368029 4.614986727e-21)
(1.085123517 0.08039510143 -1.784383394e-20)
(1.119836134 0.2928056491 -4.445334704e-20)
(1.084768065 0.3567402043 -2.222223679e-20)
(1.059066582 0.2961031762 7.089358138e-20)
(0.9798149177 0.3167903935 -1.407092222e-19)
(0.9236926509 0.3802120458 3.470956039e-21)
(0.9240072603 0.3194255053 1.141485085e-20)
(0.9135746297 0.02962171081 6.478347855e-20)
(0.8723435721 -0.1899600557 6.455795032e-20)
(0.8267494882 -0.3695084712 -1.052644729e-19)
(0.8566569362 -0.4132373905 8.185803223e-20)
(0.9310525288 -0.1909407377 -9.031180076e-21)
(1.033928962 0.01493319059 6.210380669e-21)
(1.080655451 0.3132605513 5.268886388e-20)
(1.02842517 0.4375758949 1.19188154e-21)
(0.9953589501 0.1986875137 8.139634251e-21)
(0.9445138477 0.01730725214 3.078374748e-21)
(0.9352894346 -0.3516968814 1.839918599e-19)
(1.020100888 -0.4259828872 -1.828088417e-19)
(1.100515041 0.1685173563 7.359832363e-19)
(1.029235358 0.4206431679 -6.661712796e-20)
(0.9757240108 -0.03752735176 1.19695381e-19)
(0.9778801023 -0.2236050287 -8.319984847e-21)
(1.000314579 -0.01940170178 -1.427490704e-20)
(0.992847687 0.06465785557 -1.06919621e-20)
(0.9787889635 0.005072164327 -3.162078139e-21)
(0.9785803465 -0.01668870362 -1.925527268e-21)
(0.9769029836 -0.004849953898 2.37697265e-21)
(1.329838108 -0.03987467664 -3.601270461e-20)
(1.329285363 -0.01442113898 1.664070856e-19)
(1.331946792 0.0163167279 -1.189832699e-19)
(1.336997456 0.05327778711 -1.904356766e-20)
(1.341393532 0.09759104031 1.499181729e-20)
(1.340086666 0.1485982899 1.165196588e-19)
(1.32828218 0.2036441065 1.832384124e-19)
(1.3015069 0.2573393747 8.443610979e-20)
(1.2585505 0.3039131787 1.356546794e-19)
(1.202009916 0.3369942175 2.306353483e-20)
(1.134056134 0.3543984756 -1.286677002e-19)
(1.06140708 0.3536942215 -4.397808561e-20)
(0.9901026774 0.3336476045 5.257034863e-20)
(0.913101921 0.3013277772 1.383172778e-20)
(0.8522276926 0.2500616563 -1.410985825e-19)
(0.8075867513 0.1786658618 4.950458663e-20)
(0.7374734324 0.1222933794 3.994452999e-20)
(0.6370383792 0.07723937702 -6.540910323e-22)
(0.5796993188 -0.002982984433 -1.059966781e-20)
(0.5859052561 -0.1805861241 4.615778753e-20)
(0.614085656 -0.4084428958 6.98817087e-19)
(0.6637932927 -0.5312973946 -1.419180505e-19)
(0.7952452104 -0.4361493022 -8.817015714e-20)
(0.9829435431 -0.1583777157 -1.207089566e-19)
(1.124172262 0.08651358613 2.536395899e-19)
(1.154900221 0.2765201195 -2.007698041e-19)
(1.106968363 0.348903999 1.038010436e-19)
(1.078369838 0.2855119135 6.878286979e-21)
(1.004503586 0.2919696455 -6.885790832e-20)
(0.9362058909 0.3708563817 1.849278315e-20)
(0.9264534356 0.3320819877 -2.341936176e-22)
(0.923930733 0.04103677626 4.166929633e-20)
(0.8688227188 -0.1915066811 4.795658661e-20)
(0.8159474031 -0.3671218447 -1.213534258e-19)
(0.8512787962 -0.4058980652 3.085656987e-20)
(0.9336655923 -0.1804756187 1.668927719e-20)
(1.040420449 0.01618837295 4.037362327e-20)
(1.087331865 0.3033727155 5.317794125e-20)
(1.028944532 0.431894818 -6.171394457e-20)
(0.9916508988 0.2018807857 2.132037753e-20)
(0.9366558862 0.0182760524 1.630225333e-20)
(0.9209414693 -0.3411871051 2.268745743e-19)
(1.010608405 -0.4210104945 -2.660230298e-19)
(1.102070526 0.1641481134 1.525968542e-19)
(1.025135353 0.4121976018 -2.954883473e-19)
(0.9662579239 -0.03423192155 6.75027085e-20)
(0.9702175223 -0.2209914979 1.018238135e-20)
(0.9962319652 -0.01962837671 -8.816817521e-21)
(0.9887507555 0.06318454728 -9.399116508e-21)
(0.974033346 0.004604200908 -1.812056718e-21)
(0.973866797 -0.01669578433 2.411400251e-21)
(0.9726011921 -0.004945291566 -9.51910883e-22)
(1.342239221 -0.03274361017 4.739575315e-20)
(1.346362774 -0.005921706385 -8.048507855e-20)
(1.350920185 0.02510080599 -7.823633628e-20)
(1.353474288 0.06072251217 -2.067840028e-20)
(1.351307551 0.1019501228 -7.576056064e-22)
(1.341612875 0.147836335 7.521392509e-20)
(1.321462751 0.1961614237 3.615312443e-19)
(1.288601264 0.2419637193 1.755901041e-19)
(1.242301495 0.2807815616 9.621462897e-20)
(1.184430218 0.3070916176 -2.072149813e-19)
(1.119198312 0.3176505606 -6.431900557e-20)
(1.049389578 0.3131961328 4.654137172e-20)
(0.9836617293 0.2915591892 2.546916828e-20)
(0.9196251243 0.2578567846 -9.225531018e-21)
(0.8620217372 0.2130470106 -7.605964494e-20)
(0.8215195659 0.1477012021 5.707531926e-20)
(0.7824254954 0.08376816985 2.803028452e-20)
(0.7071208169 0.03273262513 -1.730045746e-20)
(0.6326582137 -0.03094773094 -4.203567931e-20)
(0.6088541125 -0.1790009986 -1.309529636e-19)
(0.6337092965 -0.3899293401 -1.058506984e-19)
(0.7081938094 -0.4932517472 2.858113807e-19)
(0.8739861188 -0.3759254041 -1.284013072e-19)
(1.07042123 -0.09619937579 -3.722960816e-20)
(1.189260373 0.1215181582 3.143666521e-19)
(1.192616837 0.2789331369 -1.386692523e-19)
(1.122551698 0.3355325774 -2.150507191e-20)
(1.080942084 0.268819966 -3.559145162e-20)
(1.009335918 0.2764128193 1.747391385e-19)
(0.9450870395 0.3611688605 3.570714396e-20)
(0.9281554501 0.3216438755 6.930440509e-21)
(0.9129984501 0.02590578439 -1.691336487e-20)
(0.8569850598 -0.205218903 -9.233776451e-20)
(0.8052843621 -0.3689095505 1.059758283e-19)
(0.8501833875 -0.3936421256 -7.185634716e-20)
(0.9462325832 -0.1604796135 1.11198347e-20)
(1.060389297 0.03450823575 -8.480739467e-20)
(1.096457193 0.3076068704 -5.414792403e-20)
(1.027190222 0.4215661319 -9.82123532e-20)
(0.9805554636 0.1900173082 -1.390260846e-21)
(0.92100783 0.009968333566 -1.71660179e-21)
(0.9036217586 -0.3367791408 -2.714322259e-21)
(1.005636661 -0.4082647835 2.137844236e-19)
(1.106255063 0.168181357 -5.256356968e-20)
(1.019849744 0.4020136295 -1.585774519e-19)
(0.9539769112 -0.03944296397 6.405335334e-22)
(0.9619242219 -0.2187118991 -1.652920197e-21)
(0.9926898764 -0.01808789486 3.139078611e-21)
(0.9847729988 0.06192890133 9.92474591e-22)
(0.9692276093 0.003774884332 3.70783267e-21)
(0.9691973703 -0.0167404682 2.023486796e-21)
(0.9683954169 -0.005001109813 -1.940945143e-21)
(1.326095485 -0.02571479074 2.961929807e-20)
(1.329722297 -0.001181091671 -2.335637951e-20)
(1.332356662 0.02656799111 3.882477509e-20)
(1.33225109 0.0582043567 -4.205254699e-21)
(1.327273465 0.09370994395 9.242989602e-21)
(1.315491811 0.1317572363 -3.21126342e-20)
(1.295062731 0.1707348193 -1.163572565e-19)
(1.264549942 0.2069855186 -5.356089806e-20)
(1.224039419 0.2375224319 5.525573134e-20)
(1.174257774 0.2588599007 -1.347176585e-19)
(1.119126903 0.2685320046 4.609157556e-20)
(1.06018814 0.2673381955 2.65650579e-20)
(1.002323152 0.2516864081 -7.947406427e-21)
(0.9464709593 0.2242450697 4.188162226e-21)
(0.8935121337 0.1878631387 -3.200832168e-20)
(0.8497840509 0.1299122608 3.17675863e-20)
(0.8229051121 0.06182728085 1.997569919e-20)
(0.7789397414 0.00177785049 -2.523162779e-20)
(0.7192618714 -0.05482399876 5.383475627e-20)
(0.6772372857 -0.1798668301 -5.532239493e-20)
(0.6890058169 -0.3656524859 -3.085853087e-19)
(0.7875364936 -0.4372270921 1.867005315e-19)
(0.9849608066 -0.3020251442 -8.080513939e-20)
(1.162110967 -0.04354731098 4.034315311e-19)
(1.236759118 0.1353421408 -3.452407538e-20)
(1.215317042 0.2608861684 -7.63505524e-20)
(1.132494015 0.3160539327 -5.193028801e-20)
(1.086974985 0.2514833353 6.555786946e-20)
(1.020637646 0.2549053884 8.467593966e-20)
(0.9532342507 0.3494003755 -4.132857986e-21)
(0.9290606748 0.3187974767 1.895185562e-20)
(0.9061146218 0.01967404896 1.422434248e-20)
(0.8457848318 -0.2190014272 -1.292625495e-19)
(0.7951340404 -0.369321364 2.40107171e-19)
(0.8543221923 -0.3756536462 3.238277875e-20)
(0.9655235058 -0.1380038471 2.884478391e-21)
(1.077657513 0.04795118553 -1.068775312e-19)
(1.102575384 0.3024177191 9.592103796e-21)
(1.023359808 0.4103707473 6.181283036e-20)
(0.9700186246 0.1816091107 -1.133893581e-21)
(0.9038525684 0.004206356777 9.143243908e-20)
(0.8825807887 -0.3315007209 -1.656749237e-19)
(1.002409116 -0.390218637 1.973677582e-19)
(1.111180749 0.1690788055 8.84180051e-20)
(1.013557963 0.3905356047 -1.099624605e-19)
(0.9406680413 -0.04419333023 -4.974660479e-21)
(0.9525126582 -0.2153793501 8.572481513e-20)
(0.9888939651 -0.01669886619 -2.274972162e-20)
(0.9802849621 0.06036716509 1.31697217e-20)
(0.9638153867 0.002947666933 1.342369605e-20)
(0.9639733208 -0.01673805334 -4.384833997e-21)
(0.9637206981 -0.005038828411 9.7960423e-23)
(1.299948886 -0.02039735945 -2.646746215e-21)
(1.302478814 0.002065729962 5.071528242e-21)
(1.303336981 0.02685028222 7.142205955e-20)
(1.30135734 0.05428550953 -2.284260689e-20)
(1.295115438 0.08431941517 -1.198224659e-20)
(1.283193362 0.1158145563 1.963668666e-20)
(1.264413272 0.1478110078 -4.832798688e-20)
(1.237628048 0.1776472234 2.76679381e-20)
(1.203110825 0.2032475113 -1.364108957e-19)
(1.160991516 0.221971243 5.047156839e-20)
(1.114218037 0.2307367721 -8.125952113e-21)
(1.063988887 0.2301552911 7.749188339e-21)
(1.01366273 0.2167836911 2.433190482e-23)
(0.9656676103 0.1914807014 1.231750457e-20)
(0.9214787916 0.1586526556 -4.704056566e-20)
(0.8807902529 0.1087555688 2.1002883e-20)
(0.8577104253 0.04652352508 2.63629021e-20)
(0.8375140245 -0.01980525727 1.023321158e-20)
(0.8108921766 -0.07778967487 -1.915689644e-21)
(0.7801162484 -0.1843652135 -8.943205774e-21)
(0.7906278081 -0.3364522614 -3.03103252e-20)
(0.9101081239 -0.3682780688 -5.347115478e-21)
(1.109402524 -0.2274928018 1.541227869e-20)
(1.240521688 -0.001212172163 4.785213662e-19)
(1.26875075 0.1415036407 -2.256282198e-20)
(1.228822025 0.241288354 -7.889411582e-20)
(1.136753842 0.2929644578 1.03692445e-19)
(1.087341741 0.2325372468 -1.363364572e-19)
(1.028796276 0.2345996513 5.161603299e-20)
(0.9599272388 0.335032034 -4.809010643e-20)
(0.9270429563 0.3095877301 -2.204607426e-20)
(0.8977365877 0.005054375343 -2.448214525e-20)
(0.8337456198 -0.234031477 -2.648458397e-20)
(0.7872294233 -0.3662953584 -6.040926035e-20)
(0.866930583 -0.3529798747 -4.898760051e-20)
(0.9893161893 -0.1131290654 2.673698406e-20)
(1.09511748 0.06205085287 6.312780492e-21)
(1.109874796 0.2980435598 2.752954979e-21)
(1.01742455 0.3955481199 1.631176785e-19)
(0.9568385271 0.1691578481 -5.292104797e-20)
(0.8821382418 -0.005080459695 2.297995899e-19)
(0.8583315678 -0.3229484236 -3.724974117e-19)
(1.001162554 -0.3694284222 -3.75062558e-20)
(1.117242927 0.1711159793 -1.485726918e-19)
(1.005779978 0.3758508767 2.570407657e-19)
(0.9252322967 -0.04927835585 -4.61052299e-21)
(0.9422472563 -0.210825596 4.853112471e-20)
(0.9851966773 -0.01478880857 -2.548468535e-20)
(0.9753738219 0.05855755536 6.721163001e-21)
(0.9577902543 0.00199252943 1.317944814e-20)
(0.9582683169 -0.01668193463 -1.964374891e-21)
(0.9586726212 -0.005051054059 4.143735756e-22)
(1.271025884 -0.01670929907 -4.783334693e-20)
(1.27255898 0.003253587 -4.889907083e-21)
(1.272208862 0.02495392599 -1.086280204e-20)
(1.269195833 0.04839344212 -4.36748357e-20)
(1.262557145 0.07354232101 -8.170881567e-20)
(1.251289801 0.09945494777 -7.212180128e-20)
(1.23468586 0.1254704455 5.751183589e-20)
(1.211816837 0.1495953087 1.043140329e-19)
(1.183077666 0.1702142291 3.26241412e-20)
(1.148195875 0.1853986324 9.493606609e-20)
(1.109293128 0.1924560196 -7.207709069e-20)
(1.067383867 0.1920046896 4.847581728e-20)
(1.024740061 0.1809598563 2.963414422e-21)
(0.9836851962 0.159628277 -2.568041468e-20)
(0.9470203824 0.1314991313 -1.211121286e-19)
(0.9126156693 0.08785122519 6.864514724e-20)
(0.8912902701 0.03561452661 5.721517865e-20)
(0.8828129577 -0.02673464684 -1.952705531e-20)
(0.8822529134 -0.08598222857 -8.975188553e-22)
(0.8791225639 -0.1805204667 -1.473075025e-20)
(0.9136998131 -0.2991874705 -8.573285199e-21)
(1.043447609 -0.2942150406 8.016229473e-20)
(1.210518507 -0.1617450756 -1.552646298e-19)
(1.28762095 0.02302221327 -3.12492722e-19)
(1.27677961 0.1343845446 -6.795101598e-20)
(1.228653402 0.212871438 2.788030508e-19)
(1.135736546 0.2645988171 -4.748962088e-20)
(1.084242415 0.2124974076 -7.261065311e-20)
(1.036280485 0.2128310034 2.227555067e-20)
(0.9663913258 0.3170822617 -9.904017279e-20)
(0.921197716 0.2985543688 6.709621773e-21)
(0.8859096608 -0.009848760471 3.808191813e-20)
(0.8210338217 -0.2495804099 1.795623879e-19)
(0.7852959093 -0.3589733233 -1.107374749e-19)
(0.8890619442 -0.3245157805 -7.969253131e-20)
(1.017427815 -0.08593004491 1.327746812e-20)
(1.111946857 0.07563586223 5.775658152e-20)
(1.116227692 0.2890634302 1.426622609e-19)
(1.009506879 0.3768736271 8.174614149e-20)
(0.9396722138 0.1539151577 -5.520609071e-21)
(0.8556435738 -0.01537626072 2.648072223e-19)
(0.8329635913 -0.3115265004 -4.487932083e-19)
(1.002074037 -0.3439758163 1.803988791e-19)
(1.123979641 0.1719737078 -2.88784701e-19)
(0.9964232431 0.3580029606 4.401435207e-19)
(0.9071481787 -0.05500280808 2.524634443e-20)
(0.9315862615 -0.2047801928 -1.236616411e-19)
(0.9819864584 -0.0123397603 1.655354911e-20)
(0.9701784649 0.05639418182 -1.879413772e-20)
(0.9512570505 0.0008896269978 -1.501708874e-20)
(0.9522654393 -0.0165554544 1.298844445e-21)
(0.9534503077 -0.005024351331 4.651746725e-22)
(1.242270423 -0.01419202653 3.233851656e-20)
(1.24301532 0.003177083056 5.110443499e-21)
(1.241973737 0.02180826541 2.50872091e-20)
(1.238550444 0.0415668393 -2.951556439e-20)
(1.232094773 0.06240140429 8.737361393e-21)
(1.221895293 0.08352729642 1.002141311e-19)
(1.207572511 0.1044807633 4.512953994e-20)
(1.188371085 0.1237876622 -8.995305064e-22)
(1.164696453 0.140245957 -8.073500124e-20)
(1.1361025 0.1525440289 -1.018284019e-19)
(1.104204874 0.1583481367 -4.991185137e-21)
(1.069755092 0.1581108904 2.941065272e-20)
(1.03448338 0.1490330354 -5.147094519e-20)
(1.000437895 0.1310180295 -3.099550219e-20)
(0.9701464251 0.1073522976 9.715466854e-21)
(0.9428092313 0.06904058964 4.905198449e-20)
(0.9253977049 0.02649677916 4.753475303e-20)
(0.9215179128 -0.02695044995 -2.467317448e-20)
(0.9308333622 -0.08128610548 3.825854098e-20)
(0.947647419 -0.1591070038 -6.579501949e-20)
(1.009786918 -0.2459782047 -1.050269592e-20)
(1.132720075 -0.220236689 8.680073058e-20)
(1.254026636 -0.1115282155 -1.817287888e-19)
(1.291949634 0.03094062871 -2.436785501e-20)
(1.260905661 0.1184907671 -3.917388482e-20)
(1.216173166 0.1831811898 1.701130906e-19)
(1.130482463 0.2344493172 -3.341276391e-20)
(1.077274332 0.192579241 1.256157414e-19)
(1.040901643 0.1917080408 -5.249628692e-20)
(0.9725342932 0.2942251354 6.379592673e-20)
(0.9102005591 0.2822105256 3.470771068e-20)
(0.868671752 -0.02787876309 6.623401841e-20)
(0.8096964364 -0.2644741543 -3.454879111e-20)
(0.7940869076 -0.3450295608 6.300779959e-20)
(0.921116799 -0.2889807153 7.136685405e-20)
(1.049441986 -0.05745066158 -4.834568426e-20)
(1.126975505 0.08762280817 1.244303543e-20)
(1.121445245 0.2767435731 1.557776649e-19)
(0.999544272 0.353151215 -3.767002254e-19)
(0.9176845365 0.1345865461 -1.907245217e-20)
(0.8262493985 -0.02744014571 -7.577666047e-20)
(0.8087756693 -0.2964063477 2.183983269e-20)
(1.005052778 -0.3125248526 9.803838591e-20)
(1.13135641 0.1720602553 -1.037621096e-19)
(0.9854068893 0.3360202537 7.309320574e-20)
(0.886201252 -0.06159903093 2.93416784e-20)
(0.9212515549 -0.1967314445 -5.184226397e-20)
(0.9797996161 -0.009279979175 2.143046379e-20)
(0.9649608099 0.05375086321 -7.221643151e-21)
(0.9444745451 -0.0003822896495 -1.478711658e-20)
(0.9463186366 -0.01631992474 2.029313033e-21)
(0.9484111299 -0.0049404124 -5.028745594e-22)
(1.214654668 -0.0125272046 7.343256621e-21)
(1.214906069 0.002218645773 2.082566681e-20)
(1.213559666 0.0178684075 -2.477471775e-20)
(1.210138657 0.03425011429 1.848756871e-20)
(1.204219838 0.05129037382 3.422771483e-20)
(1.195292375 0.06834746621 5.958762397e-20)
(1.183187065 0.08506914897 -1.753778904e-19)
(1.167298697 0.1003922827 -1.09364044e-19)
(1.148040684 0.1133796407 -6.459729127e-20)
(1.124931862 0.123133218 2.916687935e-20)
(1.099246417 0.1277167695 2.159034962e-21)
(1.071467057 0.1274048161 -1.493747563e-20)
(1.042884458 0.1200564411 4.27877967e-20)
(1.015493096 0.1050360552 5.083347813e-20)
(0.9909218298 0.08574177078 -5.201176422e-20)
(0.9697235243 0.05318368924 -1.456335248e-20)
(0.9572932778 0.01957055632 4.245624647e-20)
(0.9555037672 -0.02427086508 -1.130946973e-20)
(0.9669772938 -0.07013313955 3.190195278e-20)
(0.990307908 -0.125737976 2.289115764e-20)
(1.059405918 -0.1849219406 1.994785106e-20)
(1.160433869 -0.1561340327 4.808815214e-20)
(1.242479864 -0.07732709488 -8.096885744e-20)
(1.264017553 0.02922012743 -7.296021383e-20)
(1.230751519 0.09966163142 4.066744031e-20)
(1.195605551 0.1544176505 -2.666072535e-20)
(1.122581982 0.2030434394 -6.604359417e-20)
(1.068651365 0.1724525406 -2.418126128e-20)
(1.041616872 0.1718375838 -6.778183696e-20)
(0.9788628709 0.2654984511 8.424217457e-20)
(0.89468434 0.2585064968 -3.110482259e-20)
(0.8429452457 -0.04763017216 -6.206388218e-20)
(0.8016164027 -0.2750658343 -2.161910132e-19)
(0.8168434131 -0.3217336102 -6.680285349e-20)
(0.9625269692 -0.246944055 1.011481506e-19)
(1.083669822 -0.02963936647 1.902205502e-20)
(1.138437396 0.09652465612 5.284391223e-21)
(1.124411508 0.2595714043 -2.963890873e-20)
(0.9877097879 0.3233127664 -3.632098322e-19)
(0.8915652187 0.1107934787 -6.772305521e-20)
(0.7980270206 -0.04065214907 -2.497646166e-19)
(0.7887400777 -0.2754818291 1.741298514e-19)
(1.009987813 -0.2744844105 7.363841037e-21)
(1.138705396 0.1704133214 1.691994176e-20)
(0.9727103327 0.3089256115 -9.864037591e-20)
(0.8626785986 -0.06888868016 3.448511492e-20)
(0.9124350431 -0.1860111291 4.926053545e-20)
(0.9793525718 -0.005562326661 -7.906565911e-22)
(0.96018253 0.05046200489 -5.585212387e-21)
(0.9379545381 -0.001840672712 -7.520386506e-21)
(0.9410361661 -0.01592060818 5.842653534e-21)
(0.9441394934 -0.004777401873 -4.751680724e-22)
(1.188601307 -0.01157112897 -4.347195445e-20)
(1.18857591 0.0006473136056 4.959116582e-21)
(1.187190456 0.01354055429 -3.84266863e-20)
(1.184032977 0.02690788735 3.345607803e-20)
(1.178851056 0.04065957693 -1.215220531e-20)
(1.171280215 0.05428588309 -1.213501657e-20)
(1.161286174 0.06749526115 -4.348757515e-20)
(1.148385675 0.0795289646 4.665642816e-20)
(1.132976698 0.08965436222 2.28295307e-20)
(1.114627551 0.09724428114 7.837640396e-20)
(1.094311738 0.100833112 -7.940619424e-21)
(1.072376469 0.1004329045 2.472950308e-20)
(1.049783033 0.09471238598 1.717269782e-20)
(1.028305181 0.08242400093 4.071970468e-21)
(1.009022056 0.0671308718 -3.800751189e-20)
(0.9929501216 0.04061634845 -1.069060512e-20)
(0.9848878368 0.01455334914 3.118613244e-20)
(0.9839154896 -0.02019960253 1.225400077e-20)
(0.9962929555 -0.05656420209 1.226934413e-20)
(1.018954723 -0.09206000073 1.502434892e-20)
(1.076652381 -0.1309143119 1.356742497e-20)
(1.151315216 -0.1066718313 5.899601774e-20)
(1.205969903 -0.05318185852 2.865186426e-20)
(1.224173731 0.02576404994 -7.742568582e-20)
(1.197064455 0.08230757977 2.370569957e-20)
(1.171436886 0.1292385708 -1.581982067e-20)
(1.112130888 0.1728394421 -7.517036983e-21)
(1.060601515 0.1521145234 3.451657442e-21)
(1.037888321 0.1539084298 -4.062656199e-20)
(0.9832960457 0.231545136 -1.598731974e-20)
(0.8799076322 0.223566767 -2.050414329e-20)
(0.8074416299 -0.06881443899 -1.783837379e-20)
(0.797423816 -0.2757657105 1.411461343e-19)
(0.8551085183 -0.2862533839 -8.544442517e-20)
(1.011173912 -0.1997809892 -7.800225133e-20)
(1.116987378 -0.004983788934 2.132132404e-20)
(1.144202404 0.100976693 -2.628362154e-20)
(1.12401783 0.2376458313 6.676063097e-20)
(0.9748569701 0.2865573106 1.242462427e-19)
(0.8643823368 0.08255706123 8.40476633e-20)
(0.7780045281 -0.05368755004 3.989221986e-20)
(0.7779037204 -0.2475881476 -1.979296605e-20)
(1.016917989 -0.2299831602 6.420787964e-20)
(1.145170977 0.1666811652 5.215659966e-20)
(0.9589460233 0.2758782257 -9.759522257e-20)
(0.8378761327 -0.07641888056 -3.254739486e-20)
(0.9069944896 -0.1718054149 -2.624665207e-20)
(0.9815196849 -0.001186369356 -1.383851608e-21)
(0.9565807967 0.04631234186 8.597516306e-21)
(0.9325907822 -0.003488330125 5.237004009e-21)
(0.9373815941 -0.01528647512 -2.69886888e-21)
(0.941519628 -0.004511311995 1.247460329e-22)
(1.164451916 -0.01113134348 1.226064827e-21)
(1.164252764 -0.001206680106 -1.081617281e-20)
(1.162914637 0.00920372637 -7.03614044e-21)
(1.160189973 0.01992557205 1.443819924e-20)
(1.155866811 0.03085414127 1.930601372e-20)
(1.14967227 0.04159814624 -2.827191901e-20)
(1.14164682 0.05191419977 1.571641341e-20)
(1.131415526 0.06126056674 3.656659022e-20)
(1.119337031 0.06908542819 6.510931187e-20)
(1.10505996 0.0749083901 4.168404569e-20)
(1.089335296 0.07774549863 -4.729043454e-20)
(1.072405017 0.07730438328 -1.31157113e-20)
(1.055045973 0.07304359162 -5.980538804e-20)
(1.038571892 0.06331945526 2.441955446e-21)
(1.024047197 0.05155251093 1.758953201e-20)
(1.012091225 0.03095769685 -4.957260535e-21)
(1.00730371 0.01124800147 -1.203510826e-20)
(1.006710807 -0.01513725194 -3.034945679e-20)
(1.018950919 -0.0423704345 -7.573151062e-21)
(1.038170547 -0.06382317521 -7.536325829e-21)
(1.079709969 -0.08836385633 3.918102435e-20)
(1.131994327 -0.06898436749 -1.361264814e-21)
(1.168046154 -0.03422885373 -4.422430392e-20)
(1.185160041 0.02421617361 2.481750605e-20)
(1.165096363 0.06824899574 -4.701809394e-20)
(1.147062284 0.1074513559 -1.765611734e-20)
(1.099275368 0.1448042244 3.177796312e-20)
(1.054110187 0.1314793653 -9.451154224e-21)
(1.031865297 0.1363137621 2.913109927e-20)
(0.9834631303 0.1941112777 -1.242911277e-20)
(0.8741597047 0.1776341508 -3.617977366e-20)
(0.7815892267 -0.08795079813 -1.418586892e-20)
(0.8157945528 -0.2580463653 1.322567039e-19)
(0.9145979039 -0.2369719253 2.04368543e-20)
(1.063417616 -0.1507685773 -2.543048593e-20)
(1.144619272 0.01362349798 -6.516663069e-20)
(1.14198896 0.0995336425 3.497456513e-21)
(1.119047784 0.2110417182 -2.323062348e-20)
(0.9627673235 0.2430955312 2.273176545e-19)
(0.8421844504 0.05116956898 -7.144006035e-21)
(0.7760703159 -0.06474508546 -1.900373347e-21)
(0.7838060604 -0.2130205328 4.573079084e-20)
(1.026569752 -0.1802798154 -5.066682181e-20)
(1.149422758 0.1601666702 -1.016082437e-19)
(0.945305895 0.2362467857 1.996362763e-20)
(0.8153672521 -0.08340965854 -6.894965794e-20)
(0.9077439039 -0.1533150741 -4.263506554e-20)
(0.987213038 0.003702481727 3.604816031e-21)
(0.9552164328 0.04103698299 -1.285433347e-21)
(0.9297913795 -0.005307540435 1.494215272e-20)
(0.9367501535 -0.01433332963 -6.913601005e-21)
(0.9417736165 -0.004123307107 8.594923041e-22)
(1.142276398 -0.01099864018 -2.146556644e-20)
(1.142063353 -0.003075977806 1.238858083e-20)
(1.140930537 0.005161476071 -6.587593781e-21)
(1.138674578 0.0136012592 -2.356694665e-20)
(1.135201888 0.02214456145 -7.559182431e-21)
(1.130302924 0.03049760608 -1.683979397e-20)
(1.12404537 0.03846411188 2.379278469e-20)
(1.116145703 0.04564843448 -2.310121363e-20)
(1.106908541 0.05166239279 -2.512003007e-21)
(1.096059172 0.05609700575 -5.028894917e-20)
(1.084203806 0.05838116021 -1.666215111e-20)
(1.071435747 0.0580174846 -1.495905041e-20)
(1.058518832 0.05502461478 -1.06142748e-20)
(1.046155668 0.04767979559 8.870547904e-20)
(1.035648722 0.0389693527 1.106174723e-20)
(1.026905794 0.02373530993 -1.342901946e-20)
(1.02431494 0.009356831696 5.459225988e-21)
(1.024057368 -0.009731239075 9.537482151e-21)
(1.034755147 -0.02884951848 9.902758139e-23)
(1.049627764 -0.04147729163 1.140411363e-20)
(1.077842257 -0.05637579646 2.236275772e-20)
(1.113278564 -0.04080489814 1.132330369e-20)
(1.136278972 -0.01904841375 -1.770696031e-20)
(1.151377085 0.02407822503 3.203250148e-20)
(1.136130736 0.0572526688 -1.873730662e-20)
(1.124245746 0.08851151003 1.858502647e-20)
(1.085224598 0.119503304 -3.215271535e-21)
(1.04801216 0.1115548092 -1.676033049e-20)
(1.026315589 0.1172657263 1.404756986e-20)
(0.9809276813 0.1548480193 5.716163837e-21)
(0.8826192209 0.1279663939 1.659366429e-20)
(0.7951298286 -0.09607141714 8.057409998e-22)
(0.8739273228 -0.2179533043 -2.59929128e-20)
(0.9880918492 -0.1800083742 -3.911297101e-21)
(1.106829267 -0.1069732751 7.604645089e-20)
(1.158825848 0.02353999312 -4.611151268e-20)
(1.130312134 0.09168930734 2.343960629e-20)
(1.108434825 0.1811147921 -9.584878189e-20)
(0.954351554 0.1950411595 3.248111512e-20)
(0.8338021658 0.01995599455 6.418383719e-21)
(0.8018915739 -0.07159347432 4.754315166e-20)
(0.8146216884 -0.1742819679 -2.229750261e-20)
(1.040004873 -0.1284258747 5.434946955e-21)
(1.149715002 0.1503744673 -1.949312346e-21)
(0.9340345698 0.1902270589 1.678690305e-19)
(0.8019975417 -0.08862928874 2.680753566e-20)
(0.9178890684 -0.1301948225 5.273915363e-20)
(0.9969346828 0.008716124421 8.567106543e-21)
(0.9573904824 0.03437481882 -5.495602095e-21)
(0.931509076 -0.007227524134 5.314588833e-21)
(0.9409100506 -0.01298760448 3.398653884e-21)
(0.9463674585 -0.00361564084 8.904855148e-23)
(1.122200054 -0.01103512321 2.689395059e-20)
(1.12201145 -0.004844470762 1.36665642e-20)
(1.121122689 0.001567748784 1.331301459e-20)
(1.119380503 0.008107508844 9.193390447e-21)
(1.116723662 0.01469294218 7.43870987e-21)
(1.112996797 0.02110917952 -2.306975617e-21)
(1.108277647 0.0272007399 -1.259916808e-20)
(1.102362695 0.03267818461 -1.851506854e-21)
(1.095503034 0.03728990044 1.789632459e-20)
(1.087477253 0.04067623458 2.727065607e-21)
(1.078793245 0.04257053452 -1.062644583e-20)
(1.069409797 0.04239328897 -7.503347185e-20)
(1.060097003 0.0404716208 5.586925499e-20)
(1.051052619 0.03524055268 6.35321597e-20)
(1.04370823 0.02913767081 -4.178405581e-20)
(1.037453624 0.01840167404 1.005299887e-21)
(1.036164655 0.008451780053 -2.279344799e-21)
(1.036109275 -0.004689240118 -1.664619175e-20)
(1.044531403 -0.01722002732 2.18362176e-21)
(1.055146525 -0.02440002529 1.405094583e-21)
(1.073814491 -0.03301974652 -1.472347291e-20)
(1.097082561 -0.02054444758 1.710462947e-20)
(1.110831905 -0.007210488703 -1.411413833e-20)
(1.123219795 0.02422617713 -9.839431714e-21)
(1.110749037 0.04860673411 4.613341836e-21)
(1.103238658 0.07229373543 2.927038277e-20)
(1.072025249 0.09676664069 -2.053342366e-20)
(1.041757379 0.09290096789 3.673200227e-21)
(1.021884126 0.09649548665 6.197214751e-21)
(0.980624706 0.1163326709 1.40244728e-20)
(0.9028508495 0.08428474025 8.0927383e-21)
(0.8444601654 -0.08867421182 -1.002204743e-21)
(0.9467501075 -0.1647611754 3.998105398e-21)
(1.044158572 -0.1279474433 1.454278088e-20)
(1.12362298 -0.07441044947 -4.572642363e-20)
(1.153648277 0.02463010755 5.70051262e-20)
(1.11111297 0.07823600782 3.498941047e-21)
(1.092261808 0.1495728034 7.730233536e-21)
(0.9523784376 0.1460612705 -7.209043073e-20)
(0.8476865588 -0.005272528912 -7.187632235e-21)
(0.857682354 -0.072092248 6.094216945e-20)
(0.8729783112 -0.1363773833 -1.435098972e-20)
(1.056962112 -0.07997105636 2.284609457e-20)
(1.143242472 0.1363697318 3.787923972e-20)
(0.9282436781 0.1397315868 -8.601339223e-20)
(0.806638491 -0.09019620051 -1.697517765e-20)
(0.939495285 -0.1028239742 2.435927591e-20)
(1.010251265 0.01325300826 -2.371355496e-20)
(0.9643706104 0.0262964419 4.803026503e-21)
(0.9399076998 -0.009057034078 -2.157562241e-21)
(0.9515621456 -0.01122108717 7.815761689e-22)
(0.9566124404 -0.003031278716 -6.732555621e-22)
(1.104244074 -0.01106516255 -1.681195887e-20)
(1.104134616 -0.006314320413 -9.649477109e-21)
(1.103491819 -0.001413245652 7.328826734e-21)
(1.102194959 0.003575849753 7.140027557e-21)
(1.100237998 0.008581804906 -6.853064639e-21)
(1.097525634 0.0134549422 -2.448788198e-21)
(1.094110232 0.0180770984 -2.478721371e-21)
(1.089840014 0.02223554866 1.662073113e-22)
(1.084911767 0.02578074412 2.442642631e-21)
(1.079161795 0.02840646003 -7.261036001e-21)
(1.072994855 0.03003351359 1.060324185e-20)
(1.066309133 0.03010447374 7.947282171e-21)
(1.059787694 0.02906685811 2.886751756e-21)
(1.05336965 0.02560651732 -1.465155077e-20)
(1.048376366 0.02166867761 1.566196817e-20)
(1.043980358 0.01450436624 -1.639091532e-20)
(1.043364738 0.008096225125 8.687112957e-21)
(1.043339828 -0.0004351341071 1.042521239e-20)
(1.049437843 -0.008023315241 -9.789555353e-21)
(1.056421665 -0.01187651146 -5.387498036e-21)
(1.06843563 -0.01635595311 -2.109019465e-20)
(1.083068386 -0.006734301974 1.56442856e-20)
(1.090564929 0.001680947465 -7.708216888e-21)
(1.099847401 0.02401106591 -1.293556811e-20)
(1.089447971 0.04131509648 1.189662249e-20)
(1.084332409 0.05885578769 -1.631147713e-20)
(1.06037581 0.076445034 6.684175547e-21)
(1.036108688 0.0758864406 3.594497911e-21)
(1.01826546 0.07597390227 -3.361762555e-22)
(0.9845649443 0.08253356922 -7.656868435e-21)
(0.9299174079 0.0528588775 -2.790110246e-21)
(0.9001745761 -0.07011881217 2.386924543e-23)
(0.9949275026 -0.1136954465 -7.926721743e-21)
(1.062638774 -0.08932634874 1.116006143e-20)
(1.112930458 -0.05252995035 -4.801886083e-20)
(1.132841588 0.02065864147 2.370303577e-20)
(1.090094951 0.0618477601 1.225018311e-20)
(1.072912097 0.1185734229 -1.087930076e-20)
(0.9571075247 0.1013825086 1.661183591e-20)
(0.882225973 -0.01899986528 -3.778727411e-21)
(0.926778401 -0.06481898602 -4.657505884e-20)
(0.944584474 -0.1046848486 6.122897068e-21)
(1.072965311 -0.04172216258 -5.193983798e-21)
(1.126258875 0.1174095928 1.990900016e-20)
(0.9307126422 0.0887093048 -5.746710222e-20)
(0.837125772 -0.08726109121 5.638682123e-21)
(0.9721369408 -0.07360453443 -1.540065203e-20)
(1.02535026 0.01618575128 -2.716429266e-20)
(0.9766602308 0.01709640621 7.368906393e-21)
(0.9563487159 -0.01052431344 2.985729233e-21)
(0.9693183839 -0.009136446989 -6.081756728e-22)
(0.9728160453 -0.002479823026 4.593626082e-22)
(1.088269177 -0.0109708359 -1.803466617e-20)
(1.08824688 -0.007375053429 2.674926153e-21)
(1.087836591 -0.003675078115 -6.126861368e-21)
(1.086965394 8.261426248e-05 -9.51245207e-21)
(1.085618525 0.003841261621 -1.579519837e-22)
(1.083736648 0.007503899011 -1.66044669e-21)
(1.081364958 0.0109905785 -2.960769811e-21)
(1.078411147 0.01414705601 1.075660891e-20)
(1.074997552 0.01688936417 1.223445149e-20)
(1.071030498 0.01897038239 8.137097571e-21)
(1.066787024 0.02041246486 -2.251499527e-20)
(1.062186012 0.0207358008 -9.823247001e-21)
(1.057747771 0.02039623377 2.170472924e-20)
(1.05332574 0.01834186893 1.560373619e-20)
(1.049985804 0.01610196055 1.039813606e-20)
(1.046968332 0.01165002757 -2.939766052e-20)
(1.046588615 0.00792169509 -5.856944774e-21)
(1.046455578 0.002726475893 2.009587327e-20)
(1.050591815 -0.001335429899 -2.472162943e-21)
(1.054766792 -0.003175541576 1.145804548e-20)
(1.06216477 -0.004953940929 1.928029371e-21)
(1.070727561 0.002102001878 4.174846723e-21)
(1.074497093 0.007694920038 -1.73169928e-21)
(1.08043548 0.02317259528 -2.48007153e-21)
(1.072169267 0.03480164931 4.39670903e-21)
(1.06797603 0.04783011513 -8.567169831e-21)
(1.05015195 0.0589960753 5.509491064e-21)
(1.031621715 0.06050614594 -5.561776691e-21)
(1.015605295 0.0577696803 -2.85042392e-21)
(0.9911915738 0.05650227158 2.460104497e-21)
(0.9566152689 0.03295598226 3.23098142e-21)
(0.9432765852 -0.04888156344 -3.435031252e-21)
(1.01327744 -0.07338877343 -4.453232253e-22)
(1.056328445 -0.0627716532 -1.644213595e-20)
(1.090944654 -0.0364353657 1.434072561e-20)
(1.105539235 0.01616161215 -9.136340489e-21)
(1.071775821 0.04566178485 9.59959652e-21)
(1.05449882 0.09037017727 -2.229456891e-20)
(0.9667593222 0.06593720759 4.199611563e-21)
(0.9239920547 -0.02030232504 5.231589464e-22)
(0.9795808011 -0.05035119331 -2.796227202e-20)
(1.00053175 -0.08070909439 4.228254997e-21)
(1.080809118 -0.01736768355 -1.871535923e-21)
(1.098157618 0.09470400239 1.220301287e-20)
(0.9408964146 0.04384029443 6.051291547e-21)
(0.8914351032 -0.07962920172 -4.285086112e-21)
(1.0096753 -0.046926351 6.172621792e-21)
(1.038105623 0.01610949224 8.15142394e-21)
(0.992527991 0.007596458047 1.191240556e-20)
(0.9794214342 -0.0113358544 1.054931053e-21)
(0.9920430093 -0.007040351465 -1.266006088e-21)
(0.9930329949 -0.002139614748 -7.223628223e-23)
(1.074182501 -0.01068435832 -1.734932121e-20)
(1.074251102 -0.00800035403 -2.649481019e-21)
(1.074045999 -0.005246276529 -1.968288406e-21)
(1.073515876 -0.002446123696 -4.693173362e-21)
(1.072649153 0.0003565494009 6.91922074e-22)
(1.071426412 0.003099787562 3.952359359e-21)
(1.069861291 0.00572704728 7.857455173e-21)
(1.067919455 0.008135268615 -2.16716101e-21)
(1.065655039 0.01027995949 -1.15682129e-20)
(1.063035937 0.01197238965 -1.10133504e-21)
(1.060214031 0.01328070676 -1.336058706e-21)
(1.057171939 0.01381519603 5.368938671e-21)
(1.054225449 0.01399350025 7.335978327e-21)
(1.051281472 0.01299144904 1.636602981e-20)
(1.049064678 0.01199295708 -1.672351774e-20)
(1.047004436 0.009489470392 -1.505869729e-20)
(1.046700141 0.007679461364 9.740063479e-21)
(1.04638876 0.00474755844 1.655724411e-21)
(1.048897142 0.00300338292 -5.037974265e-21)
(1.051096759 0.002346343826 -1.244344172e-21)
(1.055467133 0.002209705213 -6.539679333e-21)
(1.059869583 0.007191069046 -3.058805019e-21)
(1.061606767 0.01109509533 1.978244442e-21)
(1.064433968 0.02164755439 6.752374624e-22)
(1.058299612 0.0289432491 1.308666146e-21)
(1.054422541 0.03866664043 -3.019174795e-21)
(1.041308901 0.04462047614 -6.847421245e-21)
(1.028056625 0.0470699367 5.883996628e-21)
(1.014164356 0.04284865774 3.332253556e-21)
(0.9981073539 0.03808857504 -1.754260198e-21)
(0.9775054837 0.02111161763 3.873527001e-23)
(0.9722303345 -0.03133920636 2.152163534e-21)
(1.017011472 -0.04474425048 1.185033433e-21)
(1.044109225 -0.04340622572 -7.859564993e-21)
(1.070173343 -0.02361328406 1.241793106e-20)
(1.078728288 0.01254390446 -1.747382206e-21)
(1.05696154 0.03172516676 5.957639491e-21)
(1.040064805 0.06637389764 -2.482875912e-21)
(0.9782830748 0.04098136282 5.323968347e-22)
(0.9594942166 -0.01485819745 1.956652299e-22)
(1.002696223 -0.0340779733 7.227069218e-22)
(1.025186237 -0.06231904542 3.13485627e-21)
(1.077676737 -0.005531496881 1.132193433e-21)
(1.066065484 0.07118978495 -3.667608158e-21)
(0.9552070467 0.01259640193 -5.535263124e-21)
(0.9508813471 -0.06670986278 -6.973781133e-21)
(1.038748913 -0.02681733281 -1.544754821e-21)
(1.042973349 0.01251653837 -8.156624176e-21)
(1.00752949 -0.0004852730482 -2.204585359e-21)
(1.003450057 -0.01107676323 -1.632949483e-21)
(1.013816751 -0.005293540917 -1.708097657e-21)
(1.012411465 -0.002148314316 1.237142723e-21)
(1.061828904 -0.01015475681 -4.705881895e-21)
(1.06197418 -0.008170874251 1.301849288e-20)
(1.061929931 -0.006136046185 8.562295037e-21)
(1.061671581 -0.004060581881 -3.146481343e-21)
(1.061175811 -0.001980413299 1.655300196e-21)
(1.060445588 7.027639736e-05 -1.404102425e-21)
(1.059478776 0.002052706458 -6.640147468e-21)
(1.05828134 0.003902188519 -2.726799799e-21)
(1.056851817 0.005597896916 7.179556236e-21)
(1.055211581 0.007002821638 -1.279346357e-21)
(1.053405732 0.008195047305 1.966450553e-21)
(1.051478794 0.008876520293 -7.004258968e-21)
(1.049573461 0.009398252049 -1.14163965e-20)
(1.04767547 0.009127888084 -1.175702404e-20)
(1.046201912 0.008974036499 9.093104957e-21)
(1.044802644 0.007798413786 -4.005390649e-23)
(1.044485706 0.00724018004 -4.113423145e-21)
(1.044050006 0.005837505763 5.607318783e-21)
(1.04540212 0.005457000616 2.038504987e-21)
(1.046219072 0.005465969871 2.051376705e-21)
(1.048589144 0.006175196748 -1.298749006e-23)
(1.050288438 0.009655101908 -6.537853267e-21)
(1.050979729 0.01245191088 2.21241659e-21)
(1.051494278 0.01952128694 -2.064502548e-22)
(1.047146253 0.0237822116 -3.622553318e-21)
(1.043498456 0.03085745335 -2.251592037e-21)
(1.033947132 0.03334800465 7.717624415e-21)
(1.024960349 0.03572400335 2.276278802e-21)
(1.013561379 0.0313107089 -1.029626308e-20)
(1.003932225 0.02576846289 2.94645415e-21)
(0.9915326105 0.01421869695 -1.292509298e-21)
(0.9904924651 -0.01853265961 4.020175704e-21)
(1.016513158 -0.02557851884 4.294108431e-21)
(1.033494279 -0.02870463785 -8.518192096e-21)
(1.053529357 -0.01392377718 7.385736245e-22)
(1.056053567 0.009664563577 -5.301029478e-21)
(1.044823856 0.02114655368 3.190662609e-21)
(1.029848561 0.04705012636 -2.940297118e-21)
(0.9881415897 0.02481533331 2.468441551e-21)
(0.9835269766 -0.008972930878 -4.020281457e-22)
(1.006829758 -0.02112854783 1.122223922e-21)
(1.027794742 -0.04677905452 -5.260510952e-22)
(1.066755267 -0.001375729919 -3.004005816e-23)
(1.040068852 0.04966426888 3.491919948e-21)
(0.9705331456 -0.0033179301 -1.080609774e-20)
(0.99354307 -0.05072456759 2.480152164e-21)
(1.048965605 -0.01495832864 -5.58029025e-21)
(1.039122726 0.006838860632 1.363443125e-20)
(1.017942446 -0.005442371337 -3.947740667e-21)
(1.021137375 -0.009673980024 -8.143945534e-22)
(1.027831885 -0.004164576305 -1.317935189e-21)
(1.025464683 -0.002457862498 2.129579345e-22)
(1.051070435 -0.009382522975 -2.350992055e-21)
(1.051271279 -0.007927896557 -3.73969576e-21)
(1.051344496 -0.006433704198 8.55140773e-23)
(1.05128063 -0.00490247784 5.420622712e-21)
(1.051057024 -0.00335891303 -9.642190721e-22)
(1.050684294 -0.001823914081 -2.113130839e-22)
(1.050140894 -0.0003219964768 -3.455674913e-22)
(1.049460998 0.001107220738 2.610521457e-21)
(1.048615858 0.002459676535 1.41289003e-21)
(1.047653224 0.003638052067 3.591184067e-21)
(1.046548804 0.004714370785 -1.240775313e-20)
(1.045385301 0.00547120099 -1.235835443e-20)
(1.044186099 0.006180012095 1.211864173e-20)
(1.042997098 0.006381342873 1.15285817e-20)
(1.042009759 0.006731534309 4.169673074e-21)
(1.041049955 0.006412983126 -1.382771775e-20)
(1.040703155 0.006588087604 8.627327446e-21)
(1.040190263 0.006156112555 -3.419623798e-21)
(1.040760317 0.006513190961 3.024896279e-21)
(1.04074271 0.006917892582 4.142031243e-21)
(1.04184326 0.007922914418 2.194856935e-22)
(1.041975882 0.01034526344 -1.967949616e-21)
(1.042048011 0.01233125734 8.365995429e-21)
(1.04120867 0.01695758063 -2.849803358e-21)
(1.038139549 0.01932067202 -9.528814098e-21)
(1.034830069 0.02416100118 5.14275481e-21)
(1.028004121 0.02481000848 3.3428606e-21)
(1.022070137 0.02652709356 7.306521611e-22)
(1.013251696 0.02272169638 -1.653374771e-21)
(1.007905032 0.0178167613 -1.522235937e-21)
(1.00009037 0.01022944764 -5.813274679e-24)
(1.001090995 -0.009667509196 1.941842642e-21)
(1.015075239 -0.01334478706 -2.317558499e-21)
(1.025419689 -0.01765333864 -7.197732468e-21)
(1.040227711 -0.007189632795 8.457421701e-22)
(1.038856759 0.007403106925 6.429198326e-22)
(1.034508516 0.01384787351 8.826271333e-23)
(1.022615291 0.03205761248 -1.962891611e-21)
(0.9951202421 0.01483493222 2.996953508e-21)
(0.9971657364 -0.004947477101 -1.449144009e-21)
(1.005877487 -0.01255377882 -5.707514747e-23)
(1.02290018 -0.03315273061 4.348323456e-22)
(1.05245897 -0.0006837035927 3.139315643e-22)
(1.024240092 0.03193646196 -2.158783928e-21)
(0.9841775546 -0.008543091377 6.542946872e-21)
(1.013271958 -0.03587077868 -2.89473502e-22)
(1.043966143 -0.009740826729 -4.017050162e-21)
(1.032023994 0.001651262599 3.466951542e-21)
(1.023022259 -0.007039809402 1.309967998e-21)
(1.028994957 -0.007777100006 4.383844132e-22)
(1.032172398 -0.003624701954 6.748671724e-23)
(1.030462577 -0.002787327508 -1.399307811e-21)
(1.041789492 -0.008386201869 -1.539721876e-20)
(1.042023571 -0.007326490634 1.82914572e-21)
(1.042174099 -0.006233653571 1.741242208e-21)
(1.042238526 -0.005107096314 1.945847474e-21)
(1.0421981 -0.003962203402 7.52852119e-22)
(1.042066002 -0.002810219729 -5.922483537e-22)
(1.041817069 -0.001666626728 7.527056448e-22)
(1.041479554 -0.0005563450573 1.227510705e-21)
(1.0410205 0.0005231343694 -4.51048959e-22)
(1.040501386 0.00151084811 9.153266681e-21)
(1.039864939 0.002459730587 -1.718513754e-21)
(1.039198887 0.003224823667 -7.998601361e-21)
(1.038466502 0.003992822778 6.053750716e-21)
(1.03774138 0.004459217238 1.287107251e-20)
(1.037074565 0.005053800599 -1.120183179e-20)
(1.036405636 0.005240033281 -1.667018e-20)
(1.036038604 0.005769745625 7.215245112e-21)
(1.035511878 0.005904973035 2.358665417e-21)
(1.035586959 0.006565653836 7.951381512e-22)
(1.0351509 0.00716315955 1.063686885e-21)
(1.0354519 0.008167851246 -2.481942736e-22)
(1.034831061 0.009864385449 -3.125972974e-21)
(1.034495722 0.01126492071 7.245677995e-21)
(1.033091553 0.014189334 3.424695979e-21)
(1.03084898 0.01548990056 -3.738573898e-21)
(1.028014903 0.01853180884 -3.63037573e-21)
(1.023234155 0.01843454536 -1.656841875e-21)
(1.019270684 0.01939101877 6.273669903e-21)
(1.012881534 0.01650198163 2.483876029e-22)
(1.009980998 0.01272768978 -3.280765186e-21)
(1.004867696 0.007795043153 -1.084057369e-21)
(1.006435634 -0.003869929798 1.051899563e-22)
(1.01336538 -0.005907275781 3.414713332e-22)
(1.019364181 -0.009729330624 -1.746610903e-21)
(1.02948658 -0.002892958884 1.059779353e-21)
(1.0267868 0.005678544142 1.447474983e-22)
(1.025682863 0.009088241641 -2.888646204e-22)
(1.017151636 0.02088578998 -1.72701905e-21)
(0.9996355694 0.008921345317 1.883211887e-22)
(1.003449753 -0.002604997276 1.180227294e-21)
(1.005164199 -0.00742804575 1.528172202e-22)
(1.017523254 -0.02209548617 -2.596454398e-22)
(1.038196913 -0.001176463908 4.229760011e-22)
(1.016184329 0.01879174918 -7.860783966e-21)
(0.994234757 -0.008748082643 9.273609503e-21)
(1.017844058 -0.02454861679 -2.679069743e-22)
(1.034036392 -0.007779135732 4.718055877e-21)
(1.026051292 -0.00160731051 -6.333115652e-21)
(1.023759364 -0.006695660091 -5.098434724e-21)
(1.02924453 -0.006172836369 2.641011066e-22)
(1.030396229 -0.003388230451 1.753807601e-21)
(1.029928051 -0.00291629661 2.057776787e-22)
(1.033881429 -0.00723154839 -1.612969422e-21)
(1.034127151 -0.006465941059 -4.447539305e-21)
(1.034320387 -0.00567176619 -3.843333915e-21)
(1.03446052 -0.004847391793 2.021796487e-22)
(1.034533425 -0.004001543722 -3.780635154e-22)
(1.034549816 -0.003139815473 -9.217925503e-22)
(1.034488387 -0.002270859081 -3.81251696e-22)
(1.034373376 -0.001408639075 -9.341499819e-22)
(1.034166494 -0.0005528626717 -1.51502377e-21)
(1.033919578 0.000262485781 -1.012487252e-22)
(1.033584731 0.001072059883 -4.478842017e-21)
(1.033228118 0.001788248242 -2.322614004e-21)
(1.032796982 0.002523531436 6.740354938e-21)
(1.032363151 0.003097215065 7.966992601e-23)
(1.031911452 0.003761273129 -1.039206174e-20)
(1.03143835 0.004196784226 5.217507771e-21)
(1.03107548 0.004841540976 3.418136423e-21)
(1.030583413 0.005253401598 7.395450795e-22)
(1.030377502 0.005974073187 9.915079059e-22)
(1.029793663 0.00661591103 2.63712951e-21)
(1.029624334 0.007492982741 1.068439948e-21)
(1.02875432 0.008675318543 -9.007858376e-21)
(1.028161518 0.009660835847 9.623567845e-21)
(1.026688722 0.01143792118 9.656389395e-23)
(1.024965551 0.01217254818 -6.675869528e-21)
(1.022662258 0.01392645528 1.834753947e-21)
(1.019351115 0.0136382396 -2.703593304e-21)
(1.016623023 0.01402868154 -1.466946693e-21)
(1.01223355 0.01200235007 9.672634872e-23)
(1.010555716 0.009395493555 3.205472252e-21)
(1.007153584 0.006215123207 -3.109371355e-22)
(1.008439235 -0.0003782756211 -2.268099827e-21)
(1.011561779 -0.001586809294 8.840047919e-22)
(1.01479412 -0.004442348774 1.417331261e-21)
(1.021022732 -0.0003743724678 -6.574204684e-23)
(1.018554806 0.004394949066 -2.009581773e-22)
(1.018393077 0.006029021192 6.623404184e-22)
(1.012868133 0.01303414529 -1.028655469e-21)
(1.00221317 0.005413323416 -2.067798867e-22)
(1.005417517 -0.001356087017 2.008945622e-21)
(1.00490687 -0.004419058264 2.810587642e-22)
(1.013099973 -0.0139589968 -3.934123705e-22)
(1.026177412 -0.001664987368 3.012081513e-22)
(1.012070334 0.009934510971 1.855069336e-21)
(1.000383026 -0.007308937783 4.575585437e-21)
(1.016293315 -0.0166137176 -5.081170117e-21)
(1.025208584 -0.006694452583 3.994034748e-21)
(1.021604996 -0.003163739146 7.109326908e-21)
(1.021863055 -0.005784117543 3.934765061e-22)
(1.026140363 -0.004966730318 1.612613558e-23)
(1.026609255 -0.003134833357 -1.520653649e-21)
(1.027113809 -0.002810135157 3.134872462e-22)
(1.027288064 -0.005931052242 3.838645454e-21)
(1.027531165 -0.005384752341 -7.070726056e-22)
(1.027741281 -0.004814168871 -5.503786088e-21)
(1.027918218 -0.004217730564 -3.237966293e-22)
(1.028052505 -0.003599997525 6.420659983e-22)
(1.028151007 -0.00296347912 3.813229214e-22)
(1.028198287 -0.002312697547 1.309868646e-22)
(1.028209622 -0.00165475326 -5.912776579e-22)
(1.028158767 -0.0009889828399 3.615594089e-22)
(1.02807437 -0.0003355789031 1.259342887e-22)
(1.027920706 0.0003258199207 2.792178695e-22)
(1.027748641 0.0009478692313 1.686880857e-21)
(1.027505844 0.001591323196 1.122683324e-22)
(1.02724859 0.002157150862 -1.692299814e-21)
(1.026942146 0.002780897046 1.721990757e-23)
(1.026604379 0.003286592921 1.084667136e-21)
(1.026273206 0.003908572784 -4.20437186e-21)
(1.025841279 0.004399119295 -2.938290678e-21)
(1.025508107 0.005054584733 3.303844852e-21)
(1.024920355 0.005639978143 1.500336981e-21)
(1.024518601 0.006346044703 -2.877824609e-21)
(1.023652205 0.007158910182 -7.548283304e-21)
(1.022946469 0.007847149201 1.498063563e-20)
(1.021637319 0.008890985711 1.856312008e-21)
(1.020255953 0.009316757117 -5.528875827e-21)
(1.018460422 0.01025622481 1.194916035e-21)
(1.016142417 0.009973458127 -3.851557378e-21)
(1.01421801 0.01005661681 2.652453025e-21)
(1.011253891 0.008704085598 -1.457176061e-21)
(1.010145018 0.007036982757 5.636779158e-22)
(1.007843788 0.005047044681 2.018257456e-22)
(1.008551548 0.001386483169 -7.913485919e-22)
(1.009758532 0.0006633499165 -5.676680874e-22)
(1.011274807 -0.001273363032 1.132448278e-21)
(1.014669619 0.0009166971062 -3.986747526e-22)
(1.012918515 0.003395675602 -7.580593885e-22)
(1.012734989 0.0040190579 6.181628344e-23)
(1.009465251 0.007810995675 -2.099365183e-22)
(1.003233667 0.003269767784 -5.676359304e-22)
(1.005330269 -0.0007273340338 2.20691286e-22)
(1.004528606 -0.002635449649 -4.021371626e-22)
(1.009593196 -0.008467649821 5.987006137e-23)
(1.017235498 -0.001838426219 -1.534310562e-22)
(1.009472532 0.004453026204 1.674049409e-21)
(1.003419931 -0.005678742984 -4.060669487e-21)
(1.013387326 -0.0111423076 -3.990430798e-21)
(1.018686668 -0.005638016273 3.440169388e-22)
(1.017956465 -0.00362836529 7.374734797e-22)
(1.018965579 -0.004803905987 1.8355609e-21)
(1.022427078 -0.003980116576 7.748002197e-22)
(1.0227986 -0.002746424898 -1.021785833e-22)
(1.023888481 -0.002510718582 -8.121107651e-22)
(1.021937136 -0.00462619201 -5.920378053e-21)
(1.022167211 -0.004245535082 -2.767079737e-21)
(1.022378512 -0.003844793758 2.165232121e-21)
(1.022570058 -0.003422756944 1.12585901e-21)
(1.022734991 -0.002981616086 -2.614521413e-21)
(1.022876648 -0.002522178274 -5.629844725e-22)
(1.022984224 -0.002046745955 1.549063277e-21)
(1.023066339 -0.00155850403 7.261816193e-22)
(1.023104107 -0.001057448133 -1.778716776e-22)
(1.023115347 -0.0005531650478 2.269860643e-22)
(1.023072166 -3.747834865e-05 6.741634746e-22)
(1.023004214 0.0004665788479 2.889504839e-22)
(1.022876533 0.00098873046 -8.0864221e-22)
(1.022725687 0.001477466811 7.446746749e-22)
(1.022516285 0.002001219035 2.405814543e-22)
(1.022270262 0.002466735715 -2.28071049e-22)
(1.02198678 0.002993921206 1.553692524e-21)
(1.021624654 0.003446857858 1.453947083e-21)
(1.021263731 0.003982459885 1.318521045e-21)
(1.020735069 0.004460246974 1.53694805e-22)
(1.020255078 0.004994024853 -3.636052235e-21)
(1.019488385 0.005542242125 -3.482857136e-21)
(1.01877415 0.006012482952 5.216551158e-21)
(1.017697285 0.006616344085 -2.177444223e-21)
(1.016566855 0.00686570446 -5.474255867e-22)
(1.015203561 0.007348474899 7.627122245e-22)
(1.013532625 0.007129803149 -3.882167619e-21)
(1.012146383 0.007099563655 2.312148112e-21)
(1.010116978 0.006248347534 -4.643594256e-22)
(1.009266402 0.005244727761 7.932279925e-22)
(1.007655044 0.004068248547 -1.932510788e-23)
(1.007822826 0.002056409733 -5.299779e-22)
(1.008051514 0.001624658918 -9.566050647e-22)
(1.008562398 0.0003921552291 6.520404104e-22)
(1.010113983 0.00142257821 5.110792958e-22)
(1.008986592 0.002598342273 2.203784827e-22)
(1.008598736 0.002708313117 6.804737457e-22)
(1.006810917 0.004555007089 1.639678638e-22)
(1.003235852 0.001960102427 -6.529743582e-22)
(1.004478717 -0.0003706409264 -3.04838118e-22)
(1.003850821 -0.001549153874 9.621153471e-22)
(1.006863484 -0.004939653932 8.956130399e-23)
(1.011087078 -0.001681815646 -3.044590656e-22)
(1.007441588 0.001418067548 -6.615554021e-22)
(1.00447494 -0.00423532245 1.245324682e-22)
(1.010701534 -0.007327297174 -7.531187079e-22)
(1.014028215 -0.004484942429 6.698404465e-22)
(1.014855056 -0.003410095365 -1.509984479e-22)
(1.016044228 -0.003853276149 -1.452476456e-21)
(1.019075024 -0.003126674906 -8.586595598e-22)
(1.019506962 -0.002265233814 5.421178778e-22)
(1.020965703 -0.00209503219 -4.209939217e-22)
(1.017828188 -0.003185292874 -1.90287087e-22)
(1.018038495 -0.00293878328 -3.639361878e-22)
(1.018237456 -0.002678016835 -4.700866094e-22)
(1.018423932 -0.00240197323 -3.979183564e-22)
(1.018593213 -0.002111470473 2.013854249e-21)
(1.018746761 -0.00180655655 1.899223318e-21)
(1.018877233 -0.00148839761 -1.572692923e-21)
(1.018988977 -0.001158190834 -9.394586338e-23)
(1.019069433 -0.0008160936842 6.27189335e-23)
(1.019128398 -0.0004664576463 6.104536028e-23)
(1.019146733 -0.0001053097091 -7.649204701e-23)
(1.019141735 0.0002558395835 -1.603906637e-21)
(1.019086281 0.0006307489935 1.227909679e-21)
(1.019002845 0.0009939487068 2.183393665e-22)
(1.018862998 0.00137769141 -7.835263447e-22)
(1.018683817 0.001734054691 4.805671976e-22)
(1.018449965 0.002121243525 1.003269207e-22)
(1.01815054 0.002467232414 -1.66359929e-21)
(1.017809782 0.002851340815 -3.633751727e-22)
(1.017356242 0.003192855965 8.985238858e-22)
(1.01688228 0.003556072205 3.350774424e-21)
(1.016236629 0.003901364418 -2.254840511e-21)
(1.015571431 0.004197383122 -1.31467005e-21)
(1.014704465 0.004529483432 7.803684366e-22)
(1.013761869 0.00466601062 2.718180404e-21)
(1.012718554 0.004896372658 7.104392625e-22)
(1.011454676 0.004747077641 -2.083530387e-21)
(1.010411393 0.004686965818 -3.456622247e-23)
(1.008947853 0.004188602776 -1.879824861e-21)
(1.008220531 0.00361936709 7.811032452e-22)
(1.007013172 0.00296640842 -8.497335421e-23)
(1.00682755 0.001907890994 3.766253005e-22)
(1.006578489 0.001641929528 -1.352215978e-22)
(1.006549525 0.0009165805747 9.378131339e-22)
(1.00700789 0.001310643459 -1.161414773e-21)
(1.006258281 0.001781121263 -7.568306106e-22)
(1.005718614 0.001688261664 8.927292893e-22)
(1.00477609 0.002461220565 3.585852777e-22)
(1.002706971 0.001076397121 -3.968038163e-23)
(1.003447026 -0.0001983289564 -1.124528183e-22)
(1.002990178 -0.0009023313435 7.745138507e-22)
(1.004821103 -0.00273769426 2.776731514e-22)
(1.007086712 -0.00129831648 -1.455707777e-22)
(1.005749899 3.708637424e-05 -2.79165472e-22)
(1.004437916 -0.002919274229 4.378801166e-22)
(1.008542732 -0.004538446568 -6.76838328e-22)
(1.010733284 -0.003193474628 1.482636069e-21)
(1.012299548 -0.002676631925 1.235816024e-21)
(1.013502924 -0.002773854919 1.314039807e-22)
(1.01628333 -0.002219953176 1.099250827e-22)
(1.016804849 -0.001617642229 -4.061541566e-22)
(1.018498488 -0.001509767499 1.162564223e-22)
(1.015007743 -0.001873570268 -1.228633222e-20)
(1.015212588 -0.001725382242 -5.777824462e-22)
(1.01540731 -0.001567443834 6.523709624e-21)
(1.015591493 -0.001399571358 -2.293773986e-21)
(1.015763008 -0.001222210699 -4.427743452e-21)
(1.015922855 -0.001035366252 1.828208232e-22)
(1.016065471 -0.0008395153226 2.544413201e-21)
(1.016192014 -0.0006350745587 2.786571586e-22)
(1.016292551 -0.0004222675845 -1.348665334e-21)
(1.016371047 -0.0002029003113 -8.111295039e-22)
(1.016413157 2.424051564e-05 -1.218377861e-22)
(1.016428819 0.0002542236113 -6.058987428e-22)
(1.016400965 0.000492419739 5.164500064e-22)
(1.016343456 0.0007273134987 9.977430935e-22)
(1.016234887 0.0009722511763 -2.279886285e-21)
(1.01608857 0.00120561336 -6.479911642e-22)
(1.015886603 0.001451997677 5.603121339e-21)
(1.015629153 0.001677675076 1.031174734e-21)
(1.015313956 0.001917150757 8.016254014e-22)
(1.014916642 0.00213047761 -4.360071415e-21)
(1.014466677 0.002348077389 -3.209918746e-21)
(1.013908791 0.002545209213 2.724102408e-23)
(1.013294706 0.002713488443 2.571133507e-21)
(1.012569856 0.002880967675 -4.223213763e-21)
(1.011754897 0.002951330019 -7.185654527e-22)
(1.010903827 0.00304679707 3.849616109e-21)
(1.009879301 0.002961585487 -3.807058233e-22)
(1.009017525 0.002904395713 3.414427919e-22)
(1.007870546 0.002642067488 -1.717856529e-21)
(1.007173327 0.002341108725 1.656005309e-21)
(1.006161005 0.002002699153 1.190499971e-21)
(1.005739762 0.001484144522 -4.191350944e-22)
(1.005222856 0.001311609498 -1.23269614e-21)
(1.004908578 0.0009245694258 2.212712734e-21)
(1.00478308 0.001011110894 -1.802572949e-22)
(1.004208466 0.001129353601 -1.242319027e-21)
(1.003593436 0.0009958354014 6.449934976e-23)
(1.003019167 0.001208488693 -4.483259919e-22)
(1.001720535 0.0005294408557 1.691034447e-22)
(1.002171262 -0.000112569681 -1.898377717e-23)
(1.001830942 -0.0005176481871 -3.062410501e-22)
(1.003012544 -0.001385941295 -3.129921572e-22)
(1.004224177 -0.0008705881194 -9.024795226e-22)
(1.004037373 -0.0004624838656 1.946097527e-22)
(1.003619473 -0.001829541132 2.386104592e-21)
(1.00656284 -0.002551402338 -1.562591292e-21)
(1.008125949 -0.001997923163 1.557822022e-22)
(1.009974265 -0.001803572283 2.063956649e-22)
(1.011160739 -0.001762748787 -8.242618778e-22)
(1.013755006 -0.001394836427 7.692660402e-22)
(1.014364757 -0.0009932332104 -3.486653467e-22)
(1.016169487 -0.0009003534023 -3.591830642e-22)
(1.012361445 -0.0004247760132 1.196680294e-20)
(1.012501369 -0.0003865282725 -2.221503313e-21)
(1.012636424 -0.000345285001 -1.147322912e-20)
(1.012765567 -0.0003011455264 -5.45597328e-21)
(1.012884944 -0.0002542847172 -2.432915072e-21)
(1.012992412 -0.0002048098625 4.64720057e-21)
(1.013083781 -0.0001527092765 8.63880169e-21)
(1.013158457 -9.81646095e-05 2.292349666e-22)
(1.013211044 -4.120232107e-05 -1.720770197e-21)
(1.013242294 1.756436251e-05 1.650970424e-22)
(1.013244206 7.809519579e-05 -1.546446686e-22)
(1.013218272 0.0001390639008 4.033423681e-22)
(1.013153917 0.0002011430525 7.316038132e-22)
(1.013054266 0.0002622033607 1.147113895e-21)
(1.012906761 0.0003242842579 -4.300051888e-21)
(1.012715268 0.0003837769059 2.636381705e-21)
(1.012469253 0.0004447576559 5.858083752e-21)
(1.012169495 0.0005013979839 -8.19442433e-21)
(1.01181161 0.0005594898337 2.965531102e-22)
(1.011387458 0.0006110222409 4.640751821e-21)
(1.010902831 0.0006622211289 -3.745196795e-22)
(1.010341713 0.0007060081974 -3.512229992e-21)
(1.009716636 0.0007443748638 5.071882795e-21)
(1.00902058 0.0007765657001 -2.363447262e-21)
(1.008246838 0.000792391188 2.195164078e-21)
(1.007446689 0.0008051503317 2.536428705e-21)
(1.006540359 0.0007872320608 -4.683656458e-21)
(1.005712132 0.000767606778 3.945160469e-22)
(1.00474733 0.0007118587642 -1.016893122e-21)
(1.004003343 0.0006462200686 -1.436142285e-22)
(1.003137995 0.0005706005578 -9.927348211e-22)
(1.002566051 0.0004633521199 -2.298009188e-22)
(1.00198109 0.000410142634 -3.342303307e-22)
(1.00153182 0.000317956205 3.510876133e-21)
(1.001162524 0.0003070904916 -4.223131073e-22)
(1.000686879 0.0002975005097 -2.108787038e-21)
(1.000156989 0.0002524061206 1.559933049e-21)
(0.9997681467 0.0002470069181 -1.445661149e-22)
(0.9990748873 0.0001092934443 -2.534788521e-22)
(0.9992921559 -3.066334057e-05 1.937529541e-23)
(0.9991895658 -0.0001287814964 -1.81792413e-22)
(0.9999820833 -0.0002808989142 9.097760357e-22)
(1.000759847 -0.0002362987052 -6.382482798e-22)
(1.001092184 -0.0002468413964 -4.10948075e-22)
(1.001375589 -0.0004794465752 1.426261701e-21)
(1.003510138 -0.0005834802641 -1.82169026e-21)
(1.004852963 -0.0004997947164 4.678199e-23)
(1.006563999 -0.0004780277243 1.121410716e-21)
(1.007791352 -0.0004407969136 -2.531408877e-22)
(1.009839954 -0.0003399429696 4.920415157e-22)
(1.010482836 -0.000229381299 -2.632859445e-22)
(1.011854725 -0.0001912030339 -4.864510362e-22)
(1.231001306 -0.1687529719 -2.995826687e-20)
(1.237815594 -0.1631116642 6.228545092e-20)
(1.245412933 -0.1566168583 6.863998101e-20)
(1.254109373 -0.1490793631 -2.674661041e-19)
(1.263434744 -0.1404822768 -2.603021657e-19)
(1.274998674 -0.130643882 4.612000448e-20)
(1.285580287 -0.1192504648 1.409893214e-19)
(1.303247354 -0.1075061319 3.566743105e-20)
(1.31161413 -0.09154265686 5.931765781e-20)
(1.343289089 -0.08110861469 4.945333812e-21)
(1.337046962 -0.05957191969 2.861144022e-20)
(1.21534487 -0.15314076 1.59818279e-19)
(1.221402148 -0.1483319658 1.501771406e-20)
(1.228102453 -0.142718097 4.370878877e-20)
(1.236151195 -0.136239978 1.059716681e-19)
(1.244323292 -0.128538549 5.011492428e-20)
(1.255784116 -0.1200701045 -2.651338822e-19)
(1.264805748 -0.1092607278 -1.136193051e-19)
(1.282895777 -0.09896041174 -1.115479577e-20)
(1.291896928 -0.08368136791 3.682895375e-20)
(1.318999052 -0.07127158533 -2.666386537e-20)
(1.337897684 -0.05547841453 2.038340404e-20)
(1.200163523 -0.138026289 -2.839031868e-19)
(1.205562934 -0.1338610158 1.220060786e-19)
(1.211561715 -0.1289379013 3.471049817e-19)
(1.218776078 -0.1233386675 -1.562001124e-19)
(1.226266495 -0.11646515 -9.207945628e-20)
(1.236306876 -0.1090705327 1.002788383e-19)
(1.245558956 -0.09934326175 1.956092644e-20)
(1.25954938 -0.08953105557 5.175368015e-20)
(1.273413982 -0.07653107424 7.236162943e-20)
(1.288306667 -0.06158667076 -1.523266263e-20)
(1.321052203 -0.04855574818 -1.880574437e-20)
(1.18524853 -0.1229761873 -1.887003479e-21)
(1.18996883 -0.1193725879 -3.118416014e-20)
(1.195372662 -0.1150901625 -6.087661678e-20)
(1.201540501 -0.1102182019 8.330519857e-20)
(1.208749163 -0.1042336843 4.42895939e-20)
(1.216614744 -0.0976040287 -6.591082484e-20)
(1.227013031 -0.0893062598 -1.179076282e-19)
(1.23583313 -0.07977862485 -7.858223426e-20)
(1.253901464 -0.0691453044 6.086699734e-20)
(1.259903332 -0.05383029896 9.908632464e-20)
(1.295411466 -0.0416628266 -8.587551956e-20)
(1.170691771 -0.1086507522 -1.250321436e-19)
(1.174731166 -0.105523214 7.535918603e-20)
(1.179518539 -0.1018161954 1.045284884e-19)
(1.184651348 -0.09754312175 4.443380711e-20)
(1.191433889 -0.0924018869 9.893798085e-20)
(1.197415672 -0.08642946486 -2.931075924e-20)
(1.208095973 -0.07942302715 6.414078498e-20)
(1.213580482 -0.07055925448 -3.376985496e-20)
(1.232348396 -0.06152959496 -1.618914845e-19)
(1.234923088 -0.04755690189 5.264115782e-20)
(1.267347746 -0.0358361355 3.336934797e-20)
(1.156455768 -0.09517172173 -5.541446379e-20)
(1.159871862 -0.09245902024 -1.107553764e-19)
(1.164004118 -0.08926138244 -9.907820028e-21)
(1.168282987 -0.08553420853 -1.253123353e-19)
(1.174315409 -0.0811269562 -2.586961355e-20)
(1.179085323 -0.07586421754 4.145941121e-20)
(1.188860957 -0.06986648609 9.728985869e-20)
(1.192899763 -0.06205131512 6.566250214e-20)
(1.209814498 -0.05409262368 -7.848859496e-20)
(1.211674169 -0.04201796899 -4.945282031e-20)
(1.23951664 -0.03102047384 1.129840054e-19)
(1.142562024 -0.08268128586 2.636095778e-20)
(1.145421763 -0.08034214281 3.451585978e-20)
(1.148898684 -0.07759348229 -9.010900719e-21)
(1.152481872 -0.07437853008 -4.826350218e-20)
(1.15759519 -0.07059474583 -3.862794179e-21)
(1.161584063 -0.06606319152 -3.456120295e-20)
(1.169892384 -0.0608765346 -3.093737369e-20)
(1.173317876 -0.05421033093 3.279707082e-20)
(1.18756204 -0.04716227378 2.959251954e-20)
(1.189298824 -0.03695311606 -2.603918274e-20)
(1.212637736 -0.02699131638 -5.508198679e-20)
(1.129038661 -0.07130141301 -7.900244897e-21)
(1.131403181 -0.06930053535 1.363641917e-19)
(1.134270415 -0.06695222241 1.998901084e-19)
(1.137254247 -0.06421011871 -5.725213154e-20)
(1.141460854 -0.0609762841 -1.790771303e-19)
(1.144834369 -0.05713611126 3.665573425e-20)
(1.151636147 -0.05267370447 -3.408942335e-21)
(1.15463964 -0.04708505074 -2.504622823e-20)
(1.166278175 -0.04094350303 2.522559415e-21)
(1.167902723 -0.03243613373 -9.403017157e-22)
(1.1871228 -0.02369390355 -3.05734901e-20)
(1.11592475 -0.06108203387 5.839737311e-21)
(1.117854299 -0.0593878397 -6.983995867e-20)
(1.120182901 -0.05740161402 -1.450549043e-19)
(1.122638223 -0.05508940049 6.327488292e-20)
(1.126036693 -0.05235684819 6.78741142e-20)
(1.12886355 -0.04914263356 -4.558738444e-20)
(1.134322114 -0.04536232553 2.701823967e-20)
(1.136931498 -0.04073450772 4.95927331e-20)
(1.146271199 -0.03550632746 5.33359417e-21)
(1.147769987 -0.02851699808 1.397984961e-20)
(1.163335492 -0.02106801726 8.686032199e-21)
(1.10328749 -0.05202958324 -2.097234808e-21)
(1.104842321 -0.05061292808 5.645879163e-20)
(1.106709867 -0.04895486129 6.740195856e-20)
(1.108704006 -0.04702968359 -7.684975658e-20)
(1.111414367 -0.04475527592 7.399822342e-20)
(1.113750285 -0.04209756208 4.814654127e-20)
(1.11807177 -0.03895598133 -8.465172401e-20)
(1.120301924 -0.03516790205 -3.403069366e-20)
(1.127687823 -0.03082638439 2.948596961e-20)
(1.129045414 -0.0251596406 3.535179083e-20)
(1.141448689 -0.01899143382 -5.875257917e-21)
(1.091209733 -0.04410387753 -9.792258101e-20)
(1.092448734 -0.04293619346 1.376028484e-20)
(1.093930835 -0.04157259556 3.565010328e-20)
(1.09553141 -0.03999235814 -2.924461272e-20)
(1.097670982 -0.03813031104 3.102817397e-20)
(1.099576241 -0.03596229535 3.990574129e-21)
(1.102961005 -0.03340236066 -6.65804927e-21)
(1.104839098 -0.03034095145 -1.223730645e-20)
(1.11060839 -0.02682077936 -3.354238342e-20)
(1.111821057 -0.0222924021 3.292513717e-21)
(1.121568938 -0.01732329627 4.966414936e-20)
(1.079776002 -0.03722802421 -3.364880466e-21)
(1.080754453 -0.03628074663 1.802031338e-20)
(1.081920892 -0.03517739682 4.598736156e-21)
(1.083193156 -0.03390052721 2.551085904e-20)
(1.084868932 -0.03240228259 9.857019519e-21)
(1.086405708 -0.03065991798 2.894300239e-21)
(1.08903554 -0.02861489033 -1.732979875e-20)
(1.090596328 -0.02617424881 -7.490802614e-21)
(1.095060865 -0.02338669118 -2.076956594e-20)
(1.096133373 -0.01981712549 7.266740499e-21)
(1.103717644 -0.01592408347 1.840090862e-20)
(1.069065012 -0.03129910319 9.37966978e-20)
(1.069832756 -0.03054363425 -8.32098272e-22)
(1.07074542 -0.02966608909 -2.717172781e-21)
(1.07174962 -0.02865160145 6.882339554e-22)
(1.073055077 -0.02746742384 1.759405115e-21)
(1.074284523 -0.02608954595 2.007314852e-20)
(1.076316331 -0.02448780314 -1.371725676e-20)
(1.077601312 -0.02257048083 -3.260229312e-20)
(1.081030497 -0.02041353953 -4.907597115e-20)
(1.081971849 -0.01763806056 3.094235198e-20)
(1.087813008 -0.01466864567 6.587499657e-20)
(1.05914329 -0.0261979309 -3.035615024e-20)
(1.059743636 -0.02560613682 7.339304805e-20)
(1.060455548 -0.02492054002 1.613511553e-20)
(1.061244896 -0.02412860455 -6.712428443e-20)
(1.062258927 -0.02320939541 3.224922835e-21)
(1.063237266 -0.02213801645 1.19205637e-20)
(1.064801756 -0.02090727265 1.614830447e-20)
(1.065852607 -0.01942409136 -5.060799405e-22)
(1.06847266 -0.01779095856 -4.173462696e-20)
(1.069294689 -0.01566270106 1.012466775e-20)
(1.073759696 -0.01345485424 3.962457919e-20)
(1.050070495 -0.02180121955 -6.0796385e-20)
(1.050539455 -0.02134607919 -5.299975787e-21)
(1.051094248 -0.02082007592 4.593197808e-20)
(1.051713508 -0.02021285414 -8.30979331e-21)
(1.052500162 -0.01951195325 3.972474259e-21)
(1.053276166 -0.01869301165 2.762121683e-20)
(1.054478106 -0.01776438081 1.122328991e-20)
(1.055333613 -0.01663456766 -2.2419838e-20)
(1.057325951 -0.01542243789 -4.172303441e-20)
(1.058040716 -0.01381143746 -5.638689595e-21)
(1.06142615 -0.01220778197 3.533354686e-20)
(1.041891825 -0.01799422642 -6.145381228e-20)
(1.042258659 -0.01765064955 -2.466513902e-20)
(1.042691481 -0.01725439774 4.664145057e-20)
(1.043177373 -0.01679712421 2.002270821e-20)
(1.04378763 -0.01627198441 7.264451422e-21)
(1.044402258 -0.01565662106 9.107050544e-22)
(1.045323821 -0.01496775785 -2.991680908e-20)
(1.0460182 -0.01412029251 -1.421199442e-20)
(1.047524769 -0.01323609535 2.502739617e-20)
(1.048143375 -0.01203202668 7.483397964e-21)
(1.050684596 -0.01088979575 4.707210235e-21)
(1.034643061 -0.01466915964 1.872035283e-20)
(1.034930685 -0.01441461745 1.228810987e-20)
(1.035268932 -0.01412151392 -1.464174064e-20)
(1.035650465 -0.01378328774 -1.540143263e-20)
(1.036123875 -0.01339650058 1.382531998e-20)
(1.036610164 -0.01294187304 3.343294638e-20)
(1.037314728 -0.01243871036 -1.748592482e-20)
(1.037876685 -0.01181271025 -3.01969829e-20)
(1.039007436 -0.01117649234 1.977430638e-20)
(1.039539731 -0.01028784008 4.758789192e-21)
(1.041422678 -0.009485100248 -2.329635577e-20)
(1.028341225 -0.01174803304 -9.015193392e-21)
(1.028567869 -0.01156353311 1.089392945e-20)
(1.028833272 -0.01135128071 8.607516145e-21)
(1.029133712 -0.01110623666 -1.53048916e-20)
(1.029501383 -0.01082685783 -7.747414484e-21)
(1.029886245 -0.01049743415 6.538261034e-22)
(1.030423117 -0.0101360662 1.075048343e-20)
(1.030876875 -0.009681844663 -4.174099261e-21)
(1.031716981 -0.009230034455 -1.492781109e-20)
(1.032171556 -0.008584281657 7.474101695e-21)
(1.033540783 -0.008025935101 1.631820887e-20)
(1.023012886 -0.009132102444 -1.94044452e-20)
(1.023191716 -0.009001175515 -2.485913548e-21)
(1.02340005 -0.008850619556 4.011118524e-20)
(1.023636533 -0.00867666436 -1.068814176e-20)
(1.023921674 -0.00847868996 -1.49857701e-20)
(1.024225655 -0.008244599222 7.335064596e-21)
(1.024632681 -0.007989161122 -5.722761102e-22)
(1.024997714 -0.00766566489 8.641338695e-21)
(1.025614646 -0.007347937795 -1.596395877e-21)
(1.026000166 -0.006886624585 -1.944173537e-21)
(1.026975609 -0.006499186632 1.114516899e-20)
(1.018632886 -0.006826923819 7.252628177e-21)
(1.018776833 -0.006737631845 -1.800263574e-21)
(1.018943412 -0.006634925561 -2.422535734e-20)
(1.019132604 -0.006516076641 1.475053036e-20)
(1.019356621 -0.00638087002 1.766381793e-20)
(1.0195994 -0.006220517545 -1.778267528e-20)
(1.019909443 -0.006045857146 -8.817764172e-21)
(1.020204757 -0.005823443988 8.553706965e-21)
(1.020654168 -0.005605860227 4.589251291e-21)
(1.020979881 -0.005287076711 7.860109757e-21)
(1.021657042 -0.005022634471 -3.291247485e-21)
(1.015274144 -0.004613698013 -4.716358093e-20)
(1.015389667 -0.00455623815 -4.03228904e-20)
(1.01552252 -0.004490093849 -1.500445758e-20)
(1.015673583 -0.004413411825 2.459718892e-20)
(1.015849579 -0.00432612622 2.167236573e-20)
(1.016043553 -0.004222363489 1.524670802e-20)
(1.01627996 -0.004109240371 -5.777531945e-21)
(1.01651933 -0.003964925445 -1.707826083e-20)
(1.016845221 -0.003823342008 -1.144108923e-20)
(1.017120288 -0.003616063933 2.641421054e-21)
(1.017579966 -0.003444449958 1.413639523e-20)
(1.01287809 -0.002737841369 2.628175723e-20)
(1.012976925 -0.00270356094 3.967054836e-20)
(1.013089857 -0.002664059005 1.868594951e-20)
(1.013218158 -0.002618240681 -3.933176024e-20)
(1.013365472 -0.002566000414 -8.319975169e-21)
(1.013529813 -0.002503983452 2.840482187e-20)
(1.013722399 -0.002435823919 -1.832051004e-20)
(1.013927623 -0.002349512015 -1.224720347e-20)
(1.014182047 -0.002262713203 2.032779881e-20)
(1.014428243 -0.002138377566 8.640358242e-22)
(1.014768528 -0.002030147698 -7.691673517e-21)
(1.010841443 -0.0006198181071 -1.484089131e-20)
(1.010916183 -0.0006117450127 1.121820478e-20)
(1.01100145 -0.0006026044987 6.20600284e-21)
(1.011098942 -0.000592042399 -2.800612711e-20)
(1.011209535 -0.0005801862171 -1.732439652e-21)
(1.011333515 -0.0005660543624 1.059525935e-20)
(1.011472792 -0.0005510730562 -6.471720763e-21)
(1.011626314 -0.0005313875049 -9.046820033e-23)
(1.011798253 -0.0005131512894 3.6298044e-21)
(1.011981938 -0.0004840780822 -5.386914239e-21)
(1.012185945 -0.0004625208882 9.446707729e-21)
(1.189981055 -0.1990196379 -3.190716793e-20)
(1.197203744 -0.194209483 -4.878174408e-20)
(1.204261769 -0.1892860111 -4.539251376e-20)
(1.211166485 -0.1842629282 6.884667237e-20)
(1.217922698 -0.1791545404 3.048998309e-20)
(1.224542846 -0.1739723177 -6.151207425e-21)
(1.179917051 -0.1787955232 2.720970727e-19)
(1.186058775 -0.174715838 -2.401916985e-19)
(1.192096055 -0.1705494559 -2.791280382e-19)
(1.198041325 -0.1663013397 -2.127194629e-19)
(1.203896417 -0.1619774878 -2.255507308e-19)
(1.209682329 -0.1575821642 1.98667861e-19)
(1.168968348 -0.1601898104 -1.517845866e-19)
(1.174324117 -0.1566882549 1.925435113e-19)
(1.179610386 -0.1531022835 1.730167287e-19)
(1.184837874 -0.1494371991 1.942722243e-19)
(1.190006009 -0.145696716 1.656413984e-19)
(1.195133005 -0.1418878039 -1.509845367e-19)
(1.158128573 -0.1422234083 -8.534789519e-20)
(1.162730408 -0.1391713191 -1.123433387e-20)
(1.167295562 -0.1360531729 -4.924265488e-20)
(1.171829435 -0.132871898 7.735830146e-20)
(1.176335366 -0.1296272795 1.062679397e-19)
(1.180816572 -0.1263255713 -6.231536386e-20)
(1.147428894 -0.1253400613 -1.863123865e-19)
(1.151346967 -0.1226910262 -5.327877249e-20)
(1.155245832 -0.1199872863 5.565012237e-20)
(1.159127234 -0.1172299522 -6.122571231e-20)
(1.162999793 -0.1144175416 -1.320508106e-19)
(1.166852169 -0.1115538791 -8.271323722e-20)
(1.136783231 -0.1096732995 1.042726779e-19)
(1.140076989 -0.1073663818 1.888476214e-20)
(1.143362228 -0.1050142653 5.957250263e-20)
(1.146639753 -0.1026173884 7.687671285e-20)
(1.149919959 -0.1001745996 7.799869378e-20)
(1.153185286 -0.09768713733 1.125206111e-19)
(1.126140421 -0.09524322596 -8.567519843e-20)
(1.128876655 -0.09323757075 -2.236069584e-21)
(1.131612411 -0.09119603255 3.400473273e-20)
(1.134346661 -0.0891183881 7.501944715e-21)
(1.137088462 -0.0870037548 2.749249432e-20)
(1.139821113 -0.08485148463 1.454718192e-20)
(1.1155125 -0.08211425118 -5.791041222e-20)
(1.117759157 -0.0803814689 -1.239446601e-20)
(1.120008397 -0.07862045339 -7.742142893e-20)
(1.122259713 -0.07683066578 -1.06679239e-19)
(1.124520329 -0.07501152263 1.424043164e-19)
(1.126776576 -0.07316147312 9.049750163e-20)
(1.104924742 -0.07030866094 -1.06455727e-20)
(1.106747108 -0.06882385699 8.621296032e-21)
(1.108573697 -0.06731736514 1.040919759e-19)
(1.110404225 -0.06578861692 9.342543308e-20)
(1.112244304 -0.06423727603 -9.626853162e-20)
(1.114083098 -0.06266136663 -1.421905725e-19)
(1.094446954 -0.0598107072 1.628056115e-20)
(1.095907835 -0.0585528848 1.424717247e-20)
(1.097374128 -0.05727890608 6.812033889e-21)
(1.098845344 -0.05598822624 -9.592116192e-20)
(1.100325656 -0.05468071755 -7.417514366e-20)
(1.101806252 -0.05335421325 8.494602772e-20)
(1.084177364 -0.05057553326 1.830814513e-21)
(1.085337246 -0.04952458985 1.868388805e-20)
(1.086502526 -0.04846199552 2.823636263e-22)
(1.087672748 -0.04738723814 1.150498018e-20)
(1.088851306 -0.04630037362 4.712829261e-20)
(1.090030827 -0.04519920493 -2.288889617e-20)
(1.07422833 -0.04252763895 -1.623452267e-20)
(1.075141656 -0.04166305569 3.906804099e-20)
(1.076060142 -0.04079038922 1.084200189e-20)
(1.076983269 -0.03990919417 -2.348214991e-20)
(1.077913861 -0.03901963786 -8.319425232e-21)
(1.078845536 -0.03811958294 -1.636350862e-20)
(1.064711945 -0.03556641767 1.148867449e-19)
(1.065427604 -0.03486723332 -7.072900208e-20)
(1.066148332 -0.0341626034 -3.187146606e-20)
(1.066872699 -0.03345213867 -6.11877632e-20)
(1.067603326 -0.03273614651 -1.19465153e-19)
(1.068334837 -0.03201263492 6.669434909e-20)
(1.055738718 -0.02957320985 3.25526657e-21)
(1.056297344 -0.02901803576 1.577221838e-19)
(1.056859772 -0.02845918129 -1.626346211e-20)
(1.057426265 -0.02789647806 -4.942351189e-20)
(1.057998762 -0.02733034555 1.487383632e-20)
(1.058571765 -0.02675890905 -4.22609303e-20)
(1.047403438 -0.02442195101 -4.339154554e-20)
(1.047840995 -0.0239892017 -7.090285542e-20)
(1.048281982 -0.02355425971 4.190119249e-20)
(1.048725869 -0.02311689648 8.061883222e-20)
(1.049174542 -0.02267747053 2.28745998e-20)
(1.049623241 -0.0222342585 -2.080289133e-20)
(1.039795444 -0.0199905116 -1.933600952e-21)
(1.040139664 -0.01965996937 6.658401682e-21)
(1.040486566 -0.01932802306 1.240303209e-20)
(1.040835614 -0.01899449988 5.314108266e-22)
(1.041188517 -0.01865979731 -6.681085108e-21)
(1.041540946 -0.01832232574 -2.794463986e-20)
(1.032985941 -0.01616059183 -4.602152131e-20)
(1.033258742 -0.01591315008 -5.186246588e-21)
(1.033533464 -0.01566479928 3.67135604e-20)
(1.033809596 -0.01541538956 3.10692539e-20)
(1.03408867 -0.01516531799 -9.153447386e-21)
(1.034366758 -0.01491310409 -7.291195807e-21)
(1.027020208 -0.01283686445 -2.942667014e-20)
(1.027238674 -0.01265608948 -2.550883243e-20)
(1.027458335 -0.01247466387 2.835115813e-20)
(1.027678722 -0.01229244787 2.487200341e-20)
(1.027901201 -0.01210983438 -8.161308824e-21)
(1.028122271 -0.01192542406 -6.562302783e-22)
(1.021953555 -0.009909987095 5.007321393e-20)
(1.022129944 -0.009780833389 2.281804059e-20)
(1.022306876 -0.0096511938 -2.925591619e-20)
(1.022483928 -0.009520931099 -1.418475447e-20)
(1.022662276 -0.009390429451 -9.146974403e-21)
(1.022838852 -0.009258361067 -7.597869065e-21)
(1.017763271 -0.007360041069 2.405905795e-20)
(1.017909357 -0.007271689785 -4.649895567e-22)
(1.018055404 -0.007182928696 4.507651359e-22)
(1.018201066 -0.00709361842 -5.604038305e-21)
(1.018347336 -0.007004145772 3.212745671e-21)
(1.018491644 -0.0069132117 -6.388715007e-21)
(1.014560832 -0.004958515423 -1.175080602e-20)
(1.014681711 -0.004901477305 9.398160886e-21)
(1.014802189 -0.004844131976 4.364526366e-22)
(1.014921983 -0.004786335357 1.216764691e-20)
(1.015041861 -0.004728472826 3.319786002e-20)
(1.015159781 -0.004669276849 -2.485948647e-20)
(1.012253001 -0.0029453322 7.085628327e-21)
(1.012359939 -0.002910932991 -4.525121676e-21)
(1.012466167 -0.002876397977 8.533708108e-21)
(1.012571441 -0.002841568523 -2.764916678e-21)
(1.012676381 -0.002806784544 -3.404831031e-20)
(1.012779315 -0.002770891169 4.750953245e-21)
(1.010346303 -0.0006688657103 -9.969801299e-22)
(1.010432452 -0.0006602801801 -2.324889875e-21)
(1.010517645 -0.00065191186 -1.501211095e-20)
(1.010600099 -0.0006435028267 -1.952472132e-20)
(1.010684527 -0.0006352052514 1.913057266e-20)
(1.010759436 -0.0006269435723 1.624792707e-20)
(0.9877111763 -0.244223937 -6.082972796e-20)
(1.023245065 -0.2474500712 2.651954326e-20)
(1.055504905 -0.2468775045 3.501562902e-20)
(1.082842789 -0.243395131 1.161807336e-19)
(1.105611267 -0.2381449721 7.744649345e-20)
(1.124585606 -0.2320629663 -2.276560419e-19)
(1.140484206 -0.2257728609 -2.338640666e-19)
(1.153816903 -0.2196440704 -5.850729007e-21)
(1.165034268 -0.213857038 3.002308445e-20)
(1.174537184 -0.20852554 1.467989778e-19)
(1.182608677 -0.2036831054 9.243852954e-20)
(1.008637428 -0.2268789442 -5.029794872e-20)
(1.041018762 -0.2273787345 4.975032752e-20)
(1.069132168 -0.224553565 7.62312813e-20)
(1.092025129 -0.2197606488 -9.955543351e-21)
(1.11063537 -0.2140312212 -1.797866834e-19)
(1.12600952 -0.2080290315 2.965333346e-19)
(1.138893029 -0.2021503254 4.879587319e-19)
(1.149776209 -0.1966073392 -1.754974516e-19)
(1.159030121 -0.191516368 -6.409407085e-19)
(1.166933864 -0.1869092492 -1.57048736e-19)
(1.173693747 -0.1827646084 3.591380096e-19)
(1.025630997 -0.2072138897 9.57710535e-21)
(1.052532096 -0.2052400689 4.316149583e-20)
(1.075630496 -0.2011809751 -6.144130295e-20)
(1.094454575 -0.1960794816 8.432745725e-20)
(1.1098429 -0.1906342761 2.140885777e-19)
(1.122685794 -0.1852430621 -2.407695866e-19)
(1.133584122 -0.1801205304 -2.648064228e-19)
(1.142906622 -0.1753735553 2.537479903e-19)
(1.150883267 -0.1710402075 1.479549142e-19)
(1.157710934 -0.1671176314 -3.27635944e-20)
(1.163563787 -0.1635838642 -1.526606754e-19)
(1.039139817 -0.1875273479 1.067362556e-20)
(1.061315359 -0.1840673668 1.351628797e-19)
(1.080261894 -0.1794322687 8.011885005e-20)
(1.09574345 -0.1743279352 -2.10932449e-19)
(1.108455157 -0.1692119397 -2.458634457e-19)
(1.119121275 -0.1643191279 6.527298491e-20)
(1.128225084 -0.1597527844 8.56833373e-20)
(1.136046991 -0.1555547823 6.447807145e-20)
(1.142768074 -0.1517317766 8.676227464e-20)
(1.148543394 -0.1482841117 7.705702553e-20)
(1.153513195 -0.1451887171 -2.057024544e-20)
(1.049428277 -0.1680814428 3.438050171e-20)
(1.067489752 -0.1637456723 -3.893600858e-20)
(1.082893347 -0.1588948379 -4.654665729e-20)
(1.095540944 -0.1539641138 -5.987451082e-21)
(1.105984409 -0.1492209902 -5.408531649e-20)
(1.114788628 -0.1447876418 4.715170134e-20)
(1.122334068 -0.1407062464 1.047082233e-19)
(1.128844836 -0.1369877707 3.85724703e-20)
(1.134467276 -0.1336262813 8.412221578e-20)
(1.139321672 -0.1306114624 9.712408821e-20)
(1.14351564 -0.1279162162 -1.067635873e-19)
(1.056767957 -0.1492301042 7.036628819e-20)
(1.071304901 -0.1445321364 2.892127423e-20)
(1.083721532 -0.1397448987 -8.347004605e-20)
(1.093977874 -0.13510874 3.753857324e-20)
(1.102494973 -0.1307651802 5.709661139e-20)
(1.109707331 -0.1267707944 2.443908073e-20)
(1.115913711 -0.1231354422 -1.447319966e-20)
(1.121292367 -0.1198515462 -5.345739656e-20)
(1.125956819 -0.1169014153 -1.435036947e-19)
(1.129999185 -0.1142662372 -1.173314161e-19)
(1.133502747 -0.1119171189 1.188669709e-19)
(1.061464883 -0.1312904447 5.977081484e-20)
(1.073028846 -0.1265750913 1.575293056e-20)
(1.082939747 -0.1220205717 -7.711660991e-20)
(1.091180475 -0.1177439215 -1.318923653e-20)
(1.098064046 -0.1138106557 3.264098356e-20)
(1.103920192 -0.1102382511 -1.304170596e-20)
(1.1089795 -0.1070164972 -2.171245718e-20)
(1.113380485 -0.1041256578 5.828463077e-20)
(1.117209654 -0.1015412376 -3.683781978e-20)
(1.120538539 -0.09924060034 2.829979716e-20)
(1.123427393 -0.09719544616 3.918776148e-20)
(1.063812546 -0.114465039 9.461403311e-21)
(1.072895333 -0.1099516246 1.474938023e-20)
(1.080715316 -0.1057357438 -1.861594741e-20)
(1.087264108 -0.1018598554 3.503062584e-21)
(1.092768819 -0.09834333949 9.277297852e-21)
(1.09747457 -0.09517975048 2.310028929e-20)
(1.101555495 -0.09234706416 2.402888772e-20)
(1.105116927 -0.08981923168 -5.344958605e-20)
(1.10822474 -0.08756893354 5.886369845e-21)
(1.110933427 -0.08557226593 4.267453952e-20)
(1.113290699 -0.08380198017 -1.975924304e-20)
(1.06408655 -0.09887985635 1.162153386e-20)
(1.071123676 -0.09470829391 -1.284075312e-20)
(1.07721616 -0.0908979262 1.005284356e-20)
(1.082358077 -0.08744738211 -2.389629684e-20)
(1.086709747 -0.08434863203 -6.464022321e-20)
(1.090449227 -0.08158148895 -2.950247636e-20)
(1.093704896 -0.0791181411 4.242928998e-20)
(1.09655514 -0.07693011216 1.167267055e-19)
(1.099049123 -0.07498976124 1.178345851e-19)
(1.101228025 -0.07327322437 -7.527291066e-20)
(1.103128004 -0.07175533219 -8.884727146e-20)
(1.062569512 -0.08461591886 2.253292445e-20)
(1.067947133 -0.08087222073 1.832214444e-20)
(1.072633098 -0.07750536439 -6.288633375e-21)
(1.07662142 -0.07448995212 -2.618957178e-20)
(1.080021849 -0.07180302456 1.121909961e-20)
(1.08296044 -0.06941761833 5.51144215e-20)
(1.085529321 -0.06730410263 -5.853597678e-20)
(1.087785271 -0.06543410913 -1.128521241e-19)
(1.089764299 -0.06378126543 -3.87687773e-20)
(1.091497079 -0.06232292269 8.256432219e-20)
(1.093010946 -0.06103649641 6.887089364e-20)
(1.059565878 -0.07172058973 3.797651463e-20)
(1.063622942 -0.06844977109 -8.163268117e-21)
(1.067183975 -0.06554028148 1.350528074e-20)
(1.070242374 -0.06295567119 -2.142172254e-20)
(1.072870758 -0.06066643211 -7.672778227e-20)
(1.075155942 -0.05864352754 -2.9053025e-20)
(1.077162184 -0.05685814275 8.254905402e-20)
(1.078929489 -0.05528368747 6.741913937e-20)
(1.080483709 -0.05389612099 -2.763265277e-21)
(1.081847411 -0.05267473992 -2.408180387e-21)
(1.083041094 -0.05159986377 -1.094518598e-20)
(1.055395909 -0.06020562662 -3.074589082e-20)
(1.05842426 -0.05741995204 -5.405683831e-21)
(1.061103483 -0.05496125012 -8.561097225e-21)
(1.063426704 -0.05279028815 2.607637635e-22)
(1.065440203 -0.05087641793 4.071657865e-20)
(1.067202059 -0.04919156289 5.980676253e-20)
(1.068755788 -0.04770934427 -5.326613097e-20)
(1.070128757 -0.04640594004 1.153504183e-20)
(1.071339195 -0.04526021249 3.446475844e-22)
(1.072403403 -0.0442538485 -6.528708173e-20)
(1.073336788 -0.04337015096 -4.607448245e-20)
(1.050381787 -0.050045111 2.852115e-20)
(1.052627483 -0.04773142377 -5.387446611e-20)
(1.054630891 -0.04570054112 -2.058801877e-20)
(1.056385435 -0.04391535352 9.640818938e-20)
(1.057919383 -0.04234731321 4.586639506e-20)
(1.059270412 -0.04097110224 -4.167328623e-20)
(1.060467158 -0.03976367238 -3.818270946e-20)
(1.061527837 -0.03870447213 -2.488220972e-20)
(1.062465188 -0.03777551528 -8.684644451e-20)
(1.063290811 -0.03696108261 -2.296094327e-20)
(1.064016477 -0.03624740331 1.579568346e-19)
(1.044837766 -0.04117875628 1.230362839e-20)
(1.046503519 -0.03930516815 4.49289089e-20)
(1.048001735 -0.0376667426 7.554881614e-21)
(1.049326707 -0.03623110747 -6.355772047e-20)
(1.050495004 -0.03497354865 -7.336535918e-20)
(1.051530411 -0.03387244548 2.551838269e-20)
(1.052451371 -0.03290847704 1.091619215e-19)
(1.053269804 -0.03206452808 5.151645721e-20)
(1.053994638 -0.03132578449 -7.492990985e-20)
(1.054634094 -0.03067912684 -3.421899777e-20)
(1.05519723 -0.03011358661 -8.035099996e-20)
(1.039062262 -0.03351687868 9.325565544e-21)
(1.04031015 -0.0320387245 4.779455528e-21)
(1.041440216 -0.03074897118 -2.30872651e-20)
(1.042448118 -0.02962112534 1.257121721e-20)
(1.043343378 -0.0286350116 -5.302320617e-21)
(1.044140822 -0.02777302838 1.637496166e-21)
(1.044852322 -0.02701960179 -2.781635962e-20)
(1.045485732 -0.02636096777 -5.070172892e-20)
(1.046047567 -0.0257853122 3.019763464e-20)
(1.046543655 -0.02528201327 5.99147134e-20)
(1.046981401 -0.02484260904 3.775985533e-20)
(1.033329752 -0.02694854232 -6.62835575e-21)
(1.034284478 -0.02581382624 1.651110419e-21)
(1.035152529 -0.02482451746 3.5324307e-21)
(1.03593125 -0.02396018399 -3.86864725e-21)
(1.036626397 -0.0232052244 7.084172625e-22)
(1.037247437 -0.02254596232 -1.702931622e-21)
(1.037802339 -0.02197033693 6.982960575e-21)
(1.038296565 -0.02146765804 -5.464279201e-21)
(1.038735203 -0.02102881567 -2.992196973e-22)
(1.039122506 -0.02064543885 8.966035222e-22)
(1.039464793 -0.0203112811 1.686212537e-21)
(1.027877827 -0.02135053863 1.277301909e-20)
(1.028630918 -0.02050470346 4.183425012e-21)
(1.029315575 -0.01976668415 -1.23590341e-20)
(1.029930987 -0.01912164878 -1.34050878e-20)
(1.030481356 -0.01855817759 -1.934964584e-20)
(1.030973243 -0.01806615729 1.331125516e-20)
(1.031412449 -0.01763666201 6.48050519e-20)
(1.03180309 -0.01726171969 2.523534007e-20)
(1.032149461 -0.0169345848 -4.458988719e-20)
(1.032454826 -0.01664885832 -1.231522989e-20)
(1.032724865 -0.01640018502 -1.604219075e-20)
(1.022898991 -0.01659765043 1.018479276e-20)
(1.023514452 -0.01598701965 4.508422103e-21)
(1.024070959 -0.01545300564 -7.283825672e-21)
(1.024569528 -0.0149856513 6.643012489e-21)
(1.025014207 -0.01457709087 2.028643304e-21)
(1.025410394 -0.01422017854 -6.576507189e-21)
(1.025763075 -0.01390855289 -2.44066142e-20)
(1.026075881 -0.01363645722 -5.931925946e-20)
(1.026352766 -0.01339908391 5.930224722e-20)
(1.026596347 -0.01319166523 6.345738077e-20)
(1.026811836 -0.01301141501 -2.35267964e-20)
(1.018536891 -0.01255665736 -2.083777507e-21)
(1.019058415 -0.01213158781 -7.030807178e-21)
(1.019526753 -0.0117579022 -6.257184619e-21)
(1.019944358 -0.01142959019 1.356308338e-20)
(1.02031516 -0.01114175409 1.322466096e-21)
(1.020643609 -0.01088977661 2.725590488e-20)
(1.020934039 -0.01066946573 1.107435104e-20)
(1.021189849 -0.01047689943 -5.132683162e-20)
(1.021414979 -0.01030884019 -2.325809007e-20)
(1.021611918 -0.01016182702 8.255609189e-21)
(1.021785739 -0.01003430233 1.950242048e-20)
(1.014887111 -0.009137093987 -3.623391707e-21)
(1.015339154 -0.008854527147 1.112211585e-20)
(1.015739145 -0.008604949101 6.679033058e-21)
(1.016091946 -0.008385069027 -3.493061401e-20)
(1.016402956 -0.008191884105 -4.238168428e-20)
(1.016677122 -0.008022417635 4.41243121e-21)
(1.016918824 -0.007873982774 3.545703674e-20)
(1.017131255 -0.007744001055 4.690319797e-20)
(1.017317929 -0.007630456922 -3.304974611e-21)
(1.017480849 -0.007530896683 -3.383062741e-20)
(1.01762455 -0.007444795335 2.002760226e-20)
(1.012043222 -0.006085383044 -1.119830361e-20)
(1.01245369 -0.005907861614 7.905676916e-22)
(1.012815208 -0.005750127801 -1.735173331e-21)
(1.013131721 -0.005610774658 7.756133075e-21)
(1.013407499 -0.00548819236 4.287146774e-20)
(1.013646992 -0.005380572528 9.257667057e-22)
(1.013854873 -0.005286255313 -4.382180037e-20)
(1.014035087 -0.005203560564 -8.235360461e-21)
(1.014191745 -0.00513130533 6.020449224e-22)
(1.01432731 -0.005067749653 -6.228885583e-21)
(1.0144462 -0.005013083816 -9.382955349e-21)
(1.010001224 -0.003603952431 9.252522728e-21)
(1.010375494 -0.003503768064 -1.053548212e-20)
(1.010701105 -0.003413347988 -1.241707027e-20)
(1.010984117 -0.003332417613 6.547155627e-21)
(1.011229949 -0.003260504132 7.023608953e-21)
(1.011443199 -0.00319690552 -4.827949825e-21)
(1.011628159 -0.003140932179 -2.819616907e-21)
(1.011788266 -0.003091702815 3.408252592e-20)
(1.011927139 -0.003048691555 -2.220007388e-21)
(1.012046958 -0.003010682075 -3.109618702e-20)
(1.012151757 -0.002978393982 -2.419070523e-21)
(1.008487862 -0.0008452094207 1.756717636e-21)
(1.008808983 -0.0008160569818 6.565314218e-21)
(1.009084758 -0.0007906308266 7.621140979e-21)
(1.0093215 -0.0007685356752 -2.266692076e-21)
(1.009525109 -0.0007494147861 8.789511937e-22)
(1.009699503 -0.0007328321306 2.053585902e-21)
(1.009849829 -0.0007185115526 -2.464504005e-22)
(1.00997802 -0.0007060357405 -2.817624948e-21)
(1.010089934 -0.0006953413553 -2.706748879e-20)
(1.010182822 -0.0006858112276 1.304830546e-20)
(1.010270916 -0.0006781974252 2.789453311e-20)
(1.001427424 -0.001041371963 3.161832406e-20)
(0.9970041046 -0.009755365841 6.00289506e-21)
(0.9943329077 -0.01402849991 -6.122217361e-21)
(0.9870060954 -0.02517859772 7.237120833e-21)
(0.9816502518 -0.03188754314 -3.552612921e-20)
(0.9728563711 -0.04644341437 1.592446794e-21)
(0.9661946276 -0.05700024428 -1.46662766e-20)
(0.9574418482 -0.07685914679 4.211375673e-20)
(0.9521318835 -0.09255304822 -5.001692434e-20)
(0.9460914326 -0.1192332172 -2.175615587e-20)
(0.9461741807 -0.1392975451 1.873503756e-20)
(0.9453020863 -0.172904924 3.74192443e-20)
(0.9562093706 -0.1927230113 -3.689373114e-20)
(0.9579266843 -0.2325660768 4.481610452e-20)
(1.001972458 -0.0011468982 -1.638636823e-20)
(0.9964773217 -0.01053093409 9.869324749e-21)
(0.9956427977 -0.01495316437 -1.577997574e-21)
(0.9874574265 -0.02692133496 3.145334497e-20)
(0.9847203092 -0.03359244628 -8.507654805e-20)
(0.9753063544 -0.04918023805 4.819892865e-20)
(0.9724997317 -0.05923478237 -3.251429661e-20)
(0.9632799263 -0.08007209784 8.863630841e-20)
(0.9635923097 -0.09418853962 4.936573492e-20)
(0.9566475048 -0.1211604337 2.920908398e-20)
(0.9643846712 -0.1378114559 -7.236396467e-21)
(0.960977564 -0.1700526049 -2.981267754e-21)
(0.9801150599 -0.1844926732 -3.555081882e-20)
(0.9780542793 -0.2199323375 -2.369686948e-20)
(1.002510703 -0.001283974121 -2.303499944e-20)
(0.9959494854 -0.01131492134 3.063889229e-20)
(0.9969820713 -0.0158969051 -7.323388325e-22)
(0.9880239813 -0.02861363617 -5.985953111e-21)
(0.9879189004 -0.03522926126 -2.040535272e-20)
(0.9781061297 -0.05161893267 2.345625479e-20)
(0.9789255925 -0.06108687302 -1.521232318e-20)
(0.9698070896 -0.08234585803 -5.147420383e-20)
(0.9745742858 -0.09474863021 1.410791464e-20)
(0.96825112 -0.1210129225 2.570182578e-21)
(0.9800878518 -0.1342631407 -5.513100976e-20)
(0.977791276 -0.1639250192 8.037481819e-20)
(0.9981668771 -0.1735538656 3.390026955e-20)
(0.9984093533 -0.2046348385 -2.230933824e-20)
(1.002856916 -0.001437758962 1.980147344e-20)
(0.9957033238 -0.01209025007 1.724266419e-20)
(0.9980969499 -0.01678408636 2.405136658e-20)
(0.9890950059 -0.03018515689 -3.666996803e-20)
(0.9908339291 -0.03665682241 3.555756067e-20)
(0.9817310309 -0.05362867373 -1.943480429e-20)
(0.9848178978 -0.06235465909 3.145212023e-20)
(0.9773915825 -0.08357368564 -5.221500637e-20)
(0.9843197343 -0.09415881998 2.213323431e-21)
(0.9805997209 -0.1190139383 -9.232849176e-21)
(0.9933185261 -0.129143775 7.832105129e-20)
(0.9940046035 -0.1555788659 7.954929217e-21)
(1.012799278 -0.1615523383 -1.042099119e-19)
(1.016015431 -0.1880023573 -2.859670105e-20)
(1.002839293 -0.001594775705 2.198878762e-20)
(0.9959528714 -0.01283725135 -1.208807158e-21)
(0.9988131003 -0.01757290635 -8.078351359e-21)
(0.9908772312 -0.03154460724 1.481350452e-21)
(0.993318094 -0.03779910074 4.263224184e-20)
(0.9862121924 -0.05502568173 2.343677788e-20)
(0.990138411 -0.06294281023 5.453139337e-20)
(0.9856076255 -0.08352216151 2.411896658e-20)
(0.9930545336 -0.0924065597 -2.343593624e-20)
(0.9926101964 -0.1150864663 -6.674570326e-21)
(1.00474031 -0.1226856394 1.171221442e-20)
(1.008325612 -0.1453899048 -1.45357778e-19)
(1.024821188 -0.1487577832 5.818493171e-21)
(1.030271114 -0.1705722074 4.795794374e-20)
(1.002436124 -0.001740811875 -2.190213484e-20)
(0.9966640545 -0.01352193848 -2.608944959e-20)
(0.9992065078 -0.01825864176 -3.834083303e-20)
(0.9932025687 -0.03257657843 3.229379832e-20)
(0.9955707866 -0.0386291627 7.036166075e-21)
(0.9911260422 -0.0556241382 -1.741700372e-20)
(0.9951677885 -0.06283831062 -2.337629638e-20)
(0.9937355518 -0.08205938775 2.682751799e-23)
(1.001039598 -0.08953144132 -1.000033074e-20)
(1.003474651 -0.1093892152 1.93109468e-20)
(1.014564042 -0.1150560668 -1.01819673e-20)
(1.020251516 -0.1338544919 -3.223020802e-21)
(1.034375632 -0.1353882478 1.211090549e-20)
(1.041194469 -0.1528969673 -7.455147998e-20)
(1.001800408 -0.001882042802 -2.403003506e-20)
(0.9975906751 -0.01406894792 4.674846779e-21)
(0.9995051928 -0.01885804764 1.964239655e-20)
(0.9957147421 -0.03314998098 4.157777867e-21)
(0.997832048 -0.03911205684 -5.369767248e-20)
(0.9960028468 -0.05529680598 -2.86859598e-20)
(1.000025074 -0.06198879521 -4.709522482e-20)
(1.001236517 -0.07921232106 1.992835611e-21)
(1.008226037 -0.08555284545 3.049171198e-20)
(1.012772152 -0.1022703558 1.933685912e-20)
(1.022715351 -0.1064467558 -8.466157785e-21)
(1.029654075 -0.1215138443 1.454499902e-20)
(1.041545209 -0.1217887793 2.952003035e-22)
(1.049013572 -0.1355049561 -3.529456017e-20)
(1.001139282 -0.002040995517 7.943965356e-21)
(0.9984829241 -0.01438769781 2.224818514e-20)
(0.9998813587 -0.01935856233 -5.434771346e-22)
(0.9981283259 -0.03317857692 -2.947202256e-21)
(1.000160753 -0.03916626841 -8.688641523e-22)
(1.000525426 -0.05402567782 2.663707388e-20)
(1.004584337 -0.06029794465 2.374832425e-20)
(1.007778681 -0.07514722992 3.254215214e-20)
(1.01440788 -0.08052360853 -5.774438747e-21)
(1.020286494 -0.0941265191 -2.320901167e-20)
(1.029081929 -0.09711842018 7.940976647e-21)
(1.036566892 -0.1088549825 9.807524415e-21)
(1.046438321 -0.1082997958 -4.388868849e-20)
(1.054019032 -0.1188024156 -5.25785764e-20)
(1.000586922 -0.002232390421 -6.858397959e-21)
(0.999225289 -0.01441576452 1.279073809e-20)
(1.000377362 -0.0196970501 -4.287288098e-21)
(1.000302296 -0.03264486773 -1.416202094e-20)
(1.002460949 -0.03868421237 1.247604802e-20)
(1.004499792 -0.05186940661 8.290214018e-21)
(1.008628836 -0.05770681085 6.270711919e-21)
(1.013151614 -0.07009837308 -1.707301477e-20)
(1.019381998 -0.07458410999 -1.732719676e-20)
(1.025925393 -0.08533071339 5.812413173e-21)
(1.033608362 -0.08737223132 -2.026467204e-20)
(1.041109368 -0.09627313958 -1.405662414e-20)
(1.049198039 -0.09520510718 2.940144402e-20)
(1.056509998 -0.1030638974 2.929577842e-20)
(1.000179726 -0.002446686264 7.996441777e-21)
(0.9998140389 -0.01414864296 -8.638684638e-21)
(1.000957079 -0.01977080659 2.308543223e-20)
(1.002178534 -0.03158291865 5.294873091e-21)
(1.004581744 -0.03757219289 -1.06353841e-20)
(1.007793594 -0.04893303852 -2.04724243e-22)
(1.011969218 -0.05424447995 -1.249284226e-20)
(1.017239514 -0.0643081457 2.447278293e-21)
(1.023022311 -0.06795151719 6.181724121e-21)
(1.029703074 -0.07621438323 -2.260371374e-20)
(1.036330275 -0.07750704078 -1.797025386e-20)
(1.043470476 -0.08407822632 1.826391959e-20)
(1.050018482 -0.08273444842 8.913854177e-21)
(1.056801872 -0.08847140254 -7.364684167e-21)
(0.9999023785 -0.002651991898 1.412531317e-20)
(1.000276195 -0.01362673959 -3.424990214e-20)
(1.001560518 -0.01948864925 4.11910017e-21)
(1.003721089 -0.03003199697 -1.764143672e-21)
(1.00637961 -0.03579094326 3.466450776e-21)
(1.010319053 -0.04534847793 -2.268538951e-21)
(1.014475094 -0.05003389387 8.540963916e-21)
(1.020013187 -0.05801444253 -2.363188114e-22)
(1.025297468 -0.06088243225 -1.483147466e-20)
(1.031727354 -0.06707089344 1.154145015e-20)
(1.037373398 -0.06779595857 7.821596576e-21)
(1.043904035 -0.07251213275 -5.811643583e-20)
(1.049147748 -0.07106943888 7.569504917e-21)
(1.05523928 -0.07514454086 8.243574639e-20)
(0.9997265596 -0.002810913162 -2.171584969e-21)
(1.000632151 -0.01289588512 -5.062999174e-21)
(1.002116164 -0.01880855437 -2.485953659e-20)
(1.004892788 -0.02803278026 4.413248209e-22)
(1.00774752 -0.0333802121 7.425198986e-21)
(1.01203524 -0.041260675 5.138530901e-21)
(1.016080318 -0.04525985283 1.225976042e-21)
(1.021519431 -0.05145000613 -5.417177752e-21)
(1.026263882 -0.05363624249 1.299492801e-20)
(1.032181222 -0.05815308506 2.732486124e-20)
(1.036933915 -0.05847117195 3.871366478e-20)
(1.042712493 -0.06175590727 2.346018353e-21)
(1.046873287 -0.06034156253 -4.434046269e-20)
(1.052188971 -0.06314971389 -5.814482268e-20)
(0.9996278476 -0.002887255086 -6.897342309e-21)
(1.000887017 -0.01199921337 1.783593805e-20)
(1.002557729 -0.01773104368 9.127199124e-21)
(1.005667711 -0.0256517168 7.450246189e-21)
(1.008620464 -0.03044759191 -1.330816649e-20)
(1.012949221 -0.03682679231 -1.090494947e-20)
(1.01678459 -0.04013458974 5.21582687e-21)
(1.02186778 -0.0448366413 5.451082292e-21)
(1.026049666 -0.04645169493 7.275063214e-21)
(1.031301059 -0.0496669257 -4.003891699e-20)
(1.035255909 -0.04971476185 -1.23203737e-21)
(1.040224617 -0.05193100445 3.701859037e-20)
(1.043502681 -0.05063057693 -6.314249498e-21)
(1.048022061 -0.0525019946 1.809342391e-20)
(0.9995897241 -0.002860973273 1.297451791e-21)
(1.001039065 -0.0109531126 -1.432444954e-21)
(1.002831161 -0.01629582848 2.064766362e-21)
(1.006042113 -0.02297349016 -1.049464334e-20)
(1.008980144 -0.02713621181 -3.477243455e-21)
(1.013117281 -0.032209136 1.639713586e-20)
(1.016654793 -0.0348691897 1.24745122e-20)
(1.021221666 -0.03837275276 -1.533479996e-20)
(1.024840836 -0.03953210582 -1.48682453e-20)
(1.029359717 -0.0417677125 1.182949621e-22)
(1.032615381 -0.04165611231 4.292458811e-20)
(1.036779577 -0.04310305228 -1.12391612e-20)
(1.039350785 -0.04196792344 -3.698977904e-20)
(1.043100908 -0.04317047341 -2.437058794e-20)
(0.9995953322 -0.00272934507 6.824917041e-21)
(1.001091797 -0.009769622749 2.223684363e-21)
(1.00292231 -0.01457953354 -3.494205691e-21)
(1.006046603 -0.02010211637 -4.089436858e-21)
(1.008861102 -0.02360640361 5.145424418e-21)
(1.012645506 -0.02756967697 -9.049901002e-21)
(1.015819956 -0.02965752251 -1.476801721e-20)
(1.019788402 -0.03222403237 1.638792416e-20)
(1.022865952 -0.03303730395 2.419019171e-20)
(1.026650629 -0.03456004316 -3.140872191e-20)
(1.029305026 -0.03437341281 -2.947364916e-20)
(1.032714038 -0.03528779422 2.731736904e-20)
(1.034728784 -0.0343419684 3.614895381e-20)
(1.037769478 -0.03508525532 -1.684931479e-20)
(0.9996305648 -0.00250162315 -8.863687735e-22)
(1.0010651 -0.008493756654 3.412028843e-23)
(1.002846281 -0.01268405231 -1.084446891e-21)
(1.005740368 -0.0171560572 9.935936259e-22)
(1.008341662 -0.0200214089 -5.860658523e-21)
(1.011678409 -0.02306114124 -7.524503275e-22)
(1.014454305 -0.02466537119 8.430570386e-21)
(1.017803741 -0.02651774627 -4.907605446e-21)
(1.020378183 -0.02708039709 -1.661414166e-20)
(1.0234724 -0.02810091912 -1.20046274e-20)
(1.025619205 -0.02789852787 4.651693674e-20)
(1.028350271 -0.02845941576 1.719354741e-20)
(1.029933122 -0.02770581784 -1.167432416e-20)
(1.032344534 -0.0281470541 3.270923494e-21)
(0.9996828128 -0.002204005279 -2.252944667e-21)
(1.000980617 -0.007174854737 4.919218463e-24)
(1.002635842 -0.01070773012 -8.584153375e-22)
(1.005203168 -0.01424736759 5.169078405e-21)
(1.007528754 -0.0165264803 -7.628236428e-21)
(1.010379185 -0.01881267644 3.870511188e-21)
(1.01275112 -0.02002173047 6.915887471e-21)
(1.015507503 -0.02134075887 -5.795216732e-21)
(1.017630433 -0.02172917071 7.375292937e-21)
(1.02010705 -0.02240574568 3.011558548e-21)
(1.02183288 -0.02222415672 1.084753715e-20)
(1.023978166 -0.02256006098 -1.417891958e-20)
(1.025228924 -0.02198623639 -2.825001162e-20)
(1.027101337 -0.02223757046 -1.104342796e-20)
(0.9997414311 -0.001862965083 5.267585345e-21)
(1.000861075 -0.00586169223 -1.362380501e-21)
(1.00233702 -0.00873856025 8.380094547e-22)
(1.004527006 -0.01147000372 -7.757157565e-22)
(1.00654264 -0.01323413166 -7.242734296e-21)
(1.008911102 -0.01491778749 3.193660998e-21)
(1.01089873 -0.01581243272 -1.775359496e-21)
(1.013119974 -0.01673932126 2.790496483e-21)
(1.014851564 -0.01700990465 4.133010175e-21)
(1.016799456 -0.01745598937 9.72695908e-21)
(1.018182629 -0.01731283674 2.496131313e-21)
(1.019839632 -0.01751117973 -9.143071256e-21)
(1.020836671 -0.0170942236 -5.783926185e-21)
(1.022262976 -0.01723189731 -1.075503031e-20)
(0.9997983964 -0.001503039612 -1.606145453e-21)
(1.000728241 -0.004599159677 -2.985841925e-21)
(1.002000585 -0.006848199042 4.054110072e-21)
(1.003806786 -0.008889627498 -5.151738561e-21)
(1.00550733 -0.01021360054 -2.967549032e-21)
(1.007429942 -0.01142184263 5.193010665e-21)
(1.009070709 -0.01207019981 2.996550164e-21)
(1.010832823 -0.01270990486 3.261376874e-21)
(1.012236352 -0.01290093605 -2.183974728e-21)
(1.013749431 -0.01319293892 -4.47457226e-21)
(1.014858766 -0.01309250989 -4.354192596e-21)
(1.016122658 -0.01320828635 1.094449818e-22)
(1.016926642 -0.01292090818 5.925850375e-21)
(1.017996849 -0.01299222612 1.982257035e-21)
(0.9998485889 -0.001144969398 -1.666850432e-21)
(1.000598661 -0.003427097643 2.216796128e-21)
(1.001669246 -0.005096911659 2.161914335e-21)
(1.003122401 -0.006560609719 -3.072115285e-21)
(1.004529974 -0.007515898643 1.953260624e-21)
(1.006065303 -0.008356017436 1.803354835e-21)
(1.007408952 -0.00881283344 7.219475822e-22)
(1.008796171 -0.009244419684 -3.442359131e-21)
(1.009935865 -0.009378786246 -5.138692218e-21)
(1.011107179 -0.009568106319 -4.036534008e-21)
(1.012004199 -0.009504132412 1.697679459e-22)
(1.01296331 -0.009572716324 1.418881866e-21)
(1.013621128 -0.009385584761 8.790168058e-22)
(1.014415913 -0.009423027156 -3.791574689e-21)
(0.9998883748 -0.0007957356844 2.414572853e-22)
(1.000489404 -0.002337787847 1.783444318e-21)
(1.001385742 -0.00347114273 -1.731364028e-21)
(1.002548546 -0.004436111651 -2.361668222e-21)
(1.003710164 -0.005069998129 -5.474659485e-21)
(1.004933916 -0.005609052005 1.153469018e-21)
(1.006036658 -0.005905810652 -2.570451235e-21)
(1.00713266 -0.006173672937 1.547428084e-22)
(1.008066786 -0.006259481993 1.551845502e-20)
(1.008982417 -0.006370206657 3.209413455e-21)
(1.009722568 -0.00633032238 -5.699131734e-21)
(1.010463064 -0.006363802878 5.533360551e-21)
(1.011018566 -0.006248615024 1.282421152e-20)
(1.01161766 -0.006261612283 -8.248632167e-21)
(0.9999161778 -0.00048281143 9.31710566e-23)
(1.000401829 -0.00139791548 2.803965889e-22)
(1.001160649 -0.00207495322 2.01553431e-21)
(1.002110369 -0.002639645993 -2.043468142e-21)
(1.003087276 -0.003015457397 -5.214400658e-21)
(1.004088612 -0.003326903574 6.358482731e-21)
(1.005016918 -0.003502829756 8.032267354e-21)
(1.005911822 -0.003654880274 6.405804785e-22)
(1.006701411 -0.003707529546 -6.037216058e-21)
(1.007444367 -0.003767814079 1.244197977e-21)
(1.008073594 -0.003748073201 5.856303519e-21)
(1.008665398 -0.003762645659 -7.077911626e-21)
(1.00914495 -0.003700093363 -8.281765004e-21)
(1.009612464 -0.003701106739 7.541660672e-21)
(0.9999328623 -0.0001146899714 3.927155614e-22)
(1.000366223 -0.0003342678329 2.002707829e-21)
(1.001043156 -0.0004917607606 -9.515715958e-22)
(1.001863326 -0.0006270042743 -2.753094044e-21)
(1.002710723 -0.0007132725308 -3.726257184e-21)
(1.003559726 -0.0007886362621 -8.06611143e-22)
(1.00435111 -0.000827861075 2.244483771e-21)
(1.005097717 -0.0008653810502 -1.270485891e-21)
(1.005763185 -0.0008752788145 -1.124914411e-21)
(1.006374521 -0.0008911008531 -4.534684163e-22)
(1.006900891 -0.0008837262393 -5.431218364e-22)
(1.007380243 -0.0008892889685 -8.496447951e-22)
(1.007779951 -0.000871517748 -3.156481704e-21)
(1.008151114 -0.0008750740037 2.219390984e-21)
(1.000411839 6.27318378e-05 4.150826781e-23)
(0.9978568742 -0.001078710974 -3.373483149e-22)
(0.9925163623 -0.002435500148 -3.139748415e-22)
(0.9855115729 -0.004323639598 -2.340719073e-21)
(0.9766394288 -0.005895264248 7.71211786e-21)
(0.9659323205 -0.007687050371 4.088992826e-21)
(0.9532194287 -0.009185615432 -1.497359495e-20)
(0.9384484858 -0.01109962364 6.759371364e-21)
(0.921461549 -0.01274875029 1.466567071e-20)
(0.9022152085 -0.01523378198 -1.880227158e-21)
(0.8804417651 -0.01738624048 -4.607018135e-20)
(0.8562539455 -0.02100401155 5.371928555e-20)
(0.8291226015 -0.02388146495 2.910245596e-20)
(0.7997582583 -0.02940483323 -6.578066237e-20)
(1.000351593 -7.817691971e-05 -6.377499284e-22)
(0.9979305038 -0.002324393309 2.447276817e-21)
(0.9924831385 -0.004148884287 4.436010063e-22)
(0.9857053574 -0.007330645826 -1.799791033e-21)
(0.9767437342 -0.009773960652 1.452348515e-21)
(0.9663661263 -0.01339077376 7.216857611e-21)
(0.9536651641 -0.01637526615 -1.104256628e-20)
(0.9393940563 -0.02107042497 -1.041663717e-20)
(0.9226086966 -0.02512641107 6.428389208e-21)
(0.9042256691 -0.03190551164 3.715042164e-21)
(0.8830122369 -0.03774597418 -2.597965224e-20)
(0.8603964224 -0.04795011063 2.871343547e-20)
(0.8343736908 -0.05598251958 2.084220977e-20)
(0.8077801502 -0.07167559455 -1.350112302e-20)
(1.00026802 -0.0002209349275 -3.690071502e-21)
(0.9980563552 -0.003578638935 3.546205675e-22)
(0.992431911 -0.005867616578 8.354873408e-21)
(0.9860190964 -0.01034108868 -1.021999188e-21)
(0.9769107391 -0.01367844149 -9.176557175e-21)
(0.9670832408 -0.01905513494 3.442302519e-21)
(0.954412192 -0.02361281691 1.099473452e-21)
(0.9410221985 -0.03093276288 -4.040935953e-21)
(0.9246431389 -0.03752663239 8.746002289e-21)
(0.9078388982 -0.04830351352 1.01388313e-20)
(0.8877347179 -0.05791567585 1.047294395e-20)
(0.868051028 -0.07408201691 4.651189244e-20)
(0.8441950082 -0.08711166311 -9.8769437e-20)
(0.8228392333 -0.1117192846 -3.574779866e-20)
(1.00022754 -0.0003658552444 8.272869991e-22)
(0.99815566 -0.004847416219 -7.803797337e-21)
(0.9924305876 -0.007581756114 -2.012641499e-21)
(0.9863841407 -0.01336451529 7.3329719e-21)
(0.9771988982 -0.01759035722 5.052136439e-21)
(0.9680329447 -0.02468317844 -6.55645201e-21)
(0.9555083491 -0.03088436919 4.488433059e-21)
(0.9432932142 -0.04064533502 -5.008481414e-21)
(0.9276121766 -0.04991093545 9.511128063e-22)
(0.9130032201 -0.06426185749 4.027429172e-22)
(0.8946132784 -0.07771993764 5.896095181e-21)
(0.8790201706 -0.09892319319 3.986134686e-20)
(0.858346765 -0.1166550422 -2.107703858e-20)
(0.8443480214 -0.1482577247 -7.231970675e-20)
(1.000297869 -0.0005176985806 1.131650039e-20)
(0.9981397424 -0.006133527538 1.943164359e-21)
(0.9925625253 -0.009279842036 -8.433327394e-21)
(0.9867033365 -0.01642221895 1.173489024e-21)
(0.9776955416 -0.02146528521 -3.419738934e-21)
(0.9691188818 -0.03031855497 6.621107279e-21)
(0.9570253393 -0.0381141083 -2.745377739e-21)
(0.9461167667 -0.05021852329 -5.563807874e-21)
(0.9315679392 -0.06213979183 3.000516687e-22)
(0.9196122019 -0.07960094643 5.828043949e-21)
(0.9036558863 -0.09687300455 -1.387066241e-20)
(0.8930466321 -0.1219834956 -1.14919927e-20)
(0.876532375 -0.1444061337 1.156809039e-19)
(0.8714201057 -0.1804916903 -8.199318941e-20)
(1.000524079 -0.00068866086 -2.103934387e-20)
(0.9979412604 -0.007430572437 -8.480587024e-21)
(0.9928892772 -0.01097199843 5.610237495e-22)
(0.9868684826 -0.01953420498 1.389858156e-20)
(0.9784778312 -0.02528009156 4.687458722e-21)
(0.9701665501 -0.03604729393 -4.518907065e-21)
(0.9590310522 -0.04520283869 1.293847098e-21)
(0.9492356745 -0.05976529755 6.861733078e-21)
(0.9365171036 -0.07390055274 1.53155977e-20)
(0.9273454656 -0.0941464389 9.981869536e-21)
(0.9148293415 -0.1142172016 4.47970967e-20)
(0.9099144625 -0.1417878062 -3.593405164e-21)
(0.898742851 -0.1668564345 3.71241024e-20)
(0.90336656 -0.204964844 5.988625124e-20)
(1.00091921 -0.0008962099826 -9.307122596e-21)
(0.9975153761 -0.008719284897 -2.053080228e-21)
(0.9933788299 -0.01272960055 1.013271052e-21)
(0.9867418788 -0.0227349762 1.210388107e-21)
(0.9794132914 -0.0292414002 2.419531947e-20)
(0.9707901632 -0.04217241312 -2.965238099e-20)
(0.9611580039 -0.05274324336 -1.032708585e-20)
(0.9516934749 -0.07049142181 -4.117378103e-20)
(0.9415779822 -0.08702900173 -5.511677799e-20)
(0.9340634312 -0.1114315659 -2.493278682e-20)
(0.9262628156 -0.1346799992 -2.33185392e-21)
(0.9258843428 -0.166161368 1.081595769e-20)
(0.9218410752 -0.1941240775 -1.157446453e-19)
(0.9393898166 -0.2320320411 -3.527491862e-20)
);

boundaryField
{
    cylinder
    {
        type            fixedValue;
        value           uniform ( 0 0 0 );
    }
    jet
    {
    {{ controller | indent(4) }}
        value           uniform (0 0 0);
    }
    inlet
    {
        type            fixedValue;
        value           uniform ( 1 0 0 );
    }
    outlet
    {
        type            inletOutlet;
        inletValue      uniform ( 0 0 0 );
        value           nonuniform List<vector>
60
(
(0.993948695 -0.003424081045 -1.879731646e-21)
(0.9929775087 -0.003161904278 -1.520935023e-21)
(0.9911121935 -0.002896144565 -2.478290081e-22)
(0.9884278669 -0.002630210037 2.497429381e-23)
(0.9850291937 -0.002367119767 3.623865999e-23)
(0.9810431583 -0.002111316103 1.515774987e-22)
(0.9766115031 -0.0018590126 1.65976246e-21)
(0.9723015656 -0.001631635241 -1.468840037e-21)
(0.9680866455 -0.001404143785 -2.510828955e-21)
(0.9633905117 -0.001158122077 2.568103495e-22)
(0.9582923294 -0.0008945072034 1.067674969e-21)
(0.9529693454 -0.0006094800126 1.214492291e-21)
(0.9477512343 -0.000299703317 -1.842755668e-21)
(0.9431927293 3.941725418e-05 -1.914998508e-21)
(0.94015278 0.0004142872697 1.120199359e-21)
(0.939845136 0.000832330556 2.826628488e-21)
(0.9437650068 0.001306447677 -6.639310919e-22)
(0.953327052 0.001843626827 -1.6728678e-21)
(0.9690363896 0.002440619824 8.716727424e-22)
(0.9891924913 0.003074021784 9.414524335e-23)
(1.009147799 0.003628399949 7.93715075e-22)
(1.023387904 0.003910635072 1.21210214e-22)
(1.029636806 0.003832872698 -9.738537491e-22)
(1.029827576 0.003547038588 5.579024765e-23)
(1.027232914 0.003173675696 9.751466943e-23)
(1.02402809 0.002717109213 -6.56370898e-22)
(1.021090056 0.002210521959 -3.226799426e-22)
(1.018610825 0.001569768789 1.337451163e-22)
(1.016274197 0.0009284965415 -2.805428966e-22)
(1.011953488 0.0001961745564 -4.474079442e-22)
(0.9939855771 -0.003678645556 1.77453933e-21)
(0.9930854368 -0.003921849573 2.012004269e-21)
(0.9912832213 -0.004149876839 -3.405628938e-22)
(0.9886496633 -0.004359135775 -2.150525053e-23)
(0.9852871895 -0.004547081822 1.797924377e-22)
(0.9813235033 -0.004712490696 1.571424453e-21)
(0.9769029836 -0.004849953898 2.37697265e-21)
(0.9726011921 -0.004945291566 -9.51910883e-22)
(0.9683954169 -0.005001109813 -1.940945143e-21)
(0.9637206981 -0.005038828411 9.7960423e-23)
(0.9586726212 -0.005051054059 4.143735756e-22)
(0.9534503077 -0.005024351331 4.651746725e-22)
(0.9484111299 -0.0049404124 -5.028745594e-22)
(0.9441394934 -0.004777401873 -4.751680724e-22)
(0.941519628 -0.004511311995 1.247460329e-22)
(0.9417736165 -0.004123307107 8.594923041e-22)
(0.9463674585 -0.00361564084 8.904855148e-23)
(0.9566124404 -0.003031278716 -6.732555621e-22)
(0.9728160453 -0.002479823026 4.593626082e-22)
(0.9930329949 -0.002139614748 -7.223628223e-23)
(1.012411465 -0.002148314316 1.237142723e-21)
(1.025464683 -0.002457862498 2.129579345e-22)
(1.030462577 -0.002787327508 -1.399307811e-21)
(1.029928051 -0.00291629661 2.057776787e-22)
(1.027113809 -0.002810135157 3.134872462e-22)
(1.023888481 -0.002510718582 -8.121107651e-22)
(1.020965703 -0.00209503219 -4.209939217e-22)
(1.018498488 -0.001509767499 1.162564223e-22)
(1.016169487 -0.0009003534023 -3.591830642e-22)
(1.011854725 -0.0001912030339 -4.864510362e-22)
);
    }
    topAndBottom
    {
        type            fixedValue;
        value           uniform ( 1 0 0 );
    }
    frontAndBack
    {
        type            empty;
    }
}


// ************************************************************************* //
